peak_utc,peak_counts,class_like
2024-05-15 00:01:09,27.9,B/A
2024-05-15 00:03:31,30.3,B/A
2024-05-15 00:06:43,30.0,B/A
2024-05-15 00:10:03,28.1,B/A
2024-05-15 00:12:37,28.0,B/A
2024-05-15 00:15:33,29.5,B/A
2024-05-15 00:17:39,31.1,B/A
2024-05-15 00:20:33,30.0,B/A
2024-05-15 00:22:56,28.4,B/A
2024-05-15 00:25:27,28.8,B/A
2024-05-15 00:27:28,29.8,B/A
2024-05-15 00:29:51,28.1,B/A
2024-05-15 00:32:28,27.0,B/A
2024-05-15 00:35:23,28.9,B/A
2024-05-15 00:39:35,28.8,B/A
2024-05-15 00:41:41,28.1,B/A
2024-05-15 00:43:50,30.1,B/A
2024-05-15 00:47:25,29.9,B/A
2024-05-15 00:50:14,29.6,B/A
2024-05-15 00:52:34,28.6,B/A
2024-05-15 00:54:40,29.0,B/A
2024-05-15 00:58:48,27.6,B/A
2024-05-15 01:02:35,31.2,B/A
2024-05-15 01:04:43,28.0,B/A
2024-05-15 01:07:04,29.4,B/A
2024-05-15 01:10:24,28.6,B/A
2024-05-15 01:12:25,30.2,B/A
2024-05-15 01:14:50,28.9,B/A
2024-05-15 01:17:01,27.5,B/A
2024-05-15 01:19:11,29.5,B/A
2024-05-15 01:21:25,29.3,B/A
2024-05-15 01:23:36,29.6,B/A
2024-05-15 01:26:53,29.6,B/A
2024-05-15 01:28:55,30.7,B/A
2024-05-15 01:31:38,29.5,B/A
2024-05-15 01:33:54,28.8,B/A
2024-05-15 01:37:24,30.0,B/A
2024-05-15 01:40:21,29.1,B/A
2024-05-15 01:42:26,31.3,B/A
2024-05-15 01:44:39,27.4,B/A
2024-05-15 01:46:54,31.6,B/A
2024-05-15 01:49:00,29.4,B/A
2024-05-15 01:51:19,29.3,B/A
2024-05-15 01:53:20,30.4,B/A
2024-05-15 01:55:33,30.6,B/A
2024-05-15 01:57:50,31.0,B/A
2024-05-15 01:59:53,35.1,B/A
2024-05-15 02:01:59,34.3,B/A
2024-05-15 02:06:26,29.3,B/A
2024-05-15 02:08:35,28.2,B/A
2024-05-15 02:11:39,31.4,B/A
2024-05-15 02:14:01,29.7,B/A
2024-05-15 02:16:53,29.4,B/A
2024-05-15 02:19:13,28.7,B/A
2024-05-15 02:21:17,28.5,B/A
2024-05-15 02:23:25,28.3,B/A
2024-05-15 02:26:23,28.0,B/A
2024-05-15 02:28:34,28.0,B/A
2024-05-15 02:30:50,30.5,B/A
2024-05-15 02:33:06,27.6,B/A
2024-05-15 02:35:24,29.6,B/A
2024-05-15 02:37:39,30.1,B/A
2024-05-15 02:40:12,28.1,B/A
2024-05-15 02:43:36,28.7,B/A
2024-05-15 02:46:46,29.0,B/A
2024-05-15 02:50:02,29.8,B/A
2024-05-15 02:52:18,29.8,B/A
2024-05-15 02:54:28,33.8,B/A
2024-05-15 02:58:05,30.3,B/A
2024-05-15 03:00:34,28.6,B/A
2024-05-15 03:02:42,30.5,B/A
2024-05-15 03:05:09,29.0,B/A
2024-05-15 03:07:11,30.7,B/A
2024-05-15 03:09:57,31.0,B/A
2024-05-15 03:12:02,27.1,B/A
2024-05-15 03:14:19,30.8,B/A
2024-05-15 03:16:22,29.7,B/A
2024-05-15 03:21:34,29.2,B/A
2024-05-15 03:23:52,27.4,B/A
2024-05-15 03:26:19,28.9,B/A
2024-05-15 03:28:44,29.9,B/A
2024-05-15 03:31:28,28.2,B/A
2024-05-15 03:33:53,28.7,B/A
2024-05-15 03:35:55,30.7,B/A
2024-05-15 03:38:01,27.8,B/A
2024-05-15 03:40:52,30.5,B/A
2024-05-15 03:44:00,28.2,B/A
2024-05-15 03:47:19,29.2,B/A
2024-05-15 03:50:28,28.0,B/A
2024-05-15 03:52:35,30.8,B/A
2024-05-15 03:54:51,29.6,B/A
2024-05-15 03:59:03,28.2,B/A
2024-05-15 04:01:15,30.0,B/A
2024-05-15 04:03:27,27.9,B/A
2024-05-15 04:05:35,28.3,B/A
2024-05-15 04:07:41,31.8,B/A
2024-05-15 04:10:06,29.2,B/A
2024-05-15 04:12:22,29.8,B/A
2024-05-15 04:14:26,27.3,B/A
2024-05-15 04:16:52,28.0,B/A
2024-05-15 04:19:34,27.2,B/A
2024-05-15 04:22:43,28.3,B/A
2024-05-15 04:24:56,29.0,B/A
2024-05-15 04:27:12,26.6,B/A
2024-05-15 04:30:17,28.2,B/A
2024-05-15 04:32:19,29.8,B/A
2024-05-15 04:35:01,30.1,B/A
2024-05-15 04:37:59,30.6,B/A
2024-05-15 04:40:54,27.4,B/A
2024-05-15 04:43:42,27.9,B/A
2024-05-15 04:45:44,30.7,B/A
2024-05-15 04:47:55,27.3,B/A
2024-05-15 04:51:23,30.2,B/A
2024-05-15 04:54:53,28.7,B/A
2024-05-15 04:57:32,30.2,B/A
2024-05-15 04:59:43,29.4,B/A
2024-05-15 05:04:36,28.3,B/A
2024-05-15 05:06:48,30.8,B/A
2024-05-15 05:09:05,27.3,B/A
2024-05-15 05:11:14,29.8,B/A
2024-05-15 05:13:38,27.9,B/A
2024-05-15 05:16:11,28.9,B/A
2024-05-15 05:18:21,29.9,B/A
2024-05-15 05:20:42,28.6,B/A
2024-05-15 05:22:56,28.9,B/A
2024-05-15 05:26:30,29.5,B/A
2024-05-15 05:28:41,30.8,B/A
2024-05-15 05:30:43,29.2,B/A
2024-05-15 05:33:12,28.5,B/A
2024-05-15 05:35:38,27.0,B/A
2024-05-15 05:37:58,29.4,B/A
2024-05-15 05:40:29,27.9,B/A
2024-05-15 05:43:27,29.4,B/A
2024-05-15 05:46:24,29.0,B/A
2024-05-15 05:49:54,33.7,B/A
2024-05-15 05:52:08,30.2,B/A
2024-05-15 05:54:10,30.1,B/A
2024-05-15 05:56:23,28.8,B/A
2024-05-15 05:58:29,28.4,B/A
2024-05-15 06:00:33,36.3,B/A
2024-05-15 06:02:49,30.9,B/A
2024-05-15 06:06:00,30.5,B/A
2024-05-15 06:09:46,31.0,B/A
2024-05-15 06:11:51,31.8,B/A
2024-05-15 06:14:27,27.6,B/A
2024-05-15 06:17:30,28.0,B/A
2024-05-15 06:20:58,28.3,B/A
2024-05-15 06:23:53,28.0,B/A
2024-05-15 06:26:00,27.6,B/A
2024-05-15 06:28:35,29.8,B/A
2024-05-15 06:31:02,28.2,B/A
2024-05-15 06:33:16,27.8,B/A
2024-05-15 06:35:47,30.1,B/A
2024-05-15 06:38:00,31.5,B/A
2024-05-15 06:40:43,29.3,B/A
2024-05-15 06:42:47,28.9,B/A
2024-05-15 06:44:48,29.3,B/A
2024-05-15 06:46:52,32.0,B/A
2024-05-15 06:48:58,29.2,B/A
2024-05-15 06:51:31,28.6,B/A
2024-05-15 06:53:41,30.0,B/A
2024-05-15 06:55:58,27.3,B/A
2024-05-15 06:58:01,27.6,B/A
2024-05-15 07:00:30,28.1,B/A
2024-05-15 07:02:56,28.0,B/A
2024-05-15 07:05:07,26.9,B/A
2024-05-15 07:07:08,32.7,B/A
2024-05-15 07:09:35,29.7,B/A
2024-05-15 07:11:58,28.9,B/A
2024-05-15 07:14:19,29.4,B/A
2024-05-15 07:16:52,28.5,B/A
2024-05-15 07:18:55,28.5,B/A
2024-05-15 07:21:06,28.3,B/A
2024-05-15 07:23:23,30.5,B/A
2024-05-15 07:25:50,30.9,B/A
2024-05-15 07:29:14,30.1,B/A
2024-05-15 07:31:23,29.8,B/A
2024-05-15 07:33:57,28.4,B/A
2024-05-15 07:36:19,27.1,B/A
2024-05-15 07:40:22,31.9,B/A
2024-05-15 07:43:05,28.3,B/A
2024-05-15 07:46:13,31.3,B/A
2024-05-15 07:48:32,28.2,B/A
2024-05-15 07:51:05,29.9,B/A
2024-05-15 07:53:50,28.5,B/A
2024-05-15 07:55:59,439.9,B/A
2024-05-15 08:03:28,40.9,B/A
2024-05-15 08:05:44,35.6,B/A
2024-05-15 08:08:20,34.2,B/A
2024-05-15 08:14:05,27.9,B/A
2024-05-15 08:16:47,30.5,B/A
2024-05-15 08:20:09,29.1,B/A
2024-05-15 08:22:18,28.6,B/A
2024-05-15 08:24:22,29.9,B/A
2024-05-15 08:26:32,30.7,B/A
2024-05-15 08:28:51,27.4,B/A
2024-05-15 08:31:12,28.1,B/A
2024-05-15 08:33:59,26.8,B/A
2024-05-15 08:36:09,30.9,B/A
2024-05-15 08:38:24,30.4,B/A
2024-05-15 08:40:56,28.7,B/A
2024-05-15 08:43:33,27.5,B/A
2024-05-15 08:45:51,28.3,B/A
2024-05-15 08:49:19,29.5,B/A
2024-05-15 08:51:30,31.3,B/A
2024-05-15 08:53:36,29.3,B/A
2024-05-15 08:55:48,31.3,B/A
2024-05-15 08:58:55,31.3,B/A
2024-05-15 09:02:06,28.8,B/A
2024-05-15 09:04:15,30.5,B/A
2024-05-15 09:06:16,28.7,B/A
2024-05-15 09:08:34,29.9,B/A
2024-05-15 09:10:35,28.1,B/A
2024-05-15 09:13:05,28.8,B/A
2024-05-15 09:15:23,29.1,B/A
2024-05-15 09:17:30,29.4,B/A
2024-05-15 09:19:33,28.0,B/A
2024-05-15 09:22:07,29.7,B/A
2024-05-15 09:24:27,28.0,B/A
2024-05-15 09:27:38,30.7,B/A
2024-05-15 09:30:16,27.8,B/A
2024-05-15 09:32:19,29.6,B/A
2024-05-15 09:34:23,30.7,B/A
2024-05-15 09:37:01,27.0,B/A
2024-05-15 09:39:05,30.9,B/A
2024-05-15 09:43:09,28.1,B/A
2024-05-15 09:45:20,27.7,B/A
2024-05-15 09:48:09,33.7,B/A
2024-05-15 09:50:11,33.3,B/A
2024-05-15 09:52:56,28.4,B/A
2024-05-15 09:55:35,28.3,B/A
2024-05-15 09:57:57,28.3,B/A
2024-05-15 10:00:52,28.2,B/A
2024-05-15 10:02:53,32.4,B/A
2024-05-15 10:05:12,31.6,B/A
2024-05-15 10:07:16,31.6,B/A
2024-05-15 10:09:54,29.5,B/A
2024-05-15 10:14:04,28.9,B/A
2024-05-15 10:16:28,28.5,B/A
2024-05-15 10:19:07,29.9,B/A
2024-05-15 10:21:13,29.4,B/A
2024-05-15 10:23:15,29.4,B/A
2024-05-15 10:25:46,28.7,B/A
2024-05-15 10:29:16,29.1,B/A
2024-05-15 10:31:46,29.6,B/A
2024-05-15 10:33:51,30.1,B/A
2024-05-15 10:35:59,30.6,B/A
2024-05-15 10:38:43,29.3,B/A
2024-05-15 10:40:46,28.6,B/A
2024-05-15 10:43:11,32.8,B/A
2024-05-15 10:45:24,27.7,B/A
2024-05-15 10:47:56,29.8,B/A
2024-05-15 10:51:27,30.5,B/A
2024-05-15 10:53:28,28.7,B/A
2024-05-15 10:55:38,30.0,B/A
2024-05-15 10:57:44,29.4,B/A
2024-05-15 11:00:01,29.0,B/A
2024-05-15 11:03:10,29.5,B/A
2024-05-15 11:05:23,28.4,B/A
2024-05-15 11:08:59,28.7,B/A
2024-05-15 11:12:38,29.3,B/A
2024-05-15 11:16:32,32.8,B/A
2024-05-15 11:19:08,28.2,B/A
2024-05-15 11:24:08,29.3,B/A
2024-05-15 11:26:37,27.2,B/A
2024-05-15 11:29:22,29.6,B/A
2024-05-15 11:33:27,28.6,B/A
2024-05-15 11:35:45,28.7,B/A
2024-05-15 11:39:22,28.5,B/A
2024-05-15 11:41:35,28.3,B/A
2024-05-15 11:43:39,30.1,B/A
2024-05-15 11:45:56,28.5,B/A
2024-05-15 11:48:08,31.1,B/A
2024-05-15 11:50:37,30.0,B/A
2024-05-15 11:55:28,28.1,B/A
2024-05-15 11:57:45,28.5,B/A
2024-05-15 12:00:20,32.4,B/A
2024-05-15 12:02:22,30.4,B/A
2024-05-15 12:04:41,29.4,B/A
2024-05-15 12:07:19,29.8,B/A
2024-05-15 12:10:00,28.8,B/A
2024-05-15 12:12:07,30.1,B/A
2024-05-15 12:14:10,27.8,B/A
2024-05-15 12:16:29,28.3,B/A
2024-05-15 12:18:30,31.5,B/A
2024-05-15 12:20:44,28.5,B/A
2024-05-15 12:23:39,27.9,B/A
2024-05-15 12:25:56,29.4,B/A
2024-05-15 12:28:09,26.9,B/A
2024-05-15 12:30:16,32.7,B/A
2024-05-15 12:33:00,28.9,B/A
2024-05-15 12:35:20,28.2,B/A
2024-05-15 12:37:35,28.4,B/A
2024-05-15 12:40:04,28.6,B/A
2024-05-15 12:42:28,29.8,B/A
2024-05-15 12:44:49,29.0,B/A
2024-05-15 12:46:51,31.3,B/A
2024-05-15 12:49:52,29.0,B/A
2024-05-15 12:52:48,30.1,B/A
2024-05-15 12:55:11,30.6,B/A
2024-05-15 12:57:23,30.9,B/A
2024-05-15 12:59:59,29.8,B/A
2024-05-15 13:02:59,30.1,B/A
2024-05-15 13:07:48,29.0,B/A
2024-05-15 13:10:55,29.5,B/A
2024-05-15 13:13:32,27.9,B/A
2024-05-15 13:15:56,28.3,B/A
2024-05-15 13:19:03,27.8,B/A
2024-05-15 13:21:28,27.3,B/A
2024-05-15 13:23:38,27.4,B/A
2024-05-15 13:25:52,31.7,B/A
2024-05-15 13:28:06,29.6,B/A
2024-05-15 13:30:51,30.9,B/A
2024-05-15 13:33:58,28.0,B/A
2024-05-15 13:36:45,30.5,B/A
2024-05-15 13:38:54,27.9,B/A
2024-05-15 13:42:41,27.7,B/A
2024-05-15 13:44:51,32.7,B/A
2024-05-15 13:47:48,27.9,B/A
2024-05-15 13:49:50,29.3,B/A
2024-05-15 13:51:52,27.5,B/A
2024-05-15 13:54:13,29.0,B/A
2024-05-15 13:56:41,28.8,B/A
2024-05-15 13:58:46,28.5,B/A
2024-05-15 14:00:58,30.2,B/A
2024-05-15 14:03:54,28.0,B/A
2024-05-15 14:07:28,30.9,B/A
2024-05-15 14:09:47,28.4,B/A
2024-05-15 14:11:56,28.3,B/A
2024-05-15 14:15:22,31.2,B/A
2024-05-15 14:17:37,30.7,B/A
2024-05-15 14:19:47,30.1,B/A
2024-05-15 14:23:13,29.1,B/A
2024-05-15 14:26:00,28.3,B/A
2024-05-15 14:29:27,27.9,B/A
2024-05-15 14:32:39,29.3,B/A
2024-05-15 14:36:15,31.4,B/A
2024-05-15 14:38:25,28.2,B/A
2024-05-15 14:40:57,30.2,B/A
2024-05-15 14:42:58,29.4,B/A
2024-05-15 14:44:59,30.6,B/A
2024-05-15 14:47:36,28.7,B/A
2024-05-15 14:50:14,28.7,B/A
2024-05-15 14:52:21,29.1,B/A
2024-05-15 14:55:39,28.9,B/A
2024-05-15 14:57:46,27.7,B/A
2024-05-15 14:59:48,29.3,B/A
2024-05-15 15:02:51,29.2,B/A
2024-05-15 15:05:27,29.1,B/A
2024-05-15 15:08:06,28.2,B/A
2024-05-15 15:10:32,31.1,B/A
2024-05-15 15:13:01,28.5,B/A
2024-05-15 15:15:12,29.2,B/A
2024-05-15 15:17:36,28.2,B/A
2024-05-15 15:19:39,29.3,B/A
2024-05-15 15:21:45,29.4,B/A
2024-05-15 15:24:31,29.1,B/A
2024-05-15 15:26:58,29.9,B/A
2024-05-15 15:29:03,28.0,B/A
2024-05-15 15:31:11,29.5,B/A
2024-05-15 15:33:23,30.0,B/A
2024-05-15 15:35:27,29.7,B/A
2024-05-15 15:37:34,29.5,B/A
2024-05-15 15:39:35,28.2,B/A
2024-05-15 15:42:55,30.1,B/A
2024-05-15 15:45:18,29.7,B/A
2024-05-15 15:47:21,29.1,B/A
2024-05-15 15:49:51,28.5,B/A
2024-05-15 15:51:55,32.8,B/A
2024-05-15 15:58:46,28.1,B/A
2024-05-15 16:01:16,29.1,B/A
2024-05-15 16:04:04,29.4,B/A
2024-05-15 16:06:56,30.4,B/A
2024-05-15 16:09:20,30.3,B/A
2024-05-15 16:11:36,27.5,B/A
2024-05-15 16:13:56,29.6,B/A
2024-05-15 16:16:03,32.0,B/A
2024-05-15 16:18:46,34.3,B/A
2024-05-15 16:21:17,30.3,B/A
2024-05-15 16:23:53,27.6,B/A
2024-05-15 16:25:57,27.3,B/A
2024-05-15 16:28:27,29.4,B/A
2024-05-15 16:32:00,28.2,B/A
2024-05-15 16:34:18,28.5,B/A
2024-05-15 16:36:55,29.8,B/A
2024-05-15 16:39:05,28.1,B/A
2024-05-15 16:41:44,27.9,B/A
2024-05-15 16:43:52,30.2,B/A
2024-05-15 16:46:23,28.6,B/A
2024-05-15 16:48:50,29.0,B/A
2024-05-15 16:52:17,27.5,B/A
2024-05-15 16:54:23,865.9,B/A
2024-05-15 16:57:12,865.9,B/A
2024-05-15 17:04:41,57.0,B/A
2024-05-15 17:09:31,39.7,B/A
2024-05-15 17:11:38,36.1,B/A
2024-05-15 17:13:48,34.1,B/A
2024-05-15 17:16:19,32.5,B/A
2024-05-15 17:19:13,30.3,B/A
2024-05-15 17:22:13,28.9,B/A
2024-05-15 17:25:41,28.3,B/A
2024-05-15 17:29:15,27.5,B/A
2024-05-15 17:31:17,27.9,B/A
2024-05-15 17:34:14,28.0,B/A
2024-05-15 17:36:46,29.4,B/A
2024-05-15 17:39:25,29.7,B/A
2024-05-15 17:41:37,32.0,B/A
2024-05-15 17:43:40,30.1,B/A
2024-05-15 17:48:41,27.8,B/A
2024-05-15 17:50:53,29.0,B/A
2024-05-15 17:53:05,27.9,B/A
2024-05-15 17:56:22,29.7,B/A
2024-05-15 17:58:35,28.3,B/A
2024-05-15 18:00:46,33.0,B/A
2024-05-15 18:03:51,30.5,B/A
2024-05-15 18:06:25,28.2,B/A
2024-05-15 18:10:14,31.1,B/A
2024-05-15 18:13:09,30.6,B/A
2024-05-15 18:15:44,29.0,B/A
2024-05-15 18:17:58,27.2,B/A
2024-05-15 18:21:48,28.4,B/A
2024-05-15 18:25:44,29.0,B/A
2024-05-15 18:27:56,28.9,B/A
2024-05-15 18:29:57,30.3,B/A
2024-05-15 18:32:09,29.8,B/A
2024-05-15 18:34:25,29.9,B/A
2024-05-15 18:37:07,29.5,B/A
2024-05-15 18:39:22,27.9,B/A
2024-05-15 18:41:52,31.2,B/A
2024-05-15 18:44:03,30.9,B/A
2024-05-15 18:46:25,27.2,B/A
2024-05-15 18:48:48,30.6,B/A
2024-05-15 18:50:52,30.1,B/A
2024-05-15 18:53:11,30.2,B/A
2024-05-15 18:55:39,31.5,B/A
2024-05-15 18:57:47,31.4,B/A
2024-05-15 19:00:10,29.9,B/A
2024-05-15 19:02:56,30.5,B/A
2024-05-15 19:05:48,27.9,B/A
2024-05-15 19:07:52,29.8,B/A
2024-05-15 19:12:19,29.2,B/A
2024-05-15 19:14:26,29.1,B/A
2024-05-15 19:17:00,28.7,B/A
2024-05-15 19:19:32,29.8,B/A
2024-05-15 19:21:49,29.5,B/A
2024-05-15 19:24:38,28.4,B/A
2024-05-15 19:26:41,29.8,B/A
2024-05-15 19:29:09,29.3,B/A
2024-05-15 19:33:02,30.5,B/A
2024-05-15 19:35:05,29.8,B/A
2024-05-15 19:37:20,29.4,B/A
2024-05-15 19:41:21,28.5,B/A
2024-05-15 19:43:53,31.6,B/A
2024-05-15 19:46:31,30.4,B/A
2024-05-15 19:48:36,27.5,B/A
2024-05-15 19:50:51,28.1,B/A
2024-05-15 19:52:55,28.4,B/A
2024-05-15 19:56:07,29.9,B/A
2024-05-15 19:58:08,28.9,B/A
2024-05-15 20:00:48,32.9,B/A
2024-05-15 20:03:29,30.3,B/A
2024-05-15 20:05:38,27.4,B/A
2024-05-15 20:08:23,28.8,B/A
2024-05-15 20:10:32,30.3,B/A
2024-05-15 20:13:08,31.4,B/A
2024-05-15 20:15:21,32.4,B/A
2024-05-15 20:18:32,29.9,B/A
2024-05-15 20:21:58,28.9,B/A
2024-05-15 20:24:38,31.0,B/A
2024-05-15 20:27:00,29.0,B/A
2024-05-15 20:29:55,28.2,B/A
2024-05-15 20:32:03,29.4,B/A
2024-05-15 20:35:00,27.6,B/A
2024-05-15 20:37:25,30.4,B/A
2024-05-15 20:39:28,28.1,B/A
2024-05-15 20:41:34,30.7,B/A
2024-05-15 20:44:28,29.8,B/A
2024-05-15 20:47:04,30.5,B/A
2024-05-15 20:49:41,27.4,B/A
2024-05-15 20:52:10,27.9,B/A
2024-05-15 20:54:20,33.8,B/A
2024-05-15 20:56:55,27.6,B/A
2024-05-15 20:59:55,28.8,B/A
2024-05-15 21:02:01,28.5,B/A
2024-05-15 21:04:11,26.6,B/A
2024-05-15 21:06:55,28.5,B/A
2024-05-15 21:09:50,29.5,B/A
2024-05-15 21:12:38,29.8,B/A
2024-05-15 21:15:23,31.3,B/A
2024-05-15 21:17:52,31.4,B/A
2024-05-15 21:19:57,28.8,B/A
2024-05-15 21:22:00,28.7,B/A
2024-05-15 21:24:15,29.0,B/A
2024-05-15 21:28:13,27.2,B/A
2024-05-15 21:30:52,29.2,B/A
2024-05-15 21:34:23,30.7,B/A
2024-05-15 21:36:42,30.8,B/A
2024-05-15 21:39:00,29.3,B/A
2024-05-15 21:41:18,28.4,B/A
2024-05-15 21:43:32,31.8,B/A
2024-05-15 21:46:16,28.8,B/A
2024-05-15 21:48:17,29.3,B/A
2024-05-15 21:51:37,29.5,B/A
2024-05-15 21:53:53,27.8,B/A
2024-05-15 21:57:10,27.5,B/A
2024-05-15 21:59:50,30.1,B/A
2024-05-15 22:04:46,29.8,B/A
2024-05-15 22:08:12,28.1,B/A
2024-05-15 22:10:40,27.6,B/A
2024-05-15 22:13:38,28.5,B/A
2024-05-15 22:15:47,33.4,B/A
2024-05-15 22:18:02,31.2,B/A
2024-05-15 22:22:00,27.1,B/A
2024-05-15 22:24:50,30.1,B/A
2024-05-15 22:27:15,31.0,B/A
2024-05-15 22:29:28,28.4,B/A
2024-05-15 22:32:39,30.3,B/A
2024-05-15 22:35:23,28.4,B/A
2024-05-15 22:37:45,31.9,B/A
2024-05-15 22:40:42,27.6,B/A
2024-05-15 22:42:44,28.3,B/A
2024-05-15 22:44:55,28.3,B/A
2024-05-15 22:47:11,28.0,B/A
2024-05-15 22:50:24,26.9,B/A
2024-05-15 22:52:43,28.8,B/A
2024-05-15 22:56:00,30.0,B/A
2024-05-15 22:59:12,31.0,B/A
2024-05-15 23:02:01,29.5,B/A
2024-05-15 23:04:10,28.9,B/A
2024-05-15 23:06:55,29.2,B/A
2024-05-15 23:09:33,31.0,B/A
2024-05-15 23:11:59,27.7,B/A
2024-05-15 23:14:39,27.8,B/A
2024-05-15 23:17:22,29.7,B/A
2024-05-15 23:19:58,31.0,B/A
2024-05-15 23:22:50,29.2,B/A
2024-05-15 23:24:58,28.5,B/A
2024-05-15 23:27:39,27.8,B/A
2024-05-15 23:30:18,31.5,B/A
2024-05-15 23:32:55,33.2,B/A
2024-05-15 23:35:10,28.8,B/A
2024-05-15 23:38:55,30.4,B/A
2024-05-15 23:41:12,31.4,B/A
2024-05-15 23:44:08,30.2,B/A
2024-05-15 23:46:28,29.7,B/A
2024-05-15 23:48:52,29.4,B/A
2024-05-15 23:52:20,27.6,B/A
2024-05-15 23:55:07,29.1,B/A
2024-05-15 23:57:30,28.9,B/A
2024-05-16 00:00:30,28.4,B/A
2024-05-16 00:02:38,30.4,B/A
2024-05-16 00:05:38,27.3,B/A
2024-05-16 00:08:17,29.0,B/A
2024-05-16 00:10:59,29.3,B/A
2024-05-16 00:13:22,33.5,B/A
2024-05-16 00:15:50,28.4,B/A
2024-05-16 00:19:14,29.7,B/A
2024-05-16 00:21:25,28.8,B/A
2024-05-16 00:23:28,30.9,B/A
2024-05-16 00:26:11,28.4,B/A
2024-05-16 00:28:25,28.7,B/A
2024-05-16 00:31:03,30.0,B/A
2024-05-16 00:33:37,30.6,B/A
2024-05-16 00:36:12,29.1,B/A
2024-05-16 00:39:58,28.7,B/A
2024-05-16 00:42:09,27.7,B/A
2024-05-16 00:46:32,27.5,B/A
2024-05-16 00:48:58,30.9,B/A
2024-05-16 00:51:07,28.3,B/A
2024-05-16 00:53:39,33.3,B/A
2024-05-16 00:55:58,31.2,B/A
2024-05-16 00:58:46,28.0,B/A
2024-05-16 01:01:17,30.7,B/A
2024-05-16 01:03:53,28.0,B/A
2024-05-16 01:06:12,28.1,B/A
2024-05-16 01:08:15,28.2,B/A
2024-05-16 01:10:20,29.0,B/A
2024-05-16 01:12:47,29.2,B/A
2024-05-16 01:14:51,31.0,B/A
2024-05-16 01:17:16,29.9,B/A
2024-05-16 01:20:00,33.9,B/A
2024-05-16 01:22:05,29.1,B/A
2024-05-16 01:24:53,28.9,B/A
2024-05-16 01:26:58,28.5,B/A
2024-05-16 01:29:28,30.1,B/A
2024-05-16 01:31:32,30.1,B/A
2024-05-16 01:35:29,28.4,B/A
2024-05-16 01:37:41,28.1,B/A
2024-05-16 01:39:50,27.5,B/A
2024-05-16 01:41:59,30.0,B/A
2024-05-16 01:44:13,31.0,B/A
2024-05-16 01:48:13,28.5,B/A
2024-05-16 01:51:00,28.5,B/A
2024-05-16 01:53:08,29.2,B/A
2024-05-16 01:55:59,27.5,B/A
2024-05-16 01:58:30,31.9,B/A
2024-05-16 02:00:43,28.7,B/A
2024-05-16 02:02:48,30.7,B/A
2024-05-16 02:04:49,27.8,B/A
2024-05-16 02:07:16,29.8,B/A
2024-05-16 02:09:34,28.7,B/A
2024-05-16 02:12:29,29.0,B/A
2024-05-16 02:14:43,29.7,B/A
2024-05-16 02:16:48,28.3,B/A
2024-05-16 02:20:52,30.9,B/A
2024-05-16 02:23:31,27.8,B/A
2024-05-16 02:25:36,31.4,B/A
2024-05-16 02:27:52,32.0,B/A
2024-05-16 02:29:58,28.9,B/A
2024-05-16 02:32:16,33.0,B/A
2024-05-16 02:34:22,29.3,B/A
2024-05-16 02:37:40,33.8,B/A
2024-05-16 02:39:46,31.6,B/A
2024-05-16 02:42:33,27.6,B/A
2024-05-16 02:44:52,28.1,B/A
2024-05-16 02:47:03,30.5,B/A
2024-05-16 02:49:35,27.6,B/A
2024-05-16 02:51:40,28.2,B/A
2024-05-16 02:54:34,29.3,B/A
2024-05-16 02:57:45,31.6,B/A
2024-05-16 03:00:03,37.3,B/A
2024-05-16 03:02:10,31.8,B/A
2024-05-16 03:07:03,29.7,B/A
2024-05-16 03:10:09,27.6,B/A
2024-05-16 03:12:16,28.1,B/A
2024-05-16 03:14:43,30.1,B/A
2024-05-16 03:17:06,27.0,B/A
2024-05-16 03:19:27,28.6,B/A
2024-05-16 03:21:34,27.5,B/A
2024-05-16 03:24:23,30.5,B/A
2024-05-16 03:26:29,28.0,B/A
2024-05-16 03:28:56,28.0,B/A
2024-05-16 03:31:20,30.5,B/A
2024-05-16 03:33:49,28.2,B/A
2024-05-16 03:35:58,29.5,B/A
2024-05-16 03:38:22,28.9,B/A
2024-05-16 03:40:36,28.7,B/A
2024-05-16 03:43:35,29.1,B/A
2024-05-16 03:46:55,28.5,B/A
2024-05-16 03:49:31,27.3,B/A
2024-05-16 03:52:08,28.5,B/A
2024-05-16 03:54:25,30.2,B/A
2024-05-16 03:56:34,28.2,B/A
2024-05-16 03:58:42,31.2,B/A
2024-05-16 04:00:47,28.0,B/A
2024-05-16 04:04:25,31.0,B/A
2024-05-16 04:06:39,30.1,B/A
2024-05-16 04:09:58,30.8,B/A
2024-05-16 04:12:04,27.7,B/A
2024-05-16 04:14:43,27.8,B/A
2024-05-16 04:17:52,28.5,B/A
2024-05-16 04:20:00,30.0,B/A
2024-05-16 04:22:02,28.9,B/A
2024-05-16 04:24:04,30.4,B/A
2024-05-16 04:26:22,28.9,B/A
2024-05-16 04:30:19,28.7,B/A
2024-05-16 04:33:22,27.6,B/A
2024-05-16 04:35:59,28.8,B/A
2024-05-16 04:38:00,29.0,B/A
2024-05-16 04:41:13,28.4,B/A
2024-05-16 04:43:34,28.7,B/A
2024-05-16 04:45:48,32.0,B/A
2024-05-16 04:48:06,32.2,B/A
2024-05-16 04:50:45,29.0,B/A
2024-05-16 04:55:43,28.6,B/A
2024-05-16 04:58:09,31.8,B/A
2024-05-16 05:00:30,30.1,B/A
2024-05-16 05:03:31,27.0,B/A
2024-05-16 05:05:59,28.8,B/A
2024-05-16 05:08:36,30.6,B/A
2024-05-16 05:11:03,27.4,B/A
2024-05-16 05:13:16,28.2,B/A
2024-05-16 05:15:36,28.3,B/A
2024-05-16 05:18:45,28.8,B/A
2024-05-16 05:21:16,28.6,B/A
2024-05-16 05:23:17,28.7,B/A
2024-05-16 05:26:24,30.9,B/A
2024-05-16 05:29:07,30.2,B/A
2024-05-16 05:31:46,27.7,B/A
2024-05-16 05:33:56,27.7,B/A
2024-05-16 05:36:27,27.7,B/A
2024-05-16 05:38:39,29.9,B/A
2024-05-16 05:40:57,28.4,B/A
2024-05-16 05:44:04,32.6,B/A
2024-05-16 05:46:59,29.3,B/A
2024-05-16 05:49:05,30.4,B/A
2024-05-16 05:52:04,29.8,B/A
2024-05-16 05:54:52,27.4,B/A
2024-05-16 05:57:10,29.9,B/A
2024-05-16 05:59:39,29.1,B/A
2024-05-16 06:02:32,29.9,B/A
2024-05-16 06:05:11,27.9,B/A
2024-05-16 06:07:32,28.5,B/A
2024-05-16 06:09:56,31.0,B/A
2024-05-16 06:12:39,28.5,B/A
2024-05-16 06:14:43,31.4,B/A
2024-05-16 06:17:28,28.6,B/A
2024-05-16 06:19:37,28.0,B/A
2024-05-16 06:22:19,27.9,B/A
2024-05-16 06:25:01,27.9,B/A
2024-05-16 06:29:22,28.7,B/A
2024-05-16 06:31:24,27.1,B/A
2024-05-16 06:34:01,29.6,B/A
2024-05-16 06:37:09,30.5,B/A
2024-05-16 06:40:08,30.5,B/A
2024-05-16 06:43:02,27.6,B/A
2024-05-16 06:45:08,28.9,B/A
2024-05-16 06:48:30,32.6,B/A
2024-05-16 06:51:10,29.0,B/A
2024-05-16 06:53:23,28.6,B/A
2024-05-16 06:55:30,33.4,B/A
2024-05-16 06:57:48,29.8,B/A
2024-05-16 07:00:03,26.6,B/A
2024-05-16 07:02:17,28.3,B/A
2024-05-16 07:04:44,27.3,B/A
2024-05-16 07:07:49,30.9,B/A
2024-05-16 07:10:02,29.2,B/A
2024-05-16 07:12:27,31.4,B/A
2024-05-16 07:15:41,31.2,B/A
2024-05-16 07:18:49,28.6,B/A
2024-05-16 07:21:39,31.5,B/A
2024-05-16 07:24:39,31.6,B/A
2024-05-16 07:26:47,29.9,B/A
2024-05-16 07:29:56,30.6,B/A
2024-05-16 07:31:59,30.4,B/A
2024-05-16 07:34:20,29.0,B/A
2024-05-16 07:36:40,30.7,B/A
2024-05-16 07:39:06,26.7,B/A
2024-05-16 07:41:21,30.5,B/A
2024-05-16 07:44:11,30.3,B/A
2024-05-16 07:46:57,28.4,B/A
2024-05-16 07:50:05,28.1,B/A
2024-05-16 07:52:19,28.2,B/A
2024-05-16 07:55:46,30.7,B/A
2024-05-16 07:57:53,28.4,B/A
2024-05-16 08:00:01,30.7,B/A
2024-05-16 08:02:50,27.1,B/A
2024-05-16 08:05:21,29.6,B/A
2024-05-16 08:07:36,29.7,B/A
2024-05-16 08:10:58,28.8,B/A
2024-05-16 08:13:23,28.8,B/A
2024-05-16 08:15:45,27.7,B/A
2024-05-16 08:18:16,34.3,B/A
2024-05-16 08:20:46,29.6,B/A
2024-05-16 08:22:51,29.4,B/A
2024-05-16 08:24:53,28.0,B/A
2024-05-16 08:27:08,31.8,B/A
2024-05-16 08:31:05,27.9,B/A
2024-05-16 08:33:24,27.7,B/A
2024-05-16 08:36:29,31.6,B/A
2024-05-16 08:38:32,28.2,B/A
2024-05-16 08:41:23,29.1,B/A
2024-05-16 08:43:24,30.3,B/A
2024-05-16 08:45:31,30.0,B/A
2024-05-16 08:49:02,30.2,B/A
2024-05-16 08:51:20,27.4,B/A
2024-05-16 08:53:28,29.6,B/A
2024-05-16 08:56:09,30.9,B/A
2024-05-16 08:58:30,36.7,B/A
2024-05-16 09:01:30,49.4,B/A
2024-05-16 09:04:51,38.2,B/A
2024-05-16 09:07:49,32.1,B/A
2024-05-16 09:10:32,30.1,B/A
2024-05-16 09:14:35,28.7,B/A
2024-05-16 09:16:56,28.0,B/A
2024-05-16 09:19:29,28.0,B/A
2024-05-16 09:21:58,27.7,B/A
2024-05-16 09:24:28,29.4,B/A
2024-05-16 09:27:15,31.1,B/A
2024-05-16 09:29:48,29.8,B/A
2024-05-16 09:32:03,29.0,B/A
2024-05-16 09:34:17,29.7,B/A
2024-05-16 09:36:26,28.5,B/A
2024-05-16 09:38:27,28.4,B/A
2024-05-16 09:40:29,29.6,B/A
2024-05-16 09:43:36,29.5,B/A
2024-05-16 09:45:41,28.3,B/A
2024-05-16 09:48:26,31.8,B/A
2024-05-16 09:51:33,29.4,B/A
2024-05-16 09:54:06,27.2,B/A
2024-05-16 09:57:26,28.9,B/A
2024-05-16 10:00:30,27.1,B/A
2024-05-16 10:02:35,27.2,B/A
2024-05-16 10:05:29,31.5,B/A
2024-05-16 10:08:16,29.2,B/A
2024-05-16 10:10:24,30.2,B/A
2024-05-16 10:13:27,29.3,B/A
2024-05-16 10:16:30,32.8,B/A
2024-05-16 10:18:42,28.1,B/A
2024-05-16 10:21:35,28.4,B/A
2024-05-16 10:23:53,27.6,B/A
2024-05-16 10:26:21,29.1,B/A
2024-05-16 10:28:28,29.4,B/A
2024-05-16 10:30:57,29.1,B/A
2024-05-16 10:33:57,31.2,B/A
2024-05-16 10:36:28,30.1,B/A
2024-05-16 10:39:19,28.7,B/A
2024-05-16 10:41:40,32.2,B/A
2024-05-16 10:44:07,27.5,B/A
2024-05-16 10:46:17,28.7,B/A
2024-05-16 10:48:39,30.7,B/A
2024-05-16 10:51:05,30.8,B/A
2024-05-16 10:54:45,29.8,B/A
2024-05-16 10:56:55,31.9,B/A
2024-05-16 10:59:07,29.0,B/A
2024-05-16 11:02:03,29.1,B/A
2024-05-16 11:04:07,29.6,B/A
2024-05-16 11:07:16,29.4,B/A
2024-05-16 11:09:31,28.1,B/A
2024-05-16 11:11:45,30.7,B/A
2024-05-16 11:14:32,34.0,B/A
2024-05-16 11:16:36,30.9,B/A
2024-05-16 11:19:36,28.7,B/A
2024-05-16 11:22:27,29.6,B/A
2024-05-16 11:25:00,28.2,B/A
2024-05-16 11:27:13,29.2,B/A
2024-05-16 11:29:28,27.7,B/A
2024-05-16 11:32:04,30.8,B/A
2024-05-16 11:34:45,28.6,B/A
2024-05-16 11:37:16,28.4,B/A
2024-05-16 11:39:17,28.2,B/A
2024-05-16 11:42:17,30.2,B/A
2024-05-16 11:45:19,28.9,B/A
2024-05-16 11:47:49,29.5,B/A
2024-05-16 11:50:10,30.5,B/A
2024-05-16 11:53:04,27.7,B/A
2024-05-16 11:55:37,28.3,B/A
2024-05-16 11:58:30,34.1,B/A
2024-05-16 12:01:43,27.1,B/A
2024-05-16 12:04:40,30.3,B/A
2024-05-16 12:07:19,28.0,B/A
2024-05-16 12:09:35,31.4,B/A
2024-05-16 12:12:19,27.7,B/A
2024-05-16 12:15:02,28.0,B/A
2024-05-16 12:17:56,31.1,B/A
2024-05-16 12:20:53,31.8,B/A
2024-05-16 12:23:08,29.4,B/A
2024-05-16 12:25:26,31.3,B/A
2024-05-16 12:27:55,27.9,B/A
2024-05-16 12:29:59,29.9,B/A
2024-05-16 12:32:16,27.8,B/A
2024-05-16 12:34:24,30.1,B/A
2024-05-16 12:36:59,28.0,B/A
2024-05-16 12:39:40,29.1,B/A
2024-05-16 12:41:41,30.2,B/A
2024-05-16 12:43:49,29.7,B/A
2024-05-16 12:45:54,29.9,B/A
2024-05-16 12:48:56,28.8,B/A
2024-05-16 12:51:50,28.6,B/A
2024-05-16 12:54:09,29.5,B/A
2024-05-16 12:57:49,33.2,B/A
2024-05-16 13:00:35,28.2,B/A
2024-05-16 13:02:37,28.2,B/A
2024-05-16 13:04:50,29.1,B/A
2024-05-16 13:07:07,30.9,B/A
2024-05-16 13:09:37,29.7,B/A
2024-05-16 13:11:49,28.5,B/A
2024-05-16 13:13:57,31.1,B/A
2024-05-16 13:16:47,33.8,B/A
2024-05-16 13:19:27,28.6,B/A
2024-05-16 13:21:45,27.3,B/A
2024-05-16 13:23:52,29.6,B/A
2024-05-16 13:25:57,30.0,B/A
2024-05-16 13:28:54,31.1,B/A
2024-05-16 13:31:07,28.8,B/A
2024-05-16 13:33:16,32.3,B/A
2024-05-16 13:37:21,28.2,B/A
2024-05-16 13:40:04,30.4,B/A
2024-05-16 13:42:34,31.7,B/A
2024-05-16 13:45:12,29.7,B/A
2024-05-16 13:48:16,28.4,B/A
2024-05-16 13:50:50,28.7,B/A
2024-05-16 13:53:09,28.1,B/A
2024-05-16 13:55:10,29.2,B/A
2024-05-16 13:57:24,30.1,B/A
2024-05-16 14:00:08,28.8,B/A
2024-05-16 14:02:17,29.6,B/A
2024-05-16 14:04:39,30.6,B/A
2024-05-16 14:06:47,30.6,B/A
2024-05-16 14:09:58,30.1,B/A
2024-05-16 14:12:36,32.6,B/A
2024-05-16 14:15:16,30.8,B/A
2024-05-16 14:17:22,29.5,B/A
2024-05-16 14:20:17,31.4,B/A
2024-05-16 14:22:30,28.6,B/A
2024-05-16 14:25:27,28.0,B/A
2024-05-16 14:29:25,27.6,B/A
2024-05-16 14:32:28,30.4,B/A
2024-05-16 14:34:59,31.3,B/A
2024-05-16 14:37:08,28.5,B/A
2024-05-16 14:39:13,27.8,B/A
2024-05-16 14:42:12,28.2,B/A
2024-05-16 14:44:52,30.4,B/A
2024-05-16 14:46:57,28.1,B/A
2024-05-16 14:49:28,28.1,B/A
2024-05-16 14:54:08,27.3,B/A
2024-05-16 14:56:36,28.2,B/A
2024-05-16 15:00:13,28.5,B/A
2024-05-16 15:02:15,28.3,B/A
2024-05-16 15:04:22,30.0,B/A
2024-05-16 15:06:48,30.0,B/A
2024-05-16 15:09:16,28.5,B/A
2024-05-16 15:11:37,28.2,B/A
2024-05-16 15:14:06,28.0,B/A
2024-05-16 15:18:11,31.0,B/A
2024-05-16 15:22:18,31.7,B/A
2024-05-16 15:24:52,28.3,B/A
2024-05-16 15:27:10,28.3,B/A
2024-05-16 15:29:39,30.5,B/A
2024-05-16 15:31:51,29.3,B/A
2024-05-16 15:35:11,29.4,B/A
2024-05-16 15:37:19,30.5,B/A
2024-05-16 15:39:47,30.2,B/A
2024-05-16 15:42:55,31.1,B/A
2024-05-16 15:45:12,28.5,B/A
2024-05-16 15:47:32,29.0,B/A
2024-05-16 15:50:28,28.0,B/A
2024-05-16 15:52:31,29.5,B/A
2024-05-16 15:55:16,869.8,B/A
2024-05-16 15:57:24,29.6,B/A
2024-05-16 15:59:25,77.5,B/A
2024-05-16 16:05:15,55.0,B/A
2024-05-16 16:09:24,41.9,B/A
2024-05-16 16:12:12,33.7,B/A
2024-05-16 16:15:44,36.7,B/A
2024-05-16 16:19:29,30.2,B/A
2024-05-16 16:21:47,28.1,B/A
2024-05-16 16:24:29,27.7,B/A
2024-05-16 16:27:10,29.1,B/A
2024-05-16 16:29:22,29.0,B/A
2024-05-16 16:31:37,27.5,B/A
2024-05-16 16:33:51,29.8,B/A
2024-05-16 16:36:31,30.4,B/A
2024-05-16 16:38:45,30.7,B/A
2024-05-16 16:41:51,28.1,B/A
2024-05-16 16:44:32,29.6,B/A
2024-05-16 16:46:37,27.9,B/A
2024-05-16 16:48:59,27.6,B/A
2024-05-16 16:51:33,28.1,B/A
2024-05-16 16:53:38,30.8,B/A
2024-05-16 16:56:09,30.3,B/A
2024-05-16 16:59:10,29.2,B/A
2024-05-16 17:01:48,28.5,B/A
2024-05-16 17:04:00,29.0,B/A
2024-05-16 17:06:07,28.2,B/A
2024-05-16 17:08:18,29.1,B/A
2024-05-16 17:10:22,34.0,B/A
2024-05-16 17:12:56,31.2,B/A
2024-05-16 17:15:25,29.2,B/A
2024-05-16 17:17:45,28.1,B/A
2024-05-16 17:19:58,27.0,B/A
2024-05-16 17:22:03,29.5,B/A
2024-05-16 17:24:47,28.9,B/A
2024-05-16 17:27:56,31.4,B/A
2024-05-16 17:30:18,28.5,B/A
2024-05-16 17:32:55,27.0,B/A
2024-05-16 17:35:28,27.8,B/A
2024-05-16 17:38:29,31.8,B/A
2024-05-16 17:41:36,29.9,B/A
2024-05-16 17:44:01,32.7,B/A
2024-05-16 17:46:09,30.1,B/A
2024-05-16 17:48:33,29.9,B/A
2024-05-16 17:51:28,28.3,B/A
2024-05-16 17:54:06,29.0,B/A
2024-05-16 17:56:17,28.2,B/A
2024-05-16 17:58:27,28.9,B/A
2024-05-16 18:00:36,30.8,B/A
2024-05-16 18:03:13,29.9,B/A
2024-05-16 18:05:33,28.9,B/A
2024-05-16 18:07:49,29.0,B/A
2024-05-16 18:10:45,32.0,B/A
2024-05-16 18:14:01,27.4,B/A
2024-05-16 18:16:43,30.6,B/A
2024-05-16 18:18:53,30.8,B/A
2024-05-16 18:21:42,28.8,B/A
2024-05-16 18:23:51,30.1,B/A
2024-05-16 18:26:46,27.8,B/A
2024-05-16 18:28:54,27.8,B/A
2024-05-16 18:31:52,29.9,B/A
2024-05-16 18:33:59,27.4,B/A
2024-05-16 18:37:39,29.7,B/A
2024-05-16 18:39:49,31.2,B/A
2024-05-16 18:43:22,28.6,B/A
2024-05-16 18:46:29,29.8,B/A
2024-05-16 18:48:35,28.5,B/A
2024-05-16 18:50:38,30.0,B/A
2024-05-16 18:53:15,28.3,B/A
2024-05-16 18:55:59,27.4,B/A
2024-05-16 18:58:15,28.3,B/A
2024-05-16 19:00:43,32.3,B/A
2024-05-16 19:03:21,27.6,B/A
2024-05-16 19:05:37,28.0,B/A
2024-05-16 19:08:00,29.1,B/A
2024-05-16 19:10:03,28.5,B/A
2024-05-16 19:12:17,31.4,B/A
2024-05-16 19:14:24,29.8,B/A
2024-05-16 19:16:35,28.2,B/A
2024-05-16 19:19:07,29.0,B/A
2024-05-16 19:21:17,28.7,B/A
2024-05-16 19:24:10,28.4,B/A
2024-05-16 19:28:07,29.4,B/A
2024-05-16 19:30:23,29.6,B/A
2024-05-16 19:32:24,27.9,B/A
2024-05-16 19:34:34,31.2,B/A
2024-05-16 19:36:44,27.8,B/A
2024-05-16 19:40:54,28.0,B/A
2024-05-16 19:43:37,30.5,B/A
2024-05-16 19:46:02,27.8,B/A
2024-05-16 19:48:34,27.8,B/A
2024-05-16 19:50:53,29.3,B/A
2024-05-16 19:53:34,28.8,B/A
2024-05-16 19:57:00,28.5,B/A
2024-05-16 20:00:06,29.4,B/A
2024-05-16 20:02:31,33.3,B/A
2024-05-16 20:05:22,30.5,B/A
2024-05-16 20:07:53,30.5,B/A
2024-05-16 20:10:27,28.4,B/A
2024-05-16 20:12:34,28.5,B/A
2024-05-16 20:14:43,27.7,B/A
2024-05-16 20:16:58,29.9,B/A
2024-05-16 20:19:06,29.8,B/A
2024-05-16 20:21:52,29.2,B/A
2024-05-16 20:23:53,28.1,B/A
2024-05-16 20:27:10,29.2,B/A
2024-05-16 20:29:32,30.6,B/A
2024-05-16 20:34:10,31.5,B/A
2024-05-16 20:38:11,30.1,B/A
2024-05-16 20:40:21,31.2,B/A
2024-05-16 20:42:28,27.7,B/A
2024-05-16 20:44:32,29.3,B/A
2024-05-16 20:46:45,28.5,B/A
2024-05-16 20:48:59,29.4,B/A
2024-05-16 20:51:27,31.5,B/A
2024-05-16 20:54:02,30.5,B/A
2024-05-16 20:56:21,28.0,B/A
2024-05-16 20:58:34,28.3,B/A
2024-05-16 21:00:50,28.8,B/A
2024-05-16 21:03:09,27.5,B/A
2024-05-16 21:05:16,28.7,B/A
2024-05-16 21:07:52,30.0,B/A
2024-05-16 21:10:38,29.6,B/A
2024-05-16 21:12:40,28.4,B/A
2024-05-16 21:15:19,27.4,B/A
2024-05-16 21:17:45,28.4,B/A
2024-05-16 21:20:46,29.1,B/A
2024-05-16 21:23:28,29.2,B/A
2024-05-16 21:25:47,28.4,B/A
2024-05-16 21:29:07,28.1,B/A
2024-05-16 21:31:09,29.3,B/A
2024-05-16 21:33:27,29.7,B/A
2024-05-16 21:35:39,27.9,B/A
2024-05-16 21:38:57,29.3,B/A
2024-05-16 21:41:36,28.3,B/A
2024-05-16 21:43:58,28.4,B/A
2024-05-16 21:46:58,27.5,B/A
2024-05-16 21:49:03,34.8,B/A
2024-05-16 21:51:57,30.4,B/A
2024-05-16 21:54:35,28.6,B/A
2024-05-16 21:56:47,29.5,B/A
2024-05-16 22:00:08,28.5,B/A
2024-05-16 22:02:34,27.8,B/A
2024-05-16 22:05:23,29.4,B/A
2024-05-16 22:07:33,28.8,B/A
2024-05-16 22:09:47,28.2,B/A
2024-05-16 22:11:51,29.7,B/A
2024-05-16 22:13:57,30.5,B/A
2024-05-16 22:16:23,29.3,B/A
2024-05-16 22:18:27,29.1,B/A
2024-05-16 22:20:53,28.8,B/A
2024-05-16 22:22:54,30.5,B/A
2024-05-16 22:24:55,27.9,B/A
2024-05-16 22:28:14,31.7,B/A
2024-05-16 22:31:36,26.7,B/A
2024-05-16 22:34:26,27.8,B/A
2024-05-16 22:36:46,30.1,B/A
2024-05-16 22:39:02,28.9,B/A
2024-05-16 22:41:10,29.5,B/A
2024-05-16 22:43:14,29.6,B/A
2024-05-16 22:45:26,29.1,B/A
2024-05-16 22:48:03,28.2,B/A
2024-05-16 22:50:07,29.0,B/A
2024-05-16 22:52:12,28.3,B/A
2024-05-16 22:54:46,29.1,B/A
2024-05-16 22:56:54,29.8,B/A
2024-05-16 22:58:55,30.1,B/A
2024-05-16 23:00:56,31.9,B/A
2024-05-16 23:03:37,28.2,B/A
2024-05-16 23:05:38,27.7,B/A
2024-05-16 23:08:16,30.8,B/A
2024-05-16 23:11:17,29.2,B/A
2024-05-16 23:13:25,30.2,B/A
2024-05-16 23:15:59,31.2,B/A
2024-05-16 23:18:42,31.0,B/A
2024-05-16 23:20:48,29.9,B/A
2024-05-16 23:23:34,30.5,B/A
2024-05-16 23:25:49,26.9,B/A
2024-05-16 23:28:51,28.3,B/A
2024-05-16 23:31:07,28.1,B/A
2024-05-16 23:33:59,30.3,B/A
2024-05-16 23:36:00,28.6,B/A
2024-05-16 23:38:10,28.8,B/A
2024-05-16 23:40:12,30.6,B/A
2024-05-16 23:43:52,29.4,B/A
2024-05-16 23:46:51,27.5,B/A
2024-05-16 23:50:10,29.2,B/A
2024-05-16 23:52:31,29.3,B/A
2024-05-16 23:55:27,32.1,B/A
2024-05-16 23:58:47,27.8,B/A
2083-03-25 00:03:16,12.0,B/A
2083-03-25 00:05:33,11.0,B/A
2083-03-25 00:07:42,9.0,B/A
2083-03-25 00:09:46,10.0,B/A
2083-03-25 00:11:47,13.0,B/A
2083-03-25 00:13:55,10.0,B/A
2083-03-25 00:16:03,9.0,B/A
2083-03-25 00:18:19,10.0,B/A
2083-03-25 00:20:28,9.0,B/A
2083-03-25 00:22:30,10.0,B/A
2083-03-25 00:24:30,10.0,B/A
2083-03-25 00:26:34,9.0,B/A
2083-03-25 00:28:40,10.0,B/A
2083-03-25 00:30:52,7.0,B/A
2083-03-25 00:33:05,9.0,B/A
2083-03-25 00:35:09,8.0,B/A
2083-03-25 00:37:11,8.0,B/A
2083-03-25 00:39:14,9.0,B/A
2083-03-25 00:41:18,8.0,B/A
2083-03-25 00:43:21,7.0,B/A
2083-03-25 00:45:29,8.0,B/A
2083-03-25 00:47:33,6.0,B/A
2083-03-25 00:49:36,8.0,B/A
2083-03-25 00:51:49,7.0,B/A
2083-03-25 00:53:54,8.0,B/A
2083-03-25 00:55:56,9.0,B/A
2083-03-25 00:57:58,8.0,B/A
2083-03-25 00:59:59,7.0,B/A
2083-03-25 01:02:17,7.0,B/A
2083-03-25 01:04:18,9.0,B/A
2083-03-25 01:06:22,8.0,B/A
2083-03-25 01:08:24,6.0,B/A
2083-03-25 01:10:32,7.0,B/A
2083-03-25 01:12:43,6.0,B/A
2083-03-25 01:14:49,6.0,B/A
2083-03-25 01:16:57,7.0,B/A
2083-03-25 01:19:02,8.0,B/A
2083-03-25 01:21:11,7.0,B/A
2083-03-25 01:23:13,7.0,B/A
2083-03-25 01:25:18,6.0,B/A
2083-03-25 01:27:19,6.0,B/A
2083-03-25 01:29:20,9.0,B/A
2083-03-25 01:31:24,6.0,B/A
2083-03-25 01:33:29,6.0,B/A
2083-03-25 01:35:31,6.0,B/A
2083-03-25 01:37:32,6.0,B/A
2083-03-25 01:39:36,7.0,B/A
2083-03-25 01:41:39,5.0,B/A
2083-03-25 01:43:46,8.0,B/A
2083-03-25 01:45:50,8.0,B/A
2083-03-25 01:47:54,11.0,B/A
2083-03-25 01:50:04,13.0,B/A
2083-03-25 01:52:09,12.0,B/A
2083-03-25 01:54:11,10.0,B/A
2083-03-25 01:56:12,9.0,B/A
2083-03-25 01:58:13,9.0,B/A
2083-03-25 02:00:19,7.0,B/A
2083-03-25 02:02:27,8.0,B/A
2083-03-25 02:04:30,9.0,B/A
2083-03-25 02:06:35,10.0,B/A
2083-03-25 02:08:37,11.0,B/A
2083-03-25 02:10:47,10.0,B/A
2083-03-25 02:12:49,10.0,B/A
2083-03-25 02:14:55,15.0,B/A
2083-03-25 02:17:02,18.0,B/A
2083-03-25 02:19:05,20.0,B/A
2083-03-25 02:21:09,22.0,B/A
2083-03-25 02:23:16,20.0,B/A
2083-03-25 02:25:24,19.0,B/A
2083-03-25 02:27:31,18.0,B/A
2083-03-25 02:29:33,17.0,B/A
2083-03-25 02:31:37,15.0,B/A
2083-03-25 02:33:46,15.0,B/A
2083-03-25 02:35:49,15.0,B/A
2083-03-25 02:37:52,13.0,B/A
2083-03-25 02:39:56,10.0,B/A
2083-03-25 02:42:01,9.0,B/A
2083-03-25 02:44:09,10.0,B/A
2083-03-25 02:46:21,11.0,B/A
2083-03-25 02:48:34,10.0,B/A
2083-03-25 02:50:37,8.0,B/A
2083-03-25 02:52:42,11.0,B/A
2083-03-25 02:54:51,8.0,B/A
2083-03-25 02:56:55,8.0,B/A
2083-03-25 02:58:59,9.0,B/A
2083-03-25 03:01:00,12.0,B/A
2083-03-25 03:03:04,12.0,B/A
2083-03-25 03:05:15,10.0,B/A
2083-03-25 03:07:18,7.0,B/A
2083-03-25 03:09:39,7.0,B/A
2083-03-25 03:11:44,7.0,B/A
2083-03-25 03:13:44,9.0,B/A
2083-03-25 03:15:52,6.0,B/A
2083-03-25 03:18:00,7.0,B/A
2083-03-25 03:20:05,8.0,B/A
2083-03-25 03:22:11,7.0,B/A
2083-03-25 03:24:17,5.0,B/A
2083-03-25 03:26:23,7.0,B/A
2083-03-25 03:28:28,5.0,B/A
2083-03-25 03:30:31,6.0,B/A
2083-03-25 03:32:36,7.0,B/A
2083-03-25 03:34:37,6.0,B/A
2083-03-25 03:36:43,6.0,B/A
2083-03-25 03:38:44,7.0,B/A
2083-03-25 03:40:58,6.0,B/A
2083-03-25 03:43:02,5.0,B/A
2083-03-25 03:45:07,6.0,B/A
2083-03-25 03:47:11,6.0,B/A
2083-03-25 03:49:13,5.0,B/A
2083-03-25 03:51:18,7.0,B/A
2083-03-25 03:53:20,6.0,B/A
2083-03-25 03:55:26,7.0,B/A
2083-03-25 03:57:28,6.0,B/A
2083-03-25 03:59:29,7.0,B/A
2083-03-25 04:01:34,7.0,B/A
2083-03-25 04:03:38,8.0,B/A
2083-03-25 04:05:39,8.0,B/A
2083-03-25 04:07:45,7.0,B/A
2083-03-25 04:09:55,8.0,B/A
2083-03-25 04:11:58,8.0,B/A
2083-03-25 04:14:03,7.0,B/A
2083-03-25 04:16:09,10.0,B/A
2083-03-25 04:18:12,11.0,B/A
2083-03-25 04:20:13,10.0,B/A
2083-03-25 04:22:18,9.0,B/A
2083-03-25 04:24:25,10.0,B/A
2083-03-25 04:26:32,9.0,B/A
2083-03-25 04:28:39,8.0,B/A
2083-03-25 04:30:49,7.0,B/A
2083-03-25 04:32:51,6.0,B/A
2083-03-25 04:34:53,6.0,B/A
2083-03-25 04:37:03,6.0,B/A
2083-03-25 04:39:08,6.0,B/A
2083-03-25 04:41:16,7.0,B/A
2083-03-25 04:43:25,7.0,B/A
2083-03-25 04:45:32,7.0,B/A
2083-03-25 04:47:35,7.0,B/A
2083-03-25 04:49:43,8.0,B/A
2083-03-25 04:51:45,8.0,B/A
2083-03-25 04:53:46,8.0,B/A
2083-03-25 04:55:50,7.0,B/A
2083-03-25 04:57:56,9.0,B/A
2083-03-25 04:59:58,9.0,B/A
2083-03-25 05:02:03,10.0,B/A
2083-03-25 05:04:09,8.0,B/A
2083-03-25 05:06:13,13.0,B/A
2083-03-25 05:08:18,10.0,B/A
2083-03-25 05:10:23,13.0,B/A
2083-03-25 05:12:25,11.0,B/A
2083-03-25 05:14:28,9.0,B/A
2083-03-25 05:16:29,9.0,B/A
2083-03-25 05:18:33,10.0,B/A
2083-03-25 05:20:35,9.0,B/A
2083-03-25 05:22:40,11.0,B/A
2083-03-25 05:24:45,9.0,B/A
2083-03-25 05:26:47,9.0,B/A
2083-03-25 05:28:48,9.0,B/A
2083-03-25 05:30:54,8.0,B/A
2083-03-25 05:33:03,6.0,B/A
2083-03-25 05:35:10,8.0,B/A
2083-03-25 05:37:14,8.0,B/A
2083-03-25 05:39:15,8.0,B/A
2083-03-25 05:41:21,8.0,B/A
2083-03-25 05:43:24,9.0,B/A
2083-03-25 05:45:37,10.0,B/A
2083-03-25 05:47:40,10.0,B/A
2083-03-25 05:49:43,11.0,B/A
2083-03-25 05:51:45,11.0,B/A
2083-03-25 05:53:47,10.0,B/A
2083-03-25 05:55:53,8.0,B/A
2083-03-25 05:57:59,8.0,B/A
2083-03-25 06:00:10,10.0,B/A
2083-03-25 06:02:12,8.0,B/A
2083-03-25 06:04:25,8.0,B/A
2083-03-25 06:06:26,7.0,B/A
2083-03-25 06:08:31,7.0,B/A
2083-03-25 06:10:38,8.0,B/A
2083-03-25 06:12:42,8.0,B/A
2083-03-25 06:14:42,7.0,B/A
2083-03-25 06:16:45,9.0,B/A
2083-03-25 06:18:53,8.0,B/A
2083-03-25 06:20:53,8.0,B/A
2083-03-25 06:22:59,9.0,B/A
2083-03-25 06:25:03,7.0,B/A
2083-03-25 06:27:08,7.0,B/A
2083-03-25 06:29:12,6.0,B/A
2083-03-25 06:31:18,9.0,B/A
2083-03-25 06:33:18,6.0,B/A
2083-03-25 06:35:21,9.0,B/A
2083-03-25 06:37:22,9.0,B/A
2083-03-25 06:39:24,7.0,B/A
2083-03-25 06:41:32,6.0,B/A
2083-03-25 06:43:35,7.0,B/A
2083-03-25 06:45:43,5.0,B/A
2083-03-25 06:47:46,6.0,B/A
2083-03-25 06:49:51,6.0,B/A
2083-03-25 06:51:55,7.0,B/A
2083-03-25 06:53:58,6.0,B/A
2083-03-25 06:56:02,6.0,B/A
2083-03-25 06:58:06,5.0,B/A
2083-03-25 07:00:14,9.0,B/A
2083-03-25 07:02:18,6.0,B/A
2083-03-25 07:04:22,7.0,B/A
2083-03-25 07:06:26,8.0,B/A
2083-03-25 07:08:28,8.0,B/A
2083-03-25 07:10:37,6.0,B/A
2083-03-25 07:12:41,8.0,B/A
2083-03-25 07:14:46,7.0,B/A
2083-03-25 07:16:48,7.0,B/A
2083-03-25 07:18:53,5.0,B/A
2083-03-25 07:21:01,8.0,B/A
2083-03-25 07:23:05,8.0,B/A
2083-03-25 07:25:09,14.0,B/A
2083-03-25 07:27:20,7.0,B/A
2083-03-25 07:29:23,9.0,B/A
2083-03-25 07:31:26,7.0,B/A
2083-03-25 07:33:31,6.0,B/A
2083-03-25 07:35:37,7.0,B/A
2083-03-25 07:37:41,8.0,B/A
2083-03-25 07:39:46,6.0,B/A
2083-03-25 07:41:47,7.0,B/A
2083-03-25 07:43:52,7.0,B/A
2083-03-25 07:45:59,7.0,B/A
2083-03-25 07:48:04,8.0,B/A
2083-03-25 07:50:08,8.0,B/A
2083-03-25 07:52:12,9.0,B/A
2083-03-25 07:54:21,8.0,B/A
2083-03-25 07:56:24,7.0,B/A
2083-03-25 07:58:29,7.0,B/A
2083-03-25 08:00:32,8.0,B/A
2083-03-25 08:02:37,8.0,B/A
2083-03-25 08:04:42,8.0,B/A
2083-03-25 08:06:46,7.0,B/A
2083-03-25 08:08:52,7.0,B/A
2083-03-25 08:10:58,8.0,B/A
2083-03-25 08:13:04,8.0,B/A
2083-03-25 08:15:13,8.0,B/A
2083-03-25 08:17:24,7.0,B/A
2083-03-25 08:19:25,7.0,B/A
2083-03-25 08:21:31,6.0,B/A
2083-03-25 08:23:36,7.0,B/A
2083-03-25 08:25:40,9.0,B/A
2083-03-25 08:27:49,10.0,B/A
2083-03-25 08:29:52,9.0,B/A
2083-03-25 08:31:54,10.0,B/A
2083-03-25 08:34:08,11.0,B/A
2083-03-25 08:36:16,6.0,B/A
2083-03-25 08:38:23,8.0,B/A
2083-03-25 08:40:25,7.0,B/A
2083-03-25 08:42:29,7.0,B/A
2083-03-25 08:44:34,6.0,B/A
2083-03-25 08:46:43,8.0,B/A
2083-03-25 08:48:45,6.0,B/A
2083-03-25 08:50:47,6.0,B/A
2083-03-25 08:52:49,7.0,B/A
2083-03-25 08:54:52,10.0,B/A
2083-03-25 08:56:55,13.0,B/A
2083-03-25 08:59:00,8.0,B/A
2083-03-25 09:01:06,6.0,B/A
2083-03-25 09:03:08,6.0,B/A
2083-03-25 09:05:12,7.0,B/A
2083-03-25 09:07:13,8.0,B/A
2083-03-25 09:09:22,10.0,B/A
2083-03-25 09:11:25,9.0,B/A
2083-03-25 09:13:33,9.0,B/A
2083-03-25 09:15:35,7.0,B/A
2083-03-25 09:17:47,8.0,B/A
2083-03-25 09:19:48,8.0,B/A
2083-03-25 09:21:50,9.0,B/A
2083-03-25 09:23:51,7.0,B/A
2083-03-25 09:25:54,10.0,B/A
2083-03-25 09:27:58,7.0,B/A
2083-03-25 09:30:05,10.0,B/A
2083-03-25 09:32:12,8.0,B/A
2083-03-25 09:34:13,7.0,B/A
2083-03-25 09:36:16,8.0,B/A
2083-03-25 09:38:21,8.0,B/A
2083-03-25 09:40:22,8.0,B/A
2083-03-25 09:42:27,10.0,B/A
2083-03-25 09:44:29,9.0,B/A
2083-03-25 09:46:33,8.0,B/A
2083-03-25 09:48:39,8.0,B/A
2083-03-25 09:50:41,9.0,B/A
2083-03-25 09:52:44,8.0,B/A
2083-03-25 09:54:46,8.0,B/A
2083-03-25 09:56:54,8.0,B/A
2083-03-25 09:59:02,8.0,B/A
2083-03-25 10:01:02,9.0,B/A
2083-03-25 10:03:04,7.0,B/A
2083-03-25 10:05:05,8.0,B/A
2083-03-25 10:07:11,8.0,B/A
2083-03-25 10:09:14,8.0,B/A
2083-03-25 10:11:32,9.0,B/A
2083-03-25 10:13:40,6.0,B/A
2083-03-25 10:15:42,7.0,B/A
2083-03-25 10:17:47,6.0,B/A
2083-03-25 10:19:51,6.0,B/A
2083-03-25 10:21:53,8.0,B/A
2083-03-25 10:24:00,7.0,B/A
2083-03-25 10:26:04,6.0,B/A
2083-03-25 10:28:08,7.0,B/A
2083-03-25 10:30:11,7.0,B/A
2083-03-25 10:32:12,6.0,B/A
2083-03-25 10:34:15,9.0,B/A
2083-03-25 10:36:20,8.0,B/A
2083-03-25 10:38:22,6.0,B/A
2083-03-25 10:40:27,7.0,B/A
2083-03-25 10:42:30,7.0,B/A
2083-03-25 10:44:38,7.0,B/A
2083-03-25 10:46:47,8.0,B/A
2083-03-25 10:48:48,7.0,B/A
2083-03-25 10:50:53,8.0,B/A
2083-03-25 10:52:56,9.0,B/A
2083-03-25 10:55:06,8.0,B/A
2083-03-25 10:57:10,19.0,B/A
2083-03-25 10:59:11,20.0,B/A
2083-03-25 11:01:13,9.0,B/A
2083-03-25 11:03:16,8.0,B/A
2083-03-25 11:05:21,9.0,B/A
2083-03-25 11:07:22,10.0,B/A
2083-03-25 11:09:26,10.0,B/A
2083-03-25 11:11:29,7.0,B/A
2083-03-25 11:13:31,8.0,B/A
2083-03-25 11:15:39,7.0,B/A
2083-03-25 11:17:47,7.0,B/A
2083-03-25 11:19:51,8.0,B/A
2083-03-25 11:21:52,8.0,B/A
2083-03-25 11:23:58,8.0,B/A
2083-03-25 11:26:08,9.0,B/A
2083-03-25 11:28:12,7.0,B/A
2083-03-25 11:30:19,7.0,B/A
2083-03-25 11:32:27,6.0,B/A
2083-03-25 11:34:33,8.0,B/A
2083-03-25 11:36:37,6.0,B/A
2083-03-25 11:38:39,7.0,B/A
2083-03-25 11:40:45,7.0,B/A
2083-03-25 11:42:55,7.0,B/A
2083-03-25 11:45:00,7.0,B/A
2083-03-25 11:47:02,6.0,B/A
2083-03-25 11:49:07,9.0,B/A
2083-03-25 11:51:16,6.0,B/A
2083-03-25 11:53:19,7.0,B/A
2083-03-25 11:55:26,6.0,B/A
2083-03-25 11:57:27,8.0,B/A
2083-03-25 11:59:32,6.0,B/A
2083-03-25 12:01:34,8.0,B/A
2083-03-25 12:03:37,7.0,B/A
2083-03-25 12:05:43,8.0,B/A
2083-03-25 12:07:44,6.0,B/A
2083-03-25 12:09:59,7.0,B/A
2083-03-25 12:12:07,8.0,B/A
2083-03-25 12:14:08,9.0,B/A
2083-03-25 12:16:12,8.0,B/A
2083-03-25 12:18:16,9.0,B/A
2083-03-25 12:20:19,8.0,B/A
2083-03-25 12:22:23,7.0,B/A
2083-03-25 12:24:24,8.0,B/A
2083-03-25 12:26:29,9.0,B/A
2083-03-25 12:28:32,11.0,B/A
2083-03-25 12:30:39,13.0,B/A
2083-03-25 12:32:44,14.0,B/A
2083-03-25 12:34:52,8.0,B/A
2083-03-25 12:36:55,10.0,B/A
2083-03-25 12:38:58,10.0,B/A
2083-03-25 12:41:09,11.0,B/A
2083-03-25 12:43:13,11.0,B/A
2083-03-25 12:45:23,11.0,B/A
2083-03-25 12:47:28,10.0,B/A
2083-03-25 12:49:33,9.0,B/A
2083-03-25 12:51:36,9.0,B/A
2083-03-25 12:53:37,10.0,B/A
2083-03-25 12:55:41,11.0,B/A
2083-03-25 12:57:53,9.0,B/A
2083-03-25 12:59:58,10.0,B/A
2083-03-25 13:02:00,8.0,B/A
2083-03-25 13:04:02,8.0,B/A
2083-03-25 13:06:04,8.0,B/A
2083-03-25 13:08:05,8.0,B/A
2083-03-25 13:10:06,8.0,B/A
2083-03-25 13:12:08,8.0,B/A
2083-03-25 13:14:10,11.0,B/A
2083-03-25 13:16:14,9.0,B/A
2083-03-25 13:18:15,10.0,B/A
2083-03-25 13:20:20,16.0,B/A
2083-03-25 13:22:25,8.0,B/A
2083-03-25 13:24:30,7.0,B/A
2083-03-25 13:26:37,8.0,B/A
2083-03-25 13:28:45,8.0,B/A
2083-03-25 13:30:48,9.0,B/A
2083-03-25 13:32:50,7.0,B/A
2083-03-25 13:34:55,8.0,B/A
2083-03-25 13:36:56,7.0,B/A
2083-03-25 13:39:12,7.0,B/A
2083-03-25 13:41:18,9.0,B/A
2083-03-25 13:43:22,7.0,B/A
2083-03-25 13:45:24,6.0,B/A
2083-03-25 13:47:25,7.0,B/A
2083-03-25 13:49:27,7.0,B/A
2083-03-25 13:51:28,7.0,B/A
2083-03-25 13:53:37,10.0,B/A
2083-03-25 13:55:40,9.0,B/A
2083-03-25 13:57:43,10.0,B/A
2083-03-25 13:59:46,10.0,B/A
2083-03-25 14:01:52,9.0,B/A
2083-03-25 14:03:57,9.0,B/A
2083-03-25 14:05:57,8.0,B/A
2083-03-25 14:07:59,8.0,B/A
2083-03-25 14:10:04,9.0,B/A
2083-03-25 14:12:07,8.0,B/A
2083-03-25 14:14:13,9.0,B/A
2083-03-25 14:16:16,7.0,B/A
2083-03-25 14:18:24,7.0,B/A
2083-03-25 14:20:25,8.0,B/A
2083-03-25 14:22:27,9.0,B/A
2083-03-25 14:24:31,7.0,B/A
2083-03-25 14:26:35,7.0,B/A
2083-03-25 14:28:44,7.0,B/A
2083-03-25 14:30:46,7.0,B/A
2083-03-25 14:33:00,7.0,B/A
2083-03-25 14:35:02,8.0,B/A
2083-03-25 14:37:04,7.0,B/A
2083-03-25 14:39:09,8.0,B/A
2083-03-25 14:41:15,7.0,B/A
2083-03-25 14:43:21,8.0,B/A
2083-03-25 14:45:32,7.0,B/A
2083-03-25 14:47:35,6.0,B/A
2083-03-25 14:49:42,7.0,B/A
2083-03-25 14:51:47,7.0,B/A
2083-03-25 14:53:49,8.0,B/A
2083-03-25 14:55:50,7.0,B/A
2083-03-25 14:57:54,7.0,B/A
2083-03-25 14:59:55,6.0,B/A
2083-03-25 15:01:56,8.0,B/A
2083-03-25 15:04:01,7.0,B/A
2083-03-25 15:06:07,7.0,B/A
2083-03-25 15:08:08,7.0,B/A
2083-03-25 15:10:10,8.0,B/A
2083-03-25 15:12:18,8.0,B/A
2083-03-25 15:14:31,7.0,B/A
2083-03-25 15:16:32,8.0,B/A
2083-03-25 15:18:35,7.0,B/A
2083-03-25 15:20:41,8.0,B/A
2083-03-25 15:22:41,7.0,B/A
2083-03-25 15:24:47,7.0,B/A
2083-03-25 15:26:50,7.0,B/A
2083-03-25 15:28:56,6.0,B/A
2083-03-25 15:31:00,6.0,B/A
2083-03-25 15:33:04,6.0,B/A
2083-03-25 15:35:10,8.0,B/A
2083-03-25 15:37:17,6.0,B/A
2083-03-25 15:39:21,8.0,B/A
2083-03-25 15:41:27,7.0,B/A
2083-03-25 15:43:33,6.0,B/A
2083-03-25 15:45:36,7.0,B/A
2083-03-25 15:47:39,7.0,B/A
2083-03-25 15:49:41,8.0,B/A
2083-03-25 15:51:46,6.0,B/A
2083-03-25 15:53:49,6.0,B/A
2083-03-25 15:55:54,7.0,B/A
2083-03-25 15:58:08,6.0,B/A
2083-03-25 16:00:09,6.0,B/A
2083-03-25 16:02:13,8.0,B/A
2083-03-25 16:04:19,7.0,B/A
2083-03-25 16:06:21,6.0,B/A
2083-03-25 16:08:24,6.0,B/A
2083-03-25 16:10:25,7.0,B/A
2083-03-25 16:12:29,10.0,B/A
2083-03-25 16:14:33,9.0,B/A
2083-03-25 16:16:40,7.0,B/A
2083-03-25 16:18:47,7.0,B/A
2083-03-25 16:21:04,8.0,B/A
2083-03-25 16:23:06,8.0,B/A
2083-03-25 16:25:19,8.0,B/A
2083-03-25 16:27:21,8.0,B/A
2083-03-25 16:29:22,10.0,B/A
2083-03-25 16:31:25,10.0,B/A
2083-03-25 16:33:27,9.0,B/A
2083-03-25 16:35:31,9.0,B/A
2083-03-25 16:37:36,10.0,B/A
2083-03-25 16:39:42,10.0,B/A
2083-03-25 16:41:45,9.0,B/A
2083-03-25 16:43:56,9.0,B/A
2083-03-25 16:46:00,9.0,B/A
2083-03-25 16:48:01,7.0,B/A
2083-03-25 16:50:03,6.0,B/A
2083-03-25 16:52:06,8.0,B/A
2083-03-25 16:54:08,6.0,B/A
2083-03-25 16:56:10,8.0,B/A
2083-03-25 16:58:12,7.0,B/A
2083-03-25 17:00:13,9.0,B/A
2083-03-25 17:02:17,8.0,B/A
2083-03-25 17:04:20,7.0,B/A
2083-03-25 17:06:25,8.0,B/A
2083-03-25 17:08:30,12.0,B/A
2083-03-25 17:10:34,10.0,B/A
2083-03-25 17:12:41,12.0,B/A
2083-03-25 17:14:41,14.0,B/A
2083-03-25 17:16:47,10.0,B/A
2083-03-25 17:18:53,9.0,B/A
2083-03-25 17:21:00,9.0,B/A
2083-03-25 17:23:05,8.0,B/A
2083-03-25 17:25:09,9.0,B/A
2083-03-25 17:27:13,8.0,B/A
2083-03-25 17:29:21,9.0,B/A
2083-03-25 17:31:27,10.0,B/A
2083-03-25 17:33:29,10.0,B/A
2083-03-25 17:35:48,8.0,B/A
2083-03-25 17:37:51,11.0,B/A
2083-03-25 17:39:59,8.0,B/A
2083-03-25 17:42:07,9.0,B/A
2083-03-25 17:44:11,8.0,B/A
2083-03-25 17:46:16,8.0,B/A
2083-03-25 17:48:21,11.0,B/A
2083-03-25 17:50:33,10.0,B/A
2083-03-25 17:52:39,10.0,B/A
2083-03-25 17:54:41,10.0,B/A
2083-03-25 17:56:50,8.0,B/A
2083-03-25 17:58:57,8.0,B/A
2083-03-25 18:01:09,9.0,B/A
2083-03-25 18:03:26,8.0,B/A
2083-03-25 18:05:27,9.0,B/A
2083-03-25 18:07:33,8.0,B/A
2083-03-25 18:09:38,8.0,B/A
2083-03-25 18:11:40,9.0,B/A
2083-03-25 18:13:46,9.0,B/A
2083-03-25 18:15:46,8.0,B/A
2083-03-25 18:17:59,7.0,B/A
2083-03-25 18:20:11,7.0,B/A
2083-03-25 18:22:17,8.0,B/A
2083-03-25 18:24:23,7.0,B/A
2083-03-25 18:26:27,14.0,B/A
2083-03-25 18:28:33,24.0,B/A
2083-03-25 18:30:41,30.0,B/A
2083-03-25 18:32:59,33.0,B/A
2083-03-25 18:35:00,31.0,B/A
2083-03-25 18:37:03,26.0,B/A
2083-03-25 18:39:15,23.0,B/A
2083-03-25 18:41:24,21.0,B/A
2083-03-25 18:43:42,22.0,B/A
2083-03-25 18:45:59,18.0,B/A
2083-03-25 18:48:07,18.0,B/A
2083-03-25 18:50:10,17.0,B/A
2083-03-25 18:52:15,15.0,B/A
2083-03-25 18:54:20,16.0,B/A
2083-03-25 18:56:23,16.0,B/A
2083-03-25 18:58:40,15.0,B/A
2083-03-25 19:00:51,12.0,B/A
2083-03-25 19:02:52,11.0,B/A
2083-03-25 19:04:56,10.0,B/A
2083-03-25 19:06:58,10.0,B/A
2083-03-25 19:09:01,11.0,B/A
2083-03-25 19:11:05,9.0,B/A
2083-03-25 19:13:09,9.0,B/A
2083-03-25 19:15:16,10.0,B/A
2083-03-25 19:17:21,11.0,B/A
2083-03-25 19:19:24,10.0,B/A
2083-03-25 19:21:27,10.0,B/A
2083-03-25 19:23:49,10.0,B/A
2083-03-25 19:25:57,10.0,B/A
2083-03-25 19:28:00,12.0,B/A
2083-03-25 19:30:03,11.0,B/A
2083-03-25 19:32:10,15.0,B/A
2083-03-25 19:34:18,12.0,B/A
2083-03-25 19:36:19,11.0,B/A
2083-03-25 19:38:20,10.0,B/A
2083-03-25 19:40:24,7.0,B/A
2083-03-25 19:42:26,10.0,B/A
2083-03-25 19:44:29,10.0,B/A
2083-03-25 19:46:31,10.0,B/A
2083-03-25 19:48:33,9.0,B/A
2083-03-25 19:50:36,10.0,B/A
2083-03-25 19:52:37,10.0,B/A
2083-03-25 19:54:45,11.0,B/A
2083-03-25 19:56:55,10.0,B/A
2083-03-25 19:59:00,11.0,B/A
2083-03-25 20:01:18,8.0,B/A
2083-03-25 20:03:35,8.0,B/A
2083-03-25 20:05:37,7.0,B/A
2083-03-25 20:07:46,8.0,B/A
2083-03-25 20:09:51,8.0,B/A
2083-03-25 20:11:58,8.0,B/A
2083-03-25 20:14:04,7.0,B/A
2083-03-25 20:16:09,8.0,B/A
2083-03-25 20:18:10,7.0,B/A
2083-03-25 20:20:16,7.0,B/A
2083-03-25 20:22:22,9.0,B/A
2083-03-25 20:24:26,9.0,B/A
2083-03-25 20:26:29,9.0,B/A
2083-03-25 20:28:31,9.0,B/A
2083-03-25 20:30:37,10.0,B/A
2083-03-25 20:32:40,8.0,B/A
2083-03-25 20:34:44,8.0,B/A
2083-03-25 20:36:51,8.0,B/A
2083-03-25 20:39:00,7.0,B/A
2083-03-25 20:41:07,9.0,B/A
2083-03-25 20:43:08,7.0,B/A
2083-03-25 20:45:12,9.0,B/A
2083-03-25 20:47:15,7.0,B/A
2083-03-25 20:49:19,7.0,B/A
2083-03-25 20:51:20,7.0,B/A
2083-03-25 20:53:26,10.0,B/A
2083-03-25 20:55:27,8.0,B/A
2083-03-25 20:57:34,5.0,B/A
2083-03-25 20:59:39,8.0,B/A
2083-03-25 21:01:43,8.0,B/A
2083-03-25 21:03:46,7.0,B/A
2083-03-25 21:05:54,8.0,B/A
2083-03-25 21:07:59,9.0,B/A
2083-03-25 21:10:07,6.0,B/A
2083-03-25 21:12:09,7.0,B/A
2083-03-25 21:14:16,7.0,B/A
2083-03-25 21:16:25,7.0,B/A
2083-03-25 21:18:37,14.0,B/A
2083-03-25 21:20:46,13.0,B/A
2083-03-25 21:22:51,12.0,B/A
2083-03-25 21:24:54,14.0,B/A
2083-03-25 21:26:58,14.0,B/A
2083-03-25 21:29:02,16.0,B/A
2083-03-25 21:31:04,12.0,B/A
2083-03-25 21:33:11,9.0,B/A
2083-03-25 21:35:15,9.0,B/A
2083-03-25 21:37:24,10.0,B/A
2083-03-25 21:39:29,7.0,B/A
2083-03-25 21:41:34,7.0,B/A
2083-03-25 21:43:35,9.0,B/A
2083-03-25 21:45:39,9.0,B/A
2083-03-25 21:47:47,7.0,B/A
2083-03-25 21:49:53,7.0,B/A
2083-03-25 21:52:03,7.0,B/A
2083-03-25 21:54:10,6.0,B/A
2083-03-25 21:56:13,7.0,B/A
2083-03-25 21:58:15,6.0,B/A
2083-03-25 22:00:18,6.0,B/A
2083-03-25 22:02:25,6.0,B/A
2083-03-25 22:04:25,5.0,B/A
2083-03-25 22:06:32,7.0,B/A
2083-03-25 22:08:34,6.0,B/A
2083-03-25 22:10:40,5.0,B/A
2083-03-25 22:12:43,8.0,B/A
2083-03-25 22:14:46,8.0,B/A
2083-03-25 22:16:58,7.0,B/A
2083-03-25 22:19:06,8.0,B/A
2083-03-25 22:21:07,6.0,B/A
2083-03-25 22:23:14,6.0,B/A
2083-03-25 22:25:16,7.0,B/A
2083-03-25 22:27:21,8.0,B/A
2083-03-25 22:29:25,7.0,B/A
2083-03-25 22:31:28,6.0,B/A
2083-03-25 22:33:30,10.0,B/A
2083-03-25 22:35:32,10.0,B/A
2083-03-25 22:37:37,9.0,B/A
2083-03-25 22:39:38,7.0,B/A
2083-03-25 22:41:41,10.0,B/A
2083-03-25 22:43:44,7.0,B/A
2083-03-25 22:45:51,8.0,B/A
2083-03-25 22:47:52,8.0,B/A
2083-03-25 22:49:53,9.0,B/A
2083-03-25 22:51:55,8.0,B/A
2083-03-25 22:54:05,7.0,B/A
2083-03-25 22:56:09,8.0,B/A
2083-03-25 22:58:16,7.0,B/A
2083-03-25 23:00:23,9.0,B/A
2083-03-25 23:02:32,7.0,B/A
2083-03-25 23:04:41,9.0,B/A
2083-03-25 23:06:42,10.0,B/A
2083-03-25 23:08:46,11.0,B/A
2083-03-25 23:10:50,15.0,B/A
2083-03-25 23:12:52,11.0,B/A
2083-03-25 23:15:02,11.0,B/A
2083-03-25 23:17:08,9.0,B/A
2083-03-25 23:19:18,11.0,B/A
2083-03-25 23:21:24,10.0,B/A
2083-03-25 23:23:34,10.0,B/A
2083-03-25 23:25:39,9.0,B/A
2083-03-25 23:27:45,7.0,B/A
2083-03-25 23:29:47,10.0,B/A
2083-03-25 23:31:49,7.0,B/A
2083-03-25 23:33:54,7.0,B/A
2083-03-25 23:35:58,9.0,B/A
2083-03-25 23:38:00,15.0,B/A
2083-03-25 23:40:05,18.0,B/A
2083-03-25 23:42:11,19.0,B/A
2083-03-25 23:44:16,17.0,B/A
2083-03-25 23:46:20,16.0,B/A
2083-03-25 23:48:24,16.0,B/A
2083-03-25 23:50:27,17.0,B/A
2083-03-25 23:52:35,14.0,B/A
2083-03-25 23:54:39,13.0,B/A
2083-03-25 23:56:42,12.0,B/A
2083-03-25 23:58:51,9.0,B/A
2083-03-27 00:00:07,11.0,B/A
2083-03-27 00:02:15,13.0,B/A
2083-03-27 00:04:21,11.0,B/A
2083-03-27 00:06:28,11.0,B/A
2083-03-27 00:08:34,11.0,B/A
2083-03-27 00:10:34,10.0,B/A
2083-03-27 00:12:43,9.0,B/A
2083-03-27 00:14:46,10.0,B/A
2083-03-27 00:16:49,9.0,B/A
2083-03-27 00:18:53,11.0,B/A
2083-03-27 00:20:59,8.0,B/A
2083-03-27 00:23:06,6.0,B/A
2083-03-27 00:25:07,7.0,B/A
2083-03-27 00:27:09,7.0,B/A
2083-03-27 00:29:13,7.0,B/A
2083-03-27 00:31:20,6.0,B/A
2083-03-27 00:33:22,6.0,B/A
2083-03-27 00:35:24,5.0,B/A
2083-03-27 00:37:26,8.0,B/A
2083-03-27 00:39:29,7.0,B/A
2083-03-27 00:41:30,6.0,B/A
2083-03-27 00:43:38,10.0,B/A
2083-03-27 00:45:43,8.0,B/A
2083-03-27 00:47:44,8.0,B/A
2083-03-27 00:49:54,7.0,B/A
2083-03-27 00:51:56,7.0,B/A
2083-03-27 00:54:00,8.0,B/A
2083-03-27 00:56:01,9.0,B/A
2083-03-27 00:58:05,7.0,B/A
2083-03-27 01:00:11,9.0,B/A
2083-03-27 01:02:18,9.0,B/A
2083-03-27 01:04:21,9.0,B/A
2083-03-27 01:06:22,8.0,B/A
2083-03-27 01:08:24,9.0,B/A
2083-03-27 01:10:26,8.0,B/A
2083-03-27 01:12:41,8.0,B/A
2083-03-27 01:14:46,10.0,B/A
2083-03-27 01:16:47,10.0,B/A
2083-03-27 01:18:52,10.0,B/A
2083-03-27 01:21:06,8.0,B/A
2083-03-27 01:23:07,9.0,B/A
2083-03-27 01:25:14,7.0,B/A
2083-03-27 01:27:22,9.0,B/A
2083-03-27 01:29:30,8.0,B/A
2083-03-27 01:31:35,9.0,B/A
2083-03-27 01:33:37,8.0,B/A
2083-03-27 01:35:42,10.0,B/A
2083-03-27 01:37:47,11.0,B/A
2083-03-27 01:39:49,9.0,B/A
2083-03-27 01:41:55,11.0,B/A
2083-03-27 01:43:58,9.0,B/A
2083-03-27 01:46:01,10.0,B/A
2083-03-27 01:48:12,12.0,B/A
2083-03-27 01:50:20,13.0,B/A
2083-03-27 01:52:22,10.0,B/A
2083-03-27 01:54:29,9.0,B/A
2083-03-27 01:56:34,8.0,B/A
2083-03-27 01:58:41,10.0,B/A
2083-03-27 02:00:43,7.0,B/A
2083-03-27 02:02:48,8.0,B/A
2083-03-27 02:04:50,8.0,B/A
2083-03-27 02:06:56,10.0,B/A
2083-03-27 02:08:58,8.0,B/A
2083-03-27 02:11:01,8.0,B/A
2083-03-27 02:13:05,8.0,B/A
2083-03-27 02:15:08,12.0,B/A
2083-03-27 02:17:14,11.0,B/A
2083-03-27 02:19:18,11.0,B/A
2083-03-27 02:21:26,13.0,B/A
2083-03-27 02:23:27,9.0,B/A
2083-03-27 02:25:32,11.0,B/A
2083-03-27 02:27:35,12.0,B/A
2083-03-27 02:29:36,10.0,B/A
2083-03-27 02:31:44,12.0,B/A
2083-03-27 02:33:44,13.0,B/A
2083-03-27 02:35:46,10.0,B/A
2083-03-27 02:37:47,13.0,B/A
2083-03-27 02:39:49,12.0,B/A
2083-03-27 02:41:55,11.0,B/A
2083-03-27 02:43:58,11.0,B/A
2083-03-27 02:46:01,10.0,B/A
2083-03-27 02:48:14,10.0,B/A
2083-03-27 02:50:17,9.0,B/A
2083-03-27 02:52:20,8.0,B/A
2083-03-27 02:54:24,9.0,B/A
2083-03-27 02:56:26,8.0,B/A
2083-03-27 02:58:32,9.0,B/A
2083-03-27 03:00:46,10.0,B/A
2083-03-27 03:02:52,9.0,B/A
2083-03-27 03:04:57,8.0,B/A
2083-03-27 03:07:00,7.0,B/A
2083-03-27 03:09:04,7.0,B/A
2083-03-27 03:11:12,8.0,B/A
2083-03-27 03:13:14,7.0,B/A
2083-03-27 03:15:16,14.0,B/A
2083-03-27 03:17:20,8.0,B/A
2083-03-27 03:19:23,8.0,B/A
2083-03-27 03:21:27,7.0,B/A
2083-03-27 03:23:33,8.0,B/A
2083-03-27 03:25:36,8.0,B/A
2083-03-27 03:27:42,10.0,B/A
2083-03-27 03:29:45,10.0,B/A
2083-03-27 03:31:50,10.0,B/A
2083-03-27 03:33:50,10.0,B/A
2083-03-27 03:35:55,10.0,B/A
2083-03-27 03:37:58,12.0,B/A
2083-03-27 03:40:02,12.0,B/A
2083-03-27 03:42:10,10.0,B/A
2083-03-27 03:44:14,9.0,B/A
2083-03-27 03:46:16,10.0,B/A
2083-03-27 03:48:20,10.0,B/A
2083-03-27 03:50:26,10.0,B/A
2083-03-27 03:52:31,9.0,B/A
2083-03-27 03:54:35,10.0,B/A
2083-03-27 03:56:36,8.0,B/A
2083-03-27 03:58:47,7.0,B/A
2083-03-27 04:00:48,11.0,B/A
2083-03-27 04:02:58,8.0,B/A
2083-03-27 04:05:02,11.0,B/A
2083-03-27 04:07:10,9.0,B/A
2083-03-27 04:09:17,10.0,B/A
2083-03-27 04:11:21,9.0,B/A
2083-03-27 04:13:23,10.0,B/A
2083-03-27 04:15:25,8.0,B/A
2083-03-27 04:17:30,10.0,B/A
2083-03-27 04:19:33,10.0,B/A
2083-03-27 04:21:39,9.0,B/A
2083-03-27 04:23:41,11.0,B/A
2083-03-27 04:25:51,10.0,B/A
2083-03-27 04:27:56,10.0,B/A
2083-03-27 04:29:59,10.0,B/A
2083-03-27 04:32:01,13.0,B/A
2083-03-27 04:34:04,15.0,B/A
2083-03-27 04:36:08,17.0,B/A
2083-03-27 04:38:14,12.0,B/A
2083-03-27 04:40:16,14.0,B/A
2083-03-27 04:42:19,11.0,B/A
2083-03-27 04:44:22,12.0,B/A
2083-03-27 04:46:23,14.0,B/A
2083-03-27 04:48:28,12.0,B/A
2083-03-27 04:50:29,13.0,B/A
2083-03-27 04:52:36,14.0,B/A
2083-03-27 04:54:41,13.0,B/A
2083-03-27 04:56:46,13.0,B/A
2083-03-27 04:58:50,15.0,B/A
2083-03-27 05:00:56,14.0,B/A
2083-03-27 05:02:57,14.0,B/A
2083-03-27 05:05:02,17.0,B/A
2083-03-27 05:07:03,15.0,B/A
2083-03-27 05:09:07,15.0,B/A
2083-03-27 05:11:20,18.0,B/A
2083-03-27 05:13:22,15.0,B/A
2083-03-27 05:15:23,20.0,B/A
2083-03-27 05:17:25,17.0,B/A
2083-03-27 05:19:35,14.0,B/A
2083-03-27 05:21:38,17.0,B/A
2083-03-27 05:23:42,14.0,B/A
2083-03-27 05:25:46,15.0,B/A
2083-03-27 05:27:51,16.0,B/A
2083-03-27 05:29:54,18.0,B/A
2083-03-27 05:31:56,16.0,B/A
2083-03-27 05:34:05,14.0,B/A
2083-03-27 05:36:17,16.0,B/A
2083-03-27 05:38:30,15.0,B/A
2083-03-27 05:40:40,18.0,B/A
2083-03-27 05:42:50,18.0,B/A
2083-03-27 05:45:00,19.0,B/A
2083-03-27 05:47:07,20.0,B/A
2083-03-27 05:49:13,22.0,B/A
2083-03-27 05:51:18,24.0,B/A
2083-03-27 05:53:23,24.0,B/A
2083-03-27 05:55:31,25.0,B/A
2083-03-27 05:57:37,26.0,B/A
2083-03-27 05:59:42,20.0,B/A
2083-03-27 06:02:20,21.0,B/A
2083-03-27 06:04:23,19.0,B/A
2083-03-27 06:06:30,23.0,B/A
2083-03-27 06:08:38,19.0,B/A
2083-03-27 06:10:44,18.0,B/A
2083-03-27 06:12:48,17.0,B/A
2083-03-27 06:14:52,17.0,B/A
2083-03-27 06:16:55,20.0,B/A
2083-03-27 06:19:04,20.0,B/A
2083-03-27 06:21:08,19.0,B/A
2083-03-27 06:23:09,17.0,B/A
2083-03-27 06:25:16,22.0,B/A
2083-03-27 06:27:20,21.0,B/A
2083-03-27 06:29:24,19.0,B/A
2083-03-27 06:31:26,17.0,B/A
2083-03-27 06:33:44,18.0,B/A
2083-03-27 06:35:54,21.0,B/A
2083-03-27 06:37:54,19.0,B/A
2083-03-27 06:40:00,19.0,B/A
2083-03-27 06:42:14,24.0,B/A
2083-03-27 06:44:21,33.0,B/A
2083-03-27 06:46:27,54.0,B/A
2083-03-27 06:48:35,185.0,B/A
2083-03-27 07:11:20,147.0,B/A
2083-03-27 07:23:24,103.0,B/A
2083-03-27 07:27:05,99.0,B/A
2083-03-27 07:29:40,88.0,B/A
2083-03-27 07:32:22,80.0,B/A
2083-03-27 07:34:34,71.0,B/A
2083-03-27 07:36:38,68.0,B/A
2083-03-27 07:38:45,64.0,B/A
2083-03-27 07:40:46,62.0,B/A
2083-03-27 07:43:18,60.0,B/A
2083-03-27 07:45:35,55.0,B/A
2083-03-27 07:47:53,54.0,B/A
2083-03-27 07:50:06,60.0,B/A
2083-03-27 07:52:36,57.0,B/A
2083-03-27 07:54:42,48.0,B/A
2083-03-27 07:57:07,46.0,B/A
2083-03-27 07:59:08,42.0,B/A
2083-03-27 08:01:14,44.0,B/A
2083-03-27 08:03:16,58.0,B/A
2083-03-27 08:05:18,49.0,B/A
2083-03-27 08:10:32,31.0,B/A
2083-03-27 08:13:07,28.0,B/A
2083-03-27 08:15:14,27.0,B/A
2083-03-27 08:17:24,30.0,B/A
2083-03-27 08:19:36,29.0,B/A
2083-03-27 08:21:44,27.0,B/A
2083-03-27 08:24:00,29.0,B/A
2083-03-27 08:26:02,31.0,B/A
2083-03-27 08:28:25,28.0,B/A
2083-03-27 08:30:27,25.0,B/A
2083-03-27 08:32:30,21.0,B/A
2083-03-27 08:34:34,20.0,B/A
2083-03-27 08:37:18,18.0,B/A
2083-03-27 08:39:19,20.0,B/A
2083-03-27 08:41:20,20.0,B/A
2083-03-27 08:43:30,20.0,B/A
2083-03-27 08:45:35,21.0,B/A
2083-03-27 08:47:35,19.0,B/A
2083-03-27 08:49:41,19.0,B/A
2083-03-27 08:51:52,19.0,B/A
2083-03-27 08:53:57,18.0,B/A
2083-03-27 08:56:02,20.0,B/A
2083-03-27 08:58:03,18.0,B/A
2083-03-27 09:00:10,18.0,B/A
2083-03-27 09:02:18,16.0,B/A
2083-03-27 09:04:21,16.0,B/A
2083-03-27 09:06:24,19.0,B/A
2083-03-27 09:08:25,18.0,B/A
2083-03-27 09:10:28,17.0,B/A
2083-03-27 09:12:30,16.0,B/A
2083-03-27 09:14:37,18.0,B/A
2083-03-27 09:16:45,16.0,B/A
2083-03-27 09:18:52,17.0,B/A
2083-03-27 09:20:55,14.0,B/A
2083-03-27 09:23:07,15.0,B/A
2083-03-27 09:25:10,15.0,B/A
2083-03-27 09:27:11,13.0,B/A
2083-03-27 09:29:12,14.0,B/A
2083-03-27 09:31:16,16.0,B/A
2083-03-27 09:33:20,13.0,B/A
2083-03-27 09:35:27,17.0,B/A
2083-03-27 09:37:29,12.0,B/A
2083-03-27 09:39:35,12.0,B/A
2083-03-27 09:41:41,17.0,B/A
2083-03-27 09:43:54,11.0,B/A
2083-03-27 09:45:58,14.0,B/A
2083-03-27 09:48:05,15.0,B/A
2083-03-27 09:50:14,54.0,B/A
2083-03-27 09:53:10,53.0,B/A
2083-03-27 09:55:20,28.0,B/A
2083-03-27 09:57:27,20.0,B/A
2083-03-27 09:59:34,19.0,B/A
2083-03-27 10:01:53,14.0,B/A
2083-03-27 10:03:57,20.0,B/A
2083-03-27 10:06:03,14.0,B/A
2083-03-27 10:08:08,14.0,B/A
2083-03-27 10:10:12,14.0,B/A
2083-03-27 10:12:13,16.0,B/A
2083-03-27 10:14:30,17.0,B/A
2083-03-27 10:16:37,14.0,B/A
2083-03-27 10:18:37,20.0,B/A
2083-03-27 10:20:49,27.0,B/A
2083-03-27 10:22:53,19.0,B/A
2083-03-27 10:24:58,16.0,B/A
2083-03-27 10:27:07,14.0,B/A
2083-03-27 10:29:14,15.0,B/A
2083-03-27 10:31:19,18.0,B/A
2083-03-27 10:33:31,12.0,B/A
2083-03-27 10:35:33,13.0,B/A
2083-03-27 10:37:37,15.0,B/A
2083-03-27 10:39:45,13.0,B/A
2083-03-27 10:41:54,12.0,B/A
2083-03-27 10:43:56,11.0,B/A
2083-03-27 10:46:02,12.0,B/A
2083-03-27 10:48:18,10.0,B/A
2083-03-27 10:50:19,9.0,B/A
2083-03-27 10:52:33,11.0,B/A
2083-03-27 10:54:38,11.0,B/A
2083-03-27 10:56:43,10.0,B/A
2083-03-27 10:58:49,11.0,B/A
2083-03-27 11:00:55,11.0,B/A
2083-03-27 11:02:57,11.0,B/A
2083-03-27 11:05:08,10.0,B/A
2083-03-27 11:07:19,12.0,B/A
2083-03-27 11:09:25,10.0,B/A
2083-03-27 11:11:27,10.0,B/A
2083-03-27 11:13:31,10.0,B/A
2083-03-27 11:15:40,10.0,B/A
2083-03-27 11:17:43,11.0,B/A
2083-03-27 11:19:53,9.0,B/A
2083-03-27 11:21:57,11.0,B/A
2083-03-27 11:24:00,9.0,B/A
2083-03-27 11:26:02,11.0,B/A
2083-03-27 11:28:03,12.0,B/A
2083-03-27 11:30:10,9.0,B/A
2083-03-27 11:32:11,11.0,B/A
2083-03-27 11:34:17,11.0,B/A
2083-03-27 11:36:22,11.0,B/A
2083-03-27 11:38:25,25.0,B/A
2083-03-27 11:40:30,37.0,B/A
2083-03-27 11:42:39,36.0,B/A
2083-03-27 11:44:50,26.0,B/A
2083-03-27 11:47:28,15.0,B/A
2083-03-27 11:49:50,12.0,B/A
2083-03-27 11:51:58,9.0,B/A
2083-03-27 11:54:03,12.0,B/A
2083-03-27 11:56:08,12.0,B/A
2083-03-27 11:58:12,11.0,B/A
2083-03-27 12:00:17,9.0,B/A
2083-03-27 12:02:24,9.0,B/A
2083-03-27 12:04:28,9.0,B/A
2083-03-27 12:06:33,9.0,B/A
2083-03-27 12:08:37,10.0,B/A
2083-03-27 12:10:39,9.0,B/A
2083-03-27 12:12:43,9.0,B/A
2083-03-27 12:14:47,10.0,B/A
2083-03-27 12:16:55,10.0,B/A
2083-03-27 12:18:59,9.0,B/A
2083-03-27 12:21:03,11.0,B/A
2083-03-27 12:23:25,7.0,B/A
2083-03-27 12:25:32,10.0,B/A
2083-03-27 12:27:46,9.0,B/A
2083-03-27 12:29:50,10.0,B/A
2083-03-27 12:31:54,8.0,B/A
2083-03-27 12:33:58,11.0,B/A
2083-03-27 12:36:04,10.0,B/A
2083-03-27 12:38:06,9.0,B/A
2083-03-27 12:40:09,9.0,B/A
2083-03-27 12:42:14,10.0,B/A
2083-03-27 12:44:19,10.0,B/A
2083-03-27 12:46:23,9.0,B/A
2083-03-27 12:48:28,10.0,B/A
2083-03-27 12:50:30,9.0,B/A
2083-03-27 12:52:34,10.0,B/A
2083-03-27 12:54:41,9.0,B/A
2083-03-27 12:56:54,10.0,B/A
2083-03-27 12:58:59,9.0,B/A
2083-03-27 13:01:15,8.0,B/A
2083-03-27 13:03:18,8.0,B/A
2083-03-27 13:05:29,10.0,B/A
2083-03-27 13:07:37,9.0,B/A
2083-03-27 13:09:43,8.0,B/A
2083-03-27 13:11:46,9.0,B/A
2083-03-27 13:13:52,9.0,B/A
2083-03-27 13:15:56,10.0,B/A
2083-03-27 13:17:58,9.0,B/A
2083-03-27 13:20:07,8.0,B/A
2083-03-27 13:22:13,8.0,B/A
2083-03-27 13:24:14,9.0,B/A
2083-03-27 13:26:20,9.0,B/A
2083-03-27 13:28:25,9.0,B/A
2083-03-27 13:30:29,9.0,B/A
2083-03-27 13:32:36,10.0,B/A
2083-03-27 13:34:44,10.0,B/A
2083-03-27 13:36:46,9.0,B/A
2083-03-27 13:38:53,10.0,B/A
2083-03-27 13:40:58,7.0,B/A
2083-03-27 13:43:04,8.0,B/A
2083-03-27 13:45:11,9.0,B/A
2083-03-27 13:47:16,9.0,B/A
2083-03-27 13:49:20,7.0,B/A
2083-03-27 13:51:31,8.0,B/A
2083-03-27 13:53:37,9.0,B/A
2083-03-27 13:55:38,7.0,B/A
2083-03-27 13:57:43,7.0,B/A
2083-03-27 13:59:45,8.0,B/A
2083-03-27 14:01:50,9.0,B/A
2083-03-27 14:03:55,8.0,B/A
2083-03-27 14:05:57,9.0,B/A
2083-03-27 14:08:01,10.0,B/A
2083-03-27 14:10:08,8.0,B/A
2083-03-27 14:12:13,9.0,B/A
2083-03-27 14:14:18,10.0,B/A
2083-03-27 14:16:22,10.0,B/A
2083-03-27 14:18:25,10.0,B/A
2083-03-27 14:20:34,9.0,B/A
2083-03-27 14:22:42,11.0,B/A
2083-03-27 14:24:45,9.0,B/A
2083-03-27 14:26:53,8.0,B/A
2083-03-27 14:28:56,8.0,B/A
2083-03-27 14:31:01,8.0,B/A
2083-03-27 14:33:04,12.0,B/A
2083-03-27 14:35:10,9.0,B/A
2083-03-27 14:37:11,10.0,B/A
2083-03-27 14:39:16,10.0,B/A
2083-03-27 14:41:19,8.0,B/A
2083-03-27 14:43:33,10.0,B/A
2083-03-27 14:45:38,7.0,B/A
2083-03-27 14:47:39,9.0,B/A
2083-03-27 14:49:45,7.0,B/A
2083-03-27 14:51:46,6.0,B/A
2083-03-27 14:53:50,9.0,B/A
2083-03-27 14:55:53,8.0,B/A
2083-03-27 14:57:58,8.0,B/A
2083-03-27 14:59:59,8.0,B/A
2083-03-27 15:02:04,8.0,B/A
2083-03-27 15:04:08,7.0,B/A
2083-03-27 15:06:16,11.0,B/A
2083-03-27 15:08:18,11.0,B/A
2083-03-27 15:10:25,10.0,B/A
2083-03-27 15:12:27,9.0,B/A
2083-03-27 15:14:28,7.0,B/A
2083-03-27 15:16:32,8.0,B/A
2083-03-27 15:18:38,8.0,B/A
2083-03-27 15:20:41,11.0,B/A
2083-03-27 15:22:42,7.0,B/A
2083-03-27 15:24:43,10.0,B/A
2083-03-27 15:26:44,7.0,B/A
2083-03-27 15:28:46,10.0,B/A
2083-03-27 15:30:53,10.0,B/A
2083-03-27 15:33:05,7.0,B/A
2083-03-27 15:35:14,8.0,B/A
2083-03-27 15:37:16,7.0,B/A
2083-03-27 15:39:26,8.0,B/A
2083-03-27 15:41:27,8.0,B/A
2083-03-27 15:43:31,11.0,B/A
2083-03-27 15:45:33,11.0,B/A
2083-03-27 15:47:36,8.0,B/A
2083-03-27 15:49:37,9.0,B/A
2083-03-27 15:51:44,8.0,B/A
2083-03-27 15:53:50,9.0,B/A
2083-03-27 15:55:55,9.0,B/A
2083-03-27 15:57:56,9.0,B/A
2083-03-27 16:00:02,9.0,B/A
2083-03-27 16:02:07,9.0,B/A
2083-03-27 16:04:17,9.0,B/A
2083-03-27 16:06:22,8.0,B/A
2083-03-27 16:08:27,9.0,B/A
2083-03-27 16:10:28,11.0,B/A
2083-03-27 16:12:35,9.0,B/A
2083-03-27 16:14:36,9.0,B/A
2083-03-27 16:16:45,8.0,B/A
2083-03-27 16:18:50,8.0,B/A
2083-03-27 16:20:55,9.0,B/A
2083-03-27 16:23:00,10.0,B/A
2083-03-27 16:25:06,10.0,B/A
2083-03-27 16:27:08,8.0,B/A
2083-03-27 16:29:16,8.0,B/A
2083-03-27 16:31:17,10.0,B/A
2083-03-27 16:33:20,8.0,B/A
2083-03-27 16:35:23,9.0,B/A
2083-03-27 16:37:24,9.0,B/A
2083-03-27 16:39:27,16.0,B/A
2083-03-27 16:41:29,11.0,B/A
2083-03-27 16:43:30,10.0,B/A
2083-03-27 16:45:32,10.0,B/A
2083-03-27 16:47:41,10.0,B/A
2083-03-27 16:49:47,9.0,B/A
2083-03-27 16:51:56,11.0,B/A
2083-03-27 16:54:02,11.0,B/A
2083-03-27 16:56:03,9.0,B/A
2083-03-27 16:58:12,8.0,B/A
2083-03-27 17:00:17,9.0,B/A
2083-03-27 17:02:19,10.0,B/A
2083-03-27 17:04:22,8.0,B/A
2083-03-27 17:06:23,10.0,B/A
2083-03-27 17:08:37,9.0,B/A
2083-03-27 17:10:41,13.0,B/A
2083-03-27 17:12:42,10.0,B/A
2083-03-27 17:14:45,13.0,B/A
2083-03-27 17:16:51,11.0,B/A
2083-03-27 17:18:58,10.0,B/A
2083-03-27 17:21:03,9.0,B/A
2083-03-27 17:23:09,11.0,B/A
2083-03-27 17:25:17,10.0,B/A
2083-03-27 17:27:24,10.0,B/A
2083-03-27 17:29:26,10.0,B/A
2083-03-27 17:31:44,10.0,B/A
2083-03-27 17:33:47,10.0,B/A
2083-03-27 17:35:52,8.0,B/A
2083-03-27 17:37:56,9.0,B/A
2083-03-27 17:40:01,8.0,B/A
2083-03-27 17:42:07,9.0,B/A
2083-03-27 17:44:09,10.0,B/A
2083-03-27 17:46:12,11.0,B/A
2083-03-27 17:48:16,10.0,B/A
2083-03-27 17:50:23,10.0,B/A
2083-03-27 17:52:24,9.0,B/A
2083-03-27 17:54:34,10.0,B/A
2083-03-27 17:56:35,11.0,B/A
2083-03-27 17:58:36,10.0,B/A
2083-03-27 18:00:38,10.0,B/A
2083-03-27 18:02:41,9.0,B/A
2083-03-27 18:04:44,14.0,B/A
2083-03-27 18:06:47,11.0,B/A
2083-03-27 18:08:49,11.0,B/A
2083-03-27 18:10:51,11.0,B/A
2083-03-27 18:12:56,9.0,B/A
2083-03-27 18:14:58,9.0,B/A
2083-03-27 18:17:01,9.0,B/A
2083-03-27 18:19:11,9.0,B/A
2083-03-27 18:21:13,12.0,B/A
2083-03-27 18:23:15,10.0,B/A
2083-03-27 18:25:25,8.0,B/A
2083-03-27 18:27:35,8.0,B/A
2083-03-27 18:29:38,8.0,B/A
2083-03-27 18:31:39,9.0,B/A
2083-03-27 18:33:44,7.0,B/A
2083-03-27 18:35:49,9.0,B/A
2083-03-27 18:37:54,8.0,B/A
2083-03-27 18:40:01,10.0,B/A
2083-03-27 18:42:03,10.0,B/A
2083-03-27 18:44:05,8.0,B/A
2083-03-27 18:46:09,8.0,B/A
2083-03-27 18:48:18,9.0,B/A
2083-03-27 18:50:21,9.0,B/A
2083-03-27 18:52:24,10.0,B/A
2083-03-27 18:54:25,10.0,B/A
2083-03-27 18:56:26,9.0,B/A
2083-03-27 18:58:33,9.0,B/A
2083-03-27 19:00:45,8.0,B/A
2083-03-27 19:02:48,10.0,B/A
2083-03-27 19:04:55,10.0,B/A
2083-03-27 19:06:59,10.0,B/A
2083-03-27 19:09:02,11.0,B/A
2083-03-27 19:11:04,13.0,B/A
2083-03-27 19:13:23,11.0,B/A
2083-03-27 19:15:24,11.0,B/A
2083-03-27 19:17:26,10.0,B/A
2083-03-27 19:19:33,10.0,B/A
2083-03-27 19:21:38,8.0,B/A
2083-03-27 19:23:41,9.0,B/A
2083-03-27 19:25:49,9.0,B/A
2083-03-27 19:28:04,9.0,B/A
2083-03-27 19:30:15,9.0,B/A
2083-03-27 19:32:18,9.0,B/A
2083-03-27 19:34:23,10.0,B/A
2083-03-27 19:36:32,9.0,B/A
2083-03-27 19:38:37,10.0,B/A
2083-03-27 19:40:41,9.0,B/A
2083-03-27 19:42:44,11.0,B/A
2083-03-27 19:44:50,12.0,B/A
2083-03-27 19:46:58,12.0,B/A
2083-03-27 19:49:02,12.0,B/A
2083-03-27 19:51:10,13.0,B/A
2083-03-27 19:53:13,12.0,B/A
2083-03-27 19:55:14,12.0,B/A
2083-03-27 19:57:23,13.0,B/A
2083-03-27 19:59:25,12.0,B/A
2083-03-27 20:01:34,11.0,B/A
2083-03-27 20:03:45,14.0,B/A
2083-03-27 20:06:02,15.0,B/A
2083-03-27 20:08:08,14.0,B/A
2083-03-27 20:10:13,11.0,B/A
2083-03-27 20:12:19,13.0,B/A
2083-03-27 20:14:22,10.0,B/A
2083-03-27 20:16:27,13.0,B/A
2083-03-27 20:18:32,11.0,B/A
2083-03-27 20:20:36,12.0,B/A
2083-03-27 20:22:37,10.0,B/A
2083-03-27 20:24:40,9.0,B/A
2083-03-27 20:27:02,10.0,B/A
2083-03-27 20:29:05,9.0,B/A
2083-03-27 20:31:07,8.0,B/A
2083-03-27 20:33:09,12.0,B/A
2083-03-27 20:35:15,11.0,B/A
2083-03-27 20:37:27,8.0,B/A
2083-03-27 20:39:31,10.0,B/A
2083-03-27 20:41:32,8.0,B/A
2083-03-27 20:43:38,10.0,B/A
2083-03-27 20:45:40,9.0,B/A
2083-03-27 20:47:46,8.0,B/A
2083-03-27 20:49:48,8.0,B/A
2083-03-27 20:51:51,7.0,B/A
2083-03-27 20:53:58,9.0,B/A
2083-03-27 20:56:02,10.0,B/A
2083-03-27 20:58:04,8.0,B/A
2083-03-27 21:00:07,9.0,B/A
2083-03-27 21:02:08,10.0,B/A
2083-03-27 21:04:11,10.0,B/A
2083-03-27 21:06:13,7.0,B/A
2083-03-27 21:08:17,11.0,B/A
2083-03-27 21:10:24,9.0,B/A
2083-03-27 21:12:30,10.0,B/A
2083-03-27 21:14:36,8.0,B/A
2083-03-27 21:16:39,9.0,B/A
2083-03-27 21:18:40,6.0,B/A
2083-03-27 21:20:41,8.0,B/A
2083-03-27 21:22:43,10.0,B/A
2083-03-27 21:24:45,13.0,B/A
2083-03-27 21:26:47,11.0,B/A
2083-03-27 21:28:50,9.0,B/A
2083-03-27 21:30:53,11.0,B/A
2083-03-27 21:33:00,12.0,B/A
2083-03-27 21:35:03,14.0,B/A
2083-03-27 21:37:09,11.0,B/A
2083-03-27 21:39:14,10.0,B/A
2083-03-27 21:41:15,10.0,B/A
2083-03-27 21:43:21,11.0,B/A
2083-03-27 21:45:22,13.0,B/A
2083-03-27 21:47:24,11.0,B/A
2083-03-27 21:49:29,11.0,B/A
2083-03-27 21:51:34,204.0,B/A
2083-03-27 21:57:43,128.0,B/A
2083-03-27 22:01:55,72.0,B/A
2083-03-27 22:04:30,50.0,B/A
2083-03-27 22:06:57,43.0,B/A
2083-03-27 22:09:00,39.0,B/A
2083-03-27 22:11:01,31.0,B/A
2083-03-27 22:13:48,26.0,B/A
2083-03-27 22:16:37,19.0,B/A
2083-03-27 22:18:39,16.0,B/A
2083-03-27 22:21:02,12.0,B/A
2083-03-27 22:23:07,12.0,B/A
2083-03-27 22:25:10,11.0,B/A
2083-03-27 22:27:21,11.0,B/A
2083-03-27 22:29:28,13.0,B/A
2083-03-27 22:31:31,7.0,B/A
2083-03-27 22:33:38,7.0,B/A
2083-03-27 22:35:40,9.0,B/A
2083-03-27 22:37:44,7.0,B/A
2083-03-27 22:39:48,10.0,B/A
2083-03-27 22:41:50,9.0,B/A
2083-03-27 22:43:53,7.0,B/A
2083-03-27 22:45:54,7.0,B/A
2083-03-27 22:47:55,8.0,B/A
2083-03-27 22:49:59,7.0,B/A
2083-03-27 22:52:07,7.0,B/A
2083-03-27 22:54:15,8.0,B/A
2083-03-27 22:56:19,8.0,B/A
2083-03-27 22:58:24,9.0,B/A
2083-03-27 23:00:29,7.0,B/A
2083-03-27 23:02:31,8.0,B/A
2083-03-27 23:04:32,11.0,B/A
2083-03-27 23:06:34,7.0,B/A
2083-03-27 23:08:40,8.0,B/A
2083-03-27 23:10:43,9.0,B/A
2083-03-27 23:13:02,7.0,B/A
2083-03-27 23:15:02,8.0,B/A
2083-03-27 23:17:05,7.0,B/A
2083-03-27 23:19:11,6.0,B/A
2083-03-27 23:21:12,8.0,B/A
2083-03-27 23:23:13,8.0,B/A
2083-03-27 23:25:18,8.0,B/A
2083-03-27 23:27:18,12.0,B/A
2083-03-27 23:29:26,10.0,B/A
2083-03-27 23:31:32,11.0,B/A
2083-03-27 23:33:38,9.0,B/A
2083-03-27 23:35:48,8.0,B/A
2083-03-27 23:37:51,7.0,B/A
2083-03-27 23:39:53,8.0,B/A
2083-03-27 23:41:56,8.0,B/A
2083-03-27 23:43:59,8.0,B/A
2083-03-27 23:46:03,8.0,B/A
2083-03-27 23:48:07,10.0,B/A
2083-03-27 23:50:11,10.0,B/A
2083-03-27 23:52:13,10.0,B/A
2083-03-27 23:54:16,9.0,B/A
2083-03-27 23:56:39,8.0,B/A
2083-03-27 23:58:41,10.0,B/A
2083-03-29 00:00:04,8.0,B/A
2083-03-29 00:02:09,9.0,B/A
2083-03-29 00:04:11,10.0,B/A
2083-03-29 00:06:15,10.0,B/A
2083-03-29 00:08:19,11.0,B/A
2083-03-29 00:10:20,8.0,B/A
2083-03-29 00:12:25,9.0,B/A
2083-03-29 00:14:32,9.0,B/A
2083-03-29 00:16:34,11.0,B/A
2083-03-29 00:18:39,10.0,B/A
2083-03-29 00:20:41,11.0,B/A
2083-03-29 00:22:45,10.0,B/A
2083-03-29 00:24:59,12.0,B/A
2083-03-29 00:27:01,16.0,B/A
2083-03-29 00:29:03,27.0,B/A
2083-03-29 00:31:19,40.0,B/A
2083-03-29 00:33:31,36.0,B/A
2083-03-29 00:35:37,24.0,B/A
2083-03-29 00:37:43,18.0,B/A
2083-03-29 00:39:52,16.0,B/A
2083-03-29 00:41:57,15.0,B/A
2083-03-29 00:44:16,12.0,B/A
2083-03-29 00:46:25,16.0,B/A
2083-03-29 00:48:30,12.0,B/A
2083-03-29 00:50:31,13.0,B/A
2083-03-29 00:52:37,12.0,B/A
2083-03-29 00:54:42,12.0,B/A
2083-03-29 00:56:45,10.0,B/A
2083-03-29 00:58:49,9.0,B/A
2083-03-29 01:00:52,12.0,B/A
2083-03-29 01:02:58,11.0,B/A
2083-03-29 01:04:58,11.0,B/A
2083-03-29 01:07:05,11.0,B/A
2083-03-29 01:09:14,12.0,B/A
2083-03-29 01:11:20,14.0,B/A
2083-03-29 01:13:25,15.0,B/A
2083-03-29 01:15:29,12.0,B/A
2083-03-29 01:17:40,9.0,B/A
2083-03-29 01:19:41,10.0,B/A
2083-03-29 01:21:42,11.0,B/A
2083-03-29 01:23:44,9.0,B/A
2083-03-29 01:25:48,8.0,B/A
2083-03-29 01:27:58,7.0,B/A
2083-03-29 01:30:07,10.0,B/A
2083-03-29 01:32:08,10.0,B/A
2083-03-29 01:34:16,10.0,B/A
2083-03-29 01:36:33,7.0,B/A
2083-03-29 01:38:41,8.0,B/A
2083-03-29 01:40:47,10.0,B/A
2083-03-29 01:42:50,9.0,B/A
2083-03-29 01:44:52,10.0,B/A
2083-03-29 01:46:56,11.0,B/A
2083-03-29 01:49:01,15.0,B/A
2083-03-29 01:51:06,14.0,B/A
2083-03-29 01:53:16,11.0,B/A
2083-03-29 01:55:16,10.0,B/A
2083-03-29 01:57:34,9.0,B/A
2083-03-29 01:59:36,9.0,B/A
2083-03-29 02:01:46,9.0,B/A
2083-03-29 02:03:48,9.0,B/A
2083-03-29 02:05:55,10.0,B/A
2083-03-29 02:08:06,10.0,B/A
2083-03-29 02:10:12,9.0,B/A
2083-03-29 02:12:17,9.0,B/A
2083-03-29 02:14:24,9.0,B/A
2083-03-29 02:16:29,7.0,B/A
2083-03-29 02:18:32,8.0,B/A
2083-03-29 02:20:42,9.0,B/A
2083-03-29 02:22:46,8.0,B/A
2083-03-29 02:24:51,9.0,B/A
2083-03-29 02:26:56,7.0,B/A
2083-03-29 02:28:58,9.0,B/A
2083-03-29 02:31:01,9.0,B/A
2083-03-29 02:33:11,10.0,B/A
2083-03-29 02:35:13,8.0,B/A
2083-03-29 02:37:20,7.0,B/A
2083-03-29 02:39:23,9.0,B/A
2083-03-29 02:41:25,10.0,B/A
2083-03-29 02:43:34,12.0,B/A
2083-03-29 02:45:37,12.0,B/A
2083-03-29 02:47:38,10.0,B/A
2083-03-29 02:49:43,11.0,B/A
2083-03-29 02:51:56,10.0,B/A
2083-03-29 02:54:07,13.0,B/A
2083-03-29 02:56:12,11.0,B/A
2083-03-29 02:58:13,10.0,B/A
2083-03-29 03:00:14,11.0,B/A
2083-03-29 03:02:23,10.0,B/A
2083-03-29 03:04:25,10.0,B/A
2083-03-29 03:06:30,11.0,B/A
2083-03-29 03:08:38,11.0,B/A
2083-03-29 03:10:45,11.0,B/A
2083-03-29 03:12:45,10.0,B/A
2083-03-29 03:14:58,11.0,B/A
2083-03-29 03:17:01,25.0,B/A
2083-03-29 03:19:06,18.0,B/A
2083-03-29 03:21:15,10.0,B/A
2083-03-29 03:23:20,9.0,B/A
2083-03-29 03:25:31,11.0,B/A
2083-03-29 03:27:37,9.0,B/A
2083-03-29 03:29:40,7.0,B/A
2083-03-29 03:31:44,8.0,B/A
2083-03-29 03:33:48,8.0,B/A
2083-03-29 03:35:51,7.0,B/A
2083-03-29 03:38:01,8.0,B/A
2083-03-29 03:40:07,8.0,B/A
2083-03-29 03:42:09,9.0,B/A
2083-03-29 03:44:16,10.0,B/A
2083-03-29 03:46:19,9.0,B/A
2083-03-29 03:48:23,9.0,B/A
2083-03-29 03:50:26,8.0,B/A
2083-03-29 03:52:37,8.0,B/A
2083-03-29 03:54:41,8.0,B/A
2083-03-29 03:56:41,7.0,B/A
2083-03-29 03:58:44,7.0,B/A
2083-03-29 04:00:45,9.0,B/A
2083-03-29 04:02:47,8.0,B/A
2083-03-29 04:04:52,8.0,B/A
2083-03-29 04:07:00,10.0,B/A
2083-03-29 04:09:04,10.0,B/A
2083-03-29 04:11:08,9.0,B/A
2083-03-29 04:13:19,10.0,B/A
2083-03-29 04:15:27,10.0,B/A
2083-03-29 04:17:31,13.0,B/A
2083-03-29 04:19:34,29.0,B/A
2083-03-29 04:21:35,26.0,B/A
2083-03-29 04:23:42,17.0,B/A
2083-03-29 04:25:47,16.0,B/A
2083-03-29 04:27:56,15.0,B/A
2083-03-29 04:30:11,17.0,B/A
2083-03-29 04:32:12,14.0,B/A
2083-03-29 04:34:14,11.0,B/A
2083-03-29 04:36:25,13.0,B/A
2083-03-29 04:38:26,13.0,B/A
2083-03-29 04:40:30,11.0,B/A
2083-03-29 04:42:32,11.0,B/A
2083-03-29 04:44:52,10.0,B/A
2083-03-29 04:46:58,9.0,B/A
2083-03-29 04:49:00,8.0,B/A
2083-03-29 04:51:04,9.0,B/A
2083-03-29 04:53:06,9.0,B/A
2083-03-29 04:55:11,10.0,B/A
2083-03-29 04:57:15,8.0,B/A
2083-03-29 04:59:18,7.0,B/A
2083-03-29 05:01:21,8.0,B/A
2083-03-29 05:03:26,9.0,B/A
2083-03-29 05:05:33,8.0,B/A
2083-03-29 05:07:43,9.0,B/A
2083-03-29 05:09:45,10.0,B/A
2083-03-29 05:11:47,9.0,B/A
2083-03-29 05:13:50,9.0,B/A
2083-03-29 05:15:58,13.0,B/A
2083-03-29 05:18:02,13.0,B/A
2083-03-29 05:20:05,11.0,B/A
2083-03-29 05:22:07,10.0,B/A
2083-03-29 05:24:12,9.0,B/A
2083-03-29 05:26:19,9.0,B/A
2083-03-29 05:28:26,9.0,B/A
2083-03-29 05:30:26,10.0,B/A
2083-03-29 05:32:31,11.0,B/A
2083-03-29 05:34:38,15.0,B/A
2083-03-29 05:36:42,17.0,B/A
2083-03-29 05:38:46,14.0,B/A
2083-03-29 05:40:51,10.0,B/A
2083-03-29 05:42:56,8.0,B/A
2083-03-29 05:45:05,7.0,B/A
2083-03-29 05:47:10,7.0,B/A
2083-03-29 05:49:14,8.0,B/A
2083-03-29 05:51:16,8.0,B/A
2083-03-29 05:53:22,7.0,B/A
2083-03-29 05:55:23,7.0,B/A
2083-03-29 05:57:27,8.0,B/A
2083-03-29 05:59:32,17.0,B/A
2083-03-29 06:01:36,20.0,B/A
2083-03-29 06:03:46,13.0,B/A
2083-03-29 06:05:46,11.0,B/A
2083-03-29 06:07:52,13.0,B/A
2083-03-29 06:09:58,10.0,B/A
2083-03-29 06:12:06,11.0,B/A
2083-03-29 06:14:12,10.0,B/A
2083-03-29 06:16:15,8.0,B/A
2083-03-29 06:18:25,9.0,B/A
2083-03-29 06:20:29,9.0,B/A
2083-03-29 06:22:37,9.0,B/A
2083-03-29 06:24:42,7.0,B/A
2083-03-29 06:26:47,10.0,B/A
2083-03-29 06:28:51,9.0,B/A
2083-03-29 06:30:59,8.0,B/A
2083-03-29 06:33:03,10.0,B/A
2083-03-29 06:35:07,11.0,B/A
2083-03-29 06:37:12,12.0,B/A
2083-03-29 06:39:16,10.0,B/A
2083-03-29 06:41:22,12.0,B/A
2083-03-29 06:43:24,11.0,B/A
2083-03-29 06:45:26,11.0,B/A
2083-03-29 06:47:32,12.0,B/A
2083-03-29 06:49:34,12.0,B/A
2083-03-29 06:51:43,14.0,B/A
2083-03-29 06:53:53,9.0,B/A
2083-03-29 06:55:58,15.0,B/A
2083-03-29 06:58:02,15.0,B/A
2083-03-29 07:00:04,18.0,B/A
2083-03-29 07:02:07,13.0,B/A
2083-03-29 07:04:23,15.0,B/A
2083-03-29 07:06:36,8.0,B/A
2083-03-29 07:08:48,7.0,B/A
2083-03-29 07:10:56,7.0,B/A
2083-03-29 07:13:04,6.0,B/A
2083-03-29 07:15:12,9.0,B/A
2083-03-29 07:17:25,8.0,B/A
2083-03-29 07:19:26,6.0,B/A
2083-03-29 07:21:27,8.0,B/A
2083-03-29 07:23:35,7.0,B/A
2083-03-29 07:25:43,6.0,B/A
2083-03-29 07:27:50,7.0,B/A
2083-03-29 07:29:55,5.0,B/A
2083-03-29 07:32:03,7.0,B/A
2083-03-29 07:34:07,6.0,B/A
2083-03-29 07:36:15,10.0,B/A
2083-03-29 07:38:19,17.0,B/A
2083-03-29 07:40:26,17.0,B/A
2083-03-29 07:42:26,11.0,B/A
2083-03-29 07:44:29,12.0,B/A
2083-03-29 07:46:42,8.0,B/A
2083-03-29 07:49:05,9.0,B/A
2083-03-29 07:51:22,9.0,B/A
2083-03-29 07:53:31,9.0,B/A
2083-03-29 07:55:37,8.0,B/A
2083-03-29 07:57:41,9.0,B/A
2083-03-29 07:59:44,9.0,B/A
2083-03-29 08:01:45,8.0,B/A
2083-03-29 08:03:48,7.0,B/A
2083-03-29 08:05:51,8.0,B/A
2083-03-29 08:07:53,8.0,B/A
2083-03-29 08:09:55,8.0,B/A
2083-03-29 08:11:56,8.0,B/A
2083-03-29 08:14:10,9.0,B/A
2083-03-29 08:16:12,147.0,B/A
2083-03-29 08:19:31,93.0,B/A
2083-03-29 08:22:09,20.0,B/A
2083-03-29 08:24:23,9.0,B/A
2083-03-29 08:26:28,9.0,B/A
2083-03-29 08:28:56,8.0,B/A
2083-03-29 08:31:11,8.0,B/A
2083-03-29 08:33:15,7.0,B/A
2083-03-29 08:35:19,8.0,B/A
2083-03-29 08:37:20,7.0,B/A
2083-03-29 08:39:25,8.0,B/A
2083-03-29 08:41:30,8.0,B/A
2083-03-29 08:43:39,7.0,B/A
2083-03-29 08:45:42,9.0,B/A
2083-03-29 08:47:45,8.0,B/A
2083-03-29 08:49:50,8.0,B/A
2083-03-29 08:51:51,9.0,B/A
2083-03-29 08:53:53,8.0,B/A
2083-03-29 08:55:55,9.0,B/A
2083-03-29 08:58:03,8.0,B/A
2083-03-29 09:00:10,9.0,B/A
2083-03-29 09:02:18,8.0,B/A
2083-03-29 09:04:27,9.0,B/A
2083-03-29 09:06:31,8.0,B/A
2083-03-29 09:08:39,9.0,B/A
2083-03-29 09:10:41,8.0,B/A
2083-03-29 09:12:43,9.0,B/A
2083-03-29 09:14:50,9.0,B/A
2083-03-29 09:16:53,8.0,B/A
2083-03-29 09:19:02,10.0,B/A
2083-03-29 09:21:15,9.0,B/A
2083-03-29 09:23:20,9.0,B/A
2083-03-29 09:25:26,21.0,B/A
2083-03-29 09:27:31,37.0,B/A
2083-03-29 09:29:38,30.0,B/A
2083-03-29 09:31:44,19.0,B/A
2083-03-29 09:33:58,15.0,B/A
2083-03-29 09:35:59,13.0,B/A
2083-03-29 09:38:01,9.0,B/A
2083-03-29 09:40:02,11.0,B/A
2083-03-29 09:42:08,10.0,B/A
2083-03-29 09:44:09,8.0,B/A
2083-03-29 09:46:13,9.0,B/A
2083-03-29 09:48:19,8.0,B/A
2083-03-29 09:50:24,9.0,B/A
2083-03-29 09:52:30,9.0,B/A
2083-03-29 09:54:32,9.0,B/A
2083-03-29 09:56:34,9.0,B/A
2083-03-29 09:58:43,10.0,B/A
2083-03-29 10:00:49,10.0,B/A
2083-03-29 10:02:55,10.0,B/A
2083-03-29 10:05:00,9.0,B/A
2083-03-29 10:07:04,9.0,B/A
2083-03-29 10:09:11,10.0,B/A
2083-03-29 10:11:15,9.0,B/A
2083-03-29 10:13:19,14.0,B/A
2083-03-29 10:15:21,10.0,B/A
2083-03-29 10:17:22,9.0,B/A
2083-03-29 10:19:23,10.0,B/A
2083-03-29 10:21:29,10.0,B/A
2083-03-29 10:23:36,10.0,B/A
2083-03-29 10:25:37,11.0,B/A
2083-03-29 10:27:38,16.0,B/A
2083-03-29 10:29:44,18.0,B/A
2083-03-29 10:31:54,16.0,B/A
2083-03-29 10:33:56,15.0,B/A
2083-03-29 10:36:10,13.0,B/A
2083-03-29 10:38:20,10.0,B/A
2083-03-29 10:40:22,12.0,B/A
2083-03-29 10:42:24,10.0,B/A
2083-03-29 10:44:31,10.0,B/A
2083-03-29 10:46:34,10.0,B/A
2083-03-29 10:48:35,12.0,B/A
2083-03-29 10:50:41,9.0,B/A
2083-03-29 10:52:46,9.0,B/A
2083-03-29 10:54:47,10.0,B/A
2083-03-29 10:56:48,8.0,B/A
2083-03-29 10:58:52,10.0,B/A
2083-03-29 11:00:55,9.0,B/A
2083-03-29 11:02:57,8.0,B/A
2083-03-29 11:05:01,8.0,B/A
2083-03-29 11:07:04,8.0,B/A
2083-03-29 11:09:05,8.0,B/A
2083-03-29 11:11:12,10.0,B/A
2083-03-29 11:13:13,9.0,B/A
2083-03-29 11:15:19,8.0,B/A
2083-03-29 11:17:21,9.0,B/A
2083-03-29 11:19:37,10.0,B/A
2083-03-29 11:21:44,8.0,B/A
2083-03-29 11:23:48,10.0,B/A
2083-03-29 11:25:50,10.0,B/A
2083-03-29 11:27:56,8.0,B/A
2083-03-29 11:30:00,10.0,B/A
2083-03-29 11:32:08,10.0,B/A
2083-03-29 11:34:12,12.0,B/A
2083-03-29 11:36:24,9.0,B/A
2083-03-29 11:38:28,11.0,B/A
2083-03-29 11:40:33,10.0,B/A
2083-03-29 11:42:36,10.0,B/A
2083-03-29 11:44:38,10.0,B/A
2083-03-29 11:46:48,12.0,B/A
2083-03-29 11:48:49,9.0,B/A
2083-03-29 11:50:51,12.0,B/A
2083-03-29 11:53:00,10.0,B/A
2083-03-29 11:55:06,10.0,B/A
2083-03-29 11:57:14,13.0,B/A
2083-03-29 11:59:18,12.0,B/A
2083-03-29 12:01:23,10.0,B/A
2083-03-29 12:03:32,20.0,B/A
2083-03-29 12:05:35,23.0,B/A
2083-03-29 12:07:48,12.0,B/A
2083-03-29 12:09:55,15.0,B/A
2083-03-29 12:12:04,11.0,B/A
2083-03-29 12:14:09,12.0,B/A
2083-03-29 12:16:10,12.0,B/A
2083-03-29 12:18:15,12.0,B/A
2083-03-29 12:20:23,10.0,B/A
2083-03-29 12:22:27,13.0,B/A
2083-03-29 12:24:28,12.0,B/A
2083-03-29 12:26:35,13.0,B/A
2083-03-29 12:28:37,11.0,B/A
2083-03-29 12:30:42,12.0,B/A
2083-03-29 12:32:44,11.0,B/A
2083-03-29 12:34:52,11.0,B/A
2083-03-29 12:36:57,10.0,B/A
2083-03-29 12:38:59,9.0,B/A
2083-03-29 12:41:01,10.0,B/A
2083-03-29 12:43:03,8.0,B/A
2083-03-29 12:45:06,11.0,B/A
2083-03-29 12:47:13,11.0,B/A
2083-03-29 12:49:13,11.0,B/A
2083-03-29 12:51:17,9.0,B/A
2083-03-29 12:53:19,10.0,B/A
2083-03-29 12:55:21,10.0,B/A
2083-03-29 12:57:27,9.0,B/A
2083-03-29 12:59:29,10.0,B/A
2083-03-29 13:01:33,10.0,B/A
2083-03-29 13:03:40,13.0,B/A
2083-03-29 13:05:40,11.0,B/A
2083-03-29 13:07:50,14.0,B/A
2083-03-29 13:09:55,12.0,B/A
2083-03-29 13:11:58,11.0,B/A
2083-03-29 13:13:59,10.0,B/A
2083-03-29 13:16:09,12.0,B/A
2083-03-29 13:18:11,11.0,B/A
2083-03-29 13:20:14,12.0,B/A
2083-03-29 13:22:18,15.0,B/A
2083-03-29 13:24:23,13.0,B/A
2083-03-29 13:26:28,11.0,B/A
2083-03-29 13:28:33,9.0,B/A
2083-03-29 13:30:41,10.0,B/A
2083-03-29 13:32:46,10.0,B/A
2083-03-29 13:34:50,17.0,B/A
2083-03-29 13:36:57,94.0,B/A
2083-03-29 13:39:50,65.0,B/A
2083-03-29 13:42:09,18.0,B/A
2083-03-29 13:44:10,15.0,B/A
2083-03-29 13:46:35,12.0,B/A
2083-03-29 13:48:38,15.0,B/A
2083-03-29 13:50:41,14.0,B/A
2083-03-29 13:52:46,14.0,B/A
2083-03-29 13:54:52,12.0,B/A
2083-03-29 13:56:56,16.0,B/A
2083-03-29 13:59:03,12.0,B/A
2083-03-29 14:01:04,12.0,B/A
2083-03-29 14:03:10,14.0,B/A
2083-03-29 14:05:21,14.0,B/A
2083-03-29 14:07:30,10.0,B/A
2083-03-29 14:09:35,12.0,B/A
2083-03-29 14:11:36,10.0,B/A
2083-03-29 14:13:43,11.0,B/A
2083-03-29 14:15:53,10.0,B/A
2083-03-29 14:17:59,13.0,B/A
2083-03-29 14:20:08,13.0,B/A
2083-03-29 14:22:10,15.0,B/A
2083-03-29 14:24:15,14.0,B/A
2083-03-29 14:26:22,11.0,B/A
2083-03-29 14:28:25,11.0,B/A
2083-03-29 14:30:31,11.0,B/A
2083-03-29 14:32:34,13.0,B/A
2083-03-29 14:34:56,11.0,B/A
2083-03-29 14:37:02,11.0,B/A
2083-03-29 14:39:03,11.0,B/A
2083-03-29 14:41:09,15.0,B/A
2083-03-29 14:43:15,156.0,B/A
2083-03-29 14:51:14,124.0,B/A
2083-03-29 14:56:05,98.0,B/A
2083-03-29 14:58:57,54.0,B/A
2083-03-29 15:01:02,23.0,B/A
2083-03-29 15:03:17,19.0,B/A
2083-03-29 15:05:36,14.0,B/A
2083-03-29 15:07:38,13.0,B/A
2083-03-29 15:09:48,12.0,B/A
2083-03-29 15:11:52,12.0,B/A
2083-03-29 15:14:03,11.0,B/A
2083-03-29 15:16:08,13.0,B/A
2083-03-29 15:18:09,11.0,B/A
2083-03-29 15:20:13,11.0,B/A
2083-03-29 15:22:18,11.0,B/A
2083-03-29 15:24:18,12.0,B/A
2083-03-29 15:26:25,11.0,B/A
2083-03-29 15:28:29,11.0,B/A
2083-03-29 15:30:36,12.0,B/A
2083-03-29 15:32:39,12.0,B/A
2083-03-29 15:34:41,13.0,B/A
2083-03-29 15:36:43,10.0,B/A
2083-03-29 15:38:44,9.0,B/A
2083-03-29 15:40:46,11.0,B/A
2083-03-29 15:43:01,13.0,B/A
2083-03-29 15:45:05,11.0,B/A
2083-03-29 15:47:15,10.0,B/A
2083-03-29 15:49:21,13.0,B/A
2083-03-29 15:51:28,11.0,B/A
2083-03-29 15:53:31,9.0,B/A
2083-03-29 15:55:32,12.0,B/A
2083-03-29 15:57:39,11.0,B/A
2083-03-29 15:59:44,11.0,B/A
2083-03-29 16:01:46,11.0,B/A
2083-03-29 16:03:51,11.0,B/A
2083-03-29 16:05:54,12.0,B/A
2083-03-29 16:07:55,11.0,B/A
2083-03-29 16:09:58,10.0,B/A
2083-03-29 16:12:12,11.0,B/A
2083-03-29 16:14:14,13.0,B/A
2083-03-29 16:16:30,10.0,B/A
2083-03-29 16:18:33,11.0,B/A
2083-03-29 16:20:39,10.0,B/A
2083-03-29 16:22:44,9.0,B/A
2083-03-29 16:24:51,9.0,B/A
2083-03-29 16:27:05,13.0,B/A
2083-03-29 16:29:17,11.0,B/A
2083-03-29 16:31:19,12.0,B/A
2083-03-29 16:33:20,13.0,B/A
2083-03-29 16:35:29,12.0,B/A
2083-03-29 16:37:31,12.0,B/A
2083-03-29 16:39:38,10.0,B/A
2083-03-29 16:41:41,10.0,B/A
2083-03-29 16:43:45,9.0,B/A
2083-03-29 16:45:47,10.0,B/A
2083-03-29 16:47:49,9.0,B/A
2083-03-29 16:49:53,9.0,B/A
2083-03-29 16:51:59,11.0,B/A
2083-03-29 16:54:13,10.0,B/A
2083-03-29 16:56:14,11.0,B/A
2083-03-29 16:58:22,11.0,B/A
2083-03-29 17:00:25,12.0,B/A
2083-03-29 17:02:34,13.0,B/A
2083-03-29 17:04:53,11.0,B/A
2083-03-29 17:06:57,10.0,B/A
2083-03-29 17:09:08,12.0,B/A
2083-03-29 17:11:11,12.0,B/A
2083-03-29 17:13:21,17.0,B/A
2083-03-29 17:15:24,28.0,B/A
2083-03-29 17:17:31,23.0,B/A
2083-03-29 17:19:41,19.0,B/A
2083-03-29 17:21:44,16.0,B/A
2083-03-29 17:23:49,15.0,B/A
2083-03-29 17:25:53,16.0,B/A
2083-03-29 17:27:57,14.0,B/A
2083-03-29 17:30:05,11.0,B/A
2083-03-29 17:32:07,11.0,B/A
2083-03-29 17:34:14,12.0,B/A
2083-03-29 17:36:14,11.0,B/A
2083-03-29 17:38:22,11.0,B/A
2083-03-29 17:40:32,11.0,B/A
2083-03-29 17:42:54,11.0,B/A
2083-03-29 17:44:56,14.0,B/A
2083-03-29 17:46:58,12.0,B/A
2083-03-29 17:49:01,18.0,B/A
2083-03-29 17:51:02,17.0,B/A
2083-03-29 17:53:09,13.0,B/A
2083-03-29 17:55:18,12.0,B/A
2083-03-29 17:57:22,12.0,B/A
2083-03-29 17:59:27,13.0,B/A
2083-03-29 18:01:37,13.0,B/A
2083-03-29 18:03:47,13.0,B/A
2083-03-29 18:05:55,14.0,B/A
2083-03-29 18:07:57,16.0,B/A
2083-03-29 18:09:59,17.0,B/A
2083-03-29 18:12:04,16.0,B/A
2083-03-29 18:14:09,16.0,B/A
2083-03-29 18:16:13,14.0,B/A
2083-03-29 18:18:18,13.0,B/A
2083-03-29 18:20:29,12.0,B/A
2083-03-29 18:22:46,11.0,B/A
2083-03-29 18:24:56,12.0,B/A
2083-03-29 18:26:57,15.0,B/A
2083-03-29 18:29:06,13.0,B/A
2083-03-29 18:31:13,11.0,B/A
2083-03-29 18:33:32,10.0,B/A
2083-03-29 18:35:35,11.0,B/A
2083-03-29 18:37:42,10.0,B/A
2083-03-29 18:39:53,11.0,B/A
2083-03-29 18:41:54,9.0,B/A
2083-03-29 18:44:01,9.0,B/A
2083-03-29 18:46:02,9.0,B/A
2083-03-29 18:48:12,11.0,B/A
2083-03-29 18:50:17,12.0,B/A
2083-03-29 18:52:21,15.0,B/A
2083-03-29 18:54:25,14.0,B/A
2083-03-29 18:56:26,12.0,B/A
2083-03-29 18:58:28,13.0,B/A
2083-03-29 19:00:33,11.0,B/A
2083-03-29 19:02:38,10.0,B/A
2083-03-29 19:04:39,10.0,B/A
2083-03-29 19:06:44,14.0,B/A
2083-03-29 19:08:48,13.0,B/A
2083-03-29 19:10:57,14.0,B/A
2083-03-29 19:13:03,12.0,B/A
2083-03-29 19:15:04,12.0,B/A
2083-03-29 19:17:11,13.0,B/A
2083-03-29 19:19:13,14.0,B/A
2083-03-29 19:21:21,13.0,B/A
2083-03-29 19:23:23,13.0,B/A
2083-03-29 19:25:28,16.0,B/A
2083-03-29 19:27:34,14.0,B/A
2083-03-29 19:29:42,15.0,B/A
2083-03-29 19:31:47,17.0,B/A
2083-03-29 19:33:54,14.0,B/A
2083-03-29 19:36:00,13.0,B/A
2083-03-29 19:38:07,13.0,B/A
2083-03-29 19:40:14,15.0,B/A
2083-03-29 19:42:17,14.0,B/A
2083-03-29 19:44:21,12.0,B/A
2083-03-29 19:46:26,11.0,B/A
2083-03-29 19:48:28,12.0,B/A
2083-03-29 19:50:29,15.0,B/A
2083-03-29 19:52:31,18.0,B/A
2083-03-29 19:54:35,16.0,B/A
2083-03-29 19:56:47,16.0,B/A
2083-03-29 19:58:50,12.0,B/A
2083-03-29 20:00:52,13.0,B/A
2083-03-29 20:02:54,12.0,B/A
2083-03-29 20:04:58,16.0,B/A
2083-03-29 20:07:03,13.0,B/A
2083-03-29 20:09:10,12.0,B/A
2083-03-29 20:11:12,11.0,B/A
2083-03-29 20:13:14,13.0,B/A
2083-03-29 20:15:18,16.0,B/A
2083-03-29 20:17:28,13.0,B/A
2083-03-29 20:19:34,13.0,B/A
2083-03-29 20:21:41,13.0,B/A
2083-03-29 20:23:55,12.0,B/A
2083-03-29 20:26:11,11.0,B/A
2083-03-29 20:28:16,12.0,B/A
2083-03-29 20:30:20,10.0,B/A
2083-03-29 20:32:26,13.0,B/A
2083-03-29 20:34:28,9.0,B/A
2083-03-29 20:36:31,12.0,B/A
2083-03-29 20:38:33,11.0,B/A
2083-03-29 20:40:38,12.0,B/A
2083-03-29 20:42:39,11.0,B/A
2083-03-29 20:44:43,12.0,B/A
2083-03-29 20:46:48,10.0,B/A
2083-03-29 20:48:50,10.0,B/A
2083-03-29 20:50:53,10.0,B/A
2083-03-29 20:53:02,10.0,B/A
2083-03-29 20:55:14,11.0,B/A
2083-03-29 20:57:16,13.0,B/A
2083-03-29 20:59:21,11.0,B/A
2083-03-29 21:01:34,10.0,B/A
2083-03-29 21:03:41,10.0,B/A
2083-03-29 21:05:46,12.0,B/A
2083-03-29 21:07:50,16.0,B/A
2083-03-29 21:09:56,18.0,B/A
2083-03-29 21:11:58,18.0,B/A
2083-03-29 21:14:01,13.0,B/A
2083-03-29 21:16:04,13.0,B/A
2083-03-29 21:18:07,16.0,B/A
2083-03-29 21:20:10,11.0,B/A
2083-03-29 21:22:22,12.0,B/A
2083-03-29 21:24:24,12.0,B/A
2083-03-29 21:26:34,12.0,B/A
2083-03-29 21:28:38,13.0,B/A
2083-03-29 21:30:41,13.0,B/A
2083-03-29 21:32:44,13.0,B/A
2083-03-29 21:34:46,15.0,B/A
2083-03-29 21:36:49,11.0,B/A
2083-03-29 21:38:54,11.0,B/A
2083-03-29 21:40:54,9.0,B/A
2083-03-29 21:42:59,11.0,B/A
2083-03-29 21:45:07,10.0,B/A
2083-03-29 21:47:10,10.0,B/A
2083-03-29 21:49:13,12.0,B/A
2083-03-29 21:51:18,13.0,B/A
2083-03-29 21:53:22,12.0,B/A
2083-03-29 21:55:29,13.0,B/A
2083-03-29 21:57:34,16.0,B/A
2083-03-29 21:59:37,16.0,B/A
2083-03-29 22:01:40,16.0,B/A
2083-03-29 22:03:42,14.0,B/A
2083-03-29 22:05:45,14.0,B/A
2083-03-29 22:07:57,12.0,B/A
2083-03-29 22:10:04,13.0,B/A
2083-03-29 22:12:05,11.0,B/A
2083-03-29 22:14:09,12.0,B/A
2083-03-29 22:16:10,14.0,B/A
2083-03-29 22:18:28,14.0,B/A
2083-03-29 22:20:29,13.0,B/A
2083-03-29 22:22:31,12.0,B/A
2083-03-29 22:24:33,17.0,B/A
2083-03-29 22:26:38,13.0,B/A
2083-03-29 22:28:40,17.0,B/A
2083-03-29 22:30:43,15.0,B/A
2083-03-29 22:32:44,15.0,B/A
2083-03-29 22:34:47,13.0,B/A
2083-03-29 22:36:54,14.0,B/A
2083-03-29 22:38:56,17.0,B/A
2083-03-29 22:40:58,18.0,B/A
2083-03-29 22:43:06,17.0,B/A
2083-03-29 22:45:12,20.0,B/A
2083-03-29 22:47:13,19.0,B/A
2083-03-29 22:49:21,18.0,B/A
2083-03-29 22:51:23,19.0,B/A
2083-03-29 22:53:34,22.0,B/A
2083-03-29 22:55:40,18.0,B/A
2083-03-29 22:57:42,17.0,B/A
2083-03-29 22:59:46,15.0,B/A
2083-03-29 23:01:47,19.0,B/A
2083-03-29 23:03:53,16.0,B/A
2083-03-29 23:06:02,17.0,B/A
2083-03-29 23:08:04,14.0,B/A
2083-03-29 23:10:06,15.0,B/A
2083-03-29 23:12:13,13.0,B/A
2083-03-29 23:14:27,12.0,B/A
2083-03-29 23:16:36,12.0,B/A
2083-03-29 23:18:40,15.0,B/A
2083-03-29 23:20:42,12.0,B/A
2083-03-29 23:22:57,13.0,B/A
2083-03-29 23:25:06,14.0,B/A
2083-03-29 23:27:11,12.0,B/A
2083-03-29 23:29:22,13.0,B/A
2083-03-29 23:31:23,16.0,B/A
2083-03-29 23:33:27,14.0,B/A
2083-03-29 23:35:30,18.0,B/A
2083-03-29 23:37:32,19.0,B/A
2083-03-29 23:39:34,19.0,B/A
2083-03-29 23:41:37,20.0,B/A
2083-03-29 23:43:40,20.0,B/A
2083-03-29 23:45:49,20.0,B/A
2083-03-29 23:47:53,22.0,B/A
2083-03-29 23:49:55,23.0,B/A
2083-03-29 23:51:59,21.0,B/A
2083-03-29 23:54:01,20.0,B/A
2083-03-29 23:56:19,23.0,B/A
2083-03-29 23:58:31,21.0,B/A
2083-04-02 00:00:10,19.0,B/A
2083-04-02 00:02:14,22.0,B/A
2083-04-02 00:04:15,18.0,B/A
2083-04-02 00:06:24,19.0,B/A
2083-04-02 00:08:27,24.0,B/A
2083-04-02 00:10:33,24.0,B/A
2083-04-02 00:12:36,22.0,B/A
2083-04-02 00:14:40,27.0,B/A
2083-04-02 00:16:41,24.0,B/A
2083-04-02 00:18:45,18.0,B/A
2083-04-02 00:20:51,21.0,B/A
2083-04-02 00:23:03,15.0,B/A
2083-04-02 00:25:04,17.0,B/A
2083-04-02 00:27:13,17.0,B/A
2083-04-02 00:29:13,16.0,B/A
2083-04-02 00:31:14,15.0,B/A
2083-04-02 00:33:20,13.0,B/A
2083-04-02 00:35:26,14.0,B/A
2083-04-02 00:37:32,14.0,B/A
2083-04-02 00:39:34,16.0,B/A
2083-04-02 00:41:45,14.0,B/A
2083-04-02 00:43:50,13.0,B/A
2083-04-02 00:46:01,15.0,B/A
2083-04-02 00:48:03,12.0,B/A
2083-04-02 00:50:07,13.0,B/A
2083-04-02 00:52:20,14.0,B/A
2083-04-02 00:54:21,16.0,B/A
2083-04-02 00:56:24,14.0,B/A
2083-04-02 00:58:34,14.0,B/A
2083-04-02 01:00:37,13.0,B/A
2083-04-02 01:02:38,13.0,B/A
2083-04-02 01:04:40,15.0,B/A
2083-04-02 01:06:46,19.0,B/A
2083-04-02 01:08:56,16.0,B/A
2083-04-02 01:11:07,14.0,B/A
2083-04-02 01:13:10,15.0,B/A
2083-04-02 01:15:24,15.0,B/A
2083-04-02 01:17:29,16.0,B/A
2083-04-02 01:19:34,15.0,B/A
2083-04-02 01:21:37,15.0,B/A
2083-04-02 01:23:41,15.0,B/A
2083-04-02 01:25:46,13.0,B/A
2083-04-02 01:27:48,17.0,B/A
2083-04-02 01:29:56,15.0,B/A
2083-04-02 01:31:58,18.0,B/A
2083-04-02 01:34:05,18.0,B/A
2083-04-02 01:36:05,17.0,B/A
2083-04-02 01:38:09,15.0,B/A
2083-04-02 01:40:34,18.0,B/A
2083-04-02 01:42:39,16.0,B/A
2083-04-02 01:44:48,13.0,B/A
2083-04-02 01:46:52,14.0,B/A
2083-04-02 01:48:57,15.0,B/A
2083-04-02 01:51:00,12.0,B/A
2083-04-02 01:53:03,17.0,B/A
2083-04-02 01:55:05,15.0,B/A
2083-04-02 01:57:11,16.0,B/A
2083-04-02 01:59:13,17.0,B/A
2083-04-02 02:01:14,15.0,B/A
2083-04-02 02:03:17,17.0,B/A
2083-04-02 02:05:19,18.0,B/A
2083-04-02 02:07:25,18.0,B/A
2083-04-02 02:09:27,20.0,B/A
2083-04-02 02:11:33,21.0,B/A
2083-04-02 02:13:40,27.0,B/A
2083-04-02 02:15:43,20.0,B/A
2083-04-02 02:17:46,36.0,B/A
2083-04-02 02:19:55,69.0,B/A
2083-04-02 02:22:43,98.0,B/A
2083-04-02 02:27:38,84.0,B/A
2083-04-02 02:30:26,72.0,B/A
2083-04-02 02:32:42,64.0,B/A
2083-04-02 02:34:47,52.0,B/A
2083-04-02 02:36:50,47.0,B/A
2083-04-02 02:39:01,42.0,B/A
2083-04-02 02:41:43,35.0,B/A
2083-04-02 02:44:04,35.0,B/A
2083-04-02 02:46:12,32.0,B/A
2083-04-02 02:48:13,28.0,B/A
2083-04-02 02:50:28,27.0,B/A
2083-04-02 02:52:51,26.0,B/A
2083-04-02 02:54:55,28.0,B/A
2083-04-02 02:56:56,28.0,B/A
2083-04-02 02:58:57,28.0,B/A
2083-04-02 03:00:58,25.0,B/A
2083-04-02 03:03:24,23.0,B/A
2083-04-02 03:05:39,23.0,B/A
2083-04-02 03:07:52,21.0,B/A
2083-04-02 03:09:54,20.0,B/A
2083-04-02 03:11:58,23.0,B/A
2083-04-02 03:14:05,22.0,B/A
2083-04-02 03:16:09,21.0,B/A
2083-04-02 03:18:11,23.0,B/A
2083-04-02 03:20:19,28.0,B/A
2083-04-02 03:22:25,31.0,B/A
2083-04-02 03:24:33,31.0,B/A
2083-04-02 03:26:34,32.0,B/A
2083-04-02 03:28:38,35.0,B/A
2083-04-02 03:30:39,37.0,B/A
2083-04-02 03:32:49,34.0,B/A
2083-04-02 03:34:52,34.0,B/A
2083-04-02 03:36:54,35.0,B/A
2083-04-02 03:38:58,36.0,B/A
2083-04-02 03:41:03,43.0,B/A
2083-04-02 03:43:05,39.0,B/A
2083-04-02 03:45:07,40.0,B/A
2083-04-02 03:47:25,44.0,B/A
2083-04-02 03:49:26,36.0,B/A
2083-04-02 03:51:35,37.0,B/A
2083-04-02 03:53:36,35.0,B/A
2083-04-02 03:55:58,41.0,B/A
2083-04-02 03:58:37,28.0,B/A
2083-04-02 04:00:41,26.0,B/A
2083-04-02 10:11:05,2.0,B/A
2083-04-02 11:11:14,2.0,B/A
2083-04-02 11:47:53,2.0,B/A
2083-04-02 13:10:05,2.0,B/A
2083-04-02 13:43:20,2.0,B/A
2083-04-02 16:25:55,2.0,B/A
2083-04-02 19:40:00,2.0,B/A
2083-04-02 19:55:44,2.0,B/A
2083-04-02 20:36:25,2.0,B/A
2083-04-02 23:53:38,2.0,B/A
2083-04-04 00:08:10,2.0,B/A
2083-04-04 02:20:27,30.0,B/A
2083-04-04 02:22:47,23.0,B/A
2083-04-04 02:24:51,18.0,B/A
2083-04-04 02:26:58,18.0,B/A
2083-04-04 02:29:03,16.0,B/A
2083-04-04 02:31:06,17.0,B/A
2083-04-04 02:33:16,17.0,B/A
2083-04-04 02:35:19,17.0,B/A
2083-04-04 02:37:24,18.0,B/A
2083-04-04 02:39:33,18.0,B/A
2083-04-04 02:41:34,18.0,B/A
2083-04-04 02:43:35,19.0,B/A
2083-04-04 02:45:37,22.0,B/A
2083-04-04 02:47:41,17.0,B/A
2083-04-04 02:49:50,21.0,B/A
2083-04-04 02:51:54,18.0,B/A
2083-04-04 02:54:00,24.0,B/A
2083-04-04 02:56:06,31.0,B/A
2083-04-04 02:58:08,30.0,B/A
2083-04-04 03:00:23,28.0,B/A
2083-04-04 03:02:36,26.0,B/A
2083-04-04 03:04:47,22.0,B/A
2083-04-04 03:06:57,19.0,B/A
2083-04-04 03:09:04,21.0,B/A
2083-04-04 03:11:05,19.0,B/A
2083-04-04 03:13:12,24.0,B/A
2083-04-04 03:15:29,23.0,B/A
2083-04-04 03:17:36,23.0,B/A
2083-04-04 03:19:37,24.0,B/A
2083-04-04 03:21:42,21.0,B/A
2083-04-04 03:23:42,23.0,B/A
2083-04-04 03:25:44,21.0,B/A
2083-04-04 03:27:49,23.0,B/A
2083-04-04 03:29:51,26.0,B/A
2083-04-04 03:31:55,21.0,B/A
2083-04-04 03:33:57,24.0,B/A
2083-04-04 03:36:08,20.0,B/A
2083-04-04 03:38:13,24.0,B/A
2083-04-04 03:40:19,18.0,B/A
2083-04-04 03:42:25,23.0,B/A
2083-04-04 03:44:28,21.0,B/A
2083-04-04 03:46:37,19.0,B/A
2083-04-04 03:48:50,19.0,B/A
2083-04-04 03:50:55,19.0,B/A
2083-04-04 03:52:56,18.0,B/A
2083-04-04 03:55:02,19.0,B/A
2083-04-04 03:57:05,20.0,B/A
2083-04-04 03:59:18,21.0,B/A
2083-04-04 04:01:36,17.0,B/A
2083-04-04 04:03:53,19.0,B/A
2083-04-04 04:06:01,18.0,B/A
2083-04-04 04:08:06,17.0,B/A
2083-04-04 04:10:07,20.0,B/A
2083-04-04 04:12:09,19.0,B/A
2083-04-04 04:14:15,19.0,B/A
2083-04-04 04:16:26,22.0,B/A
2083-04-04 04:18:30,24.0,B/A
2083-04-04 04:20:37,22.0,B/A
2083-04-04 04:22:41,28.0,B/A
2083-04-04 04:24:43,26.0,B/A
2083-04-04 04:26:44,23.0,B/A
2083-04-04 04:28:56,23.0,B/A
2083-04-04 04:30:58,21.0,B/A
2083-04-04 04:33:02,21.0,B/A
2083-04-04 04:35:06,20.0,B/A
2083-04-04 04:37:19,24.0,B/A
2083-04-04 04:39:33,25.0,B/A
2083-04-04 04:41:35,26.0,B/A
2083-04-04 04:43:37,21.0,B/A
2083-04-04 04:45:40,23.0,B/A
2083-04-04 04:47:41,27.0,B/A
2083-04-04 04:49:44,31.0,B/A
2083-04-04 04:51:53,30.0,B/A
2083-04-04 04:54:01,32.0,B/A
2083-04-04 04:56:07,28.0,B/A
2083-04-04 04:58:12,29.0,B/A
2083-04-04 05:00:29,33.0,B/A
2083-04-04 05:02:32,27.0,B/A
2083-04-04 05:04:47,26.0,B/A
2083-04-04 05:06:48,28.0,B/A
2083-04-04 05:08:49,27.0,B/A
2083-04-04 05:11:08,25.0,B/A
2083-04-04 05:13:10,29.0,B/A
2083-04-04 05:15:17,28.0,B/A
2083-04-04 05:17:30,22.0,B/A
2083-04-04 05:19:44,27.0,B/A
2083-04-04 05:21:46,22.0,B/A
2083-04-04 05:24:12,22.0,B/A
2083-04-04 05:26:15,21.0,B/A
2083-04-04 05:28:21,29.0,B/A
2083-04-04 05:30:31,25.0,B/A
2083-04-04 05:32:34,23.0,B/A
2083-04-04 05:34:37,26.0,B/A
2083-04-04 05:36:38,26.0,B/A
2083-04-04 05:38:46,25.0,B/A
2083-04-04 05:40:58,22.0,B/A
2083-04-04 05:43:11,24.0,B/A
2083-04-04 05:45:13,31.0,B/A
2083-04-04 05:47:17,27.0,B/A
2083-04-04 05:49:20,26.0,B/A
2083-04-04 05:51:22,24.0,B/A
2083-04-04 05:53:24,26.0,B/A
2083-04-04 05:55:29,23.0,B/A
2083-04-04 05:57:34,24.0,B/A
2083-04-04 05:59:37,29.0,B/A
2083-04-04 06:01:45,22.0,B/A
2083-04-04 06:03:48,21.0,B/A
2083-04-04 06:05:51,23.0,B/A
2083-04-04 06:08:02,24.0,B/A
2083-04-04 06:10:07,24.0,B/A
2083-04-04 06:12:14,27.0,B/A
2083-04-04 06:14:15,27.0,B/A
2083-04-04 06:16:18,29.0,B/A
2083-04-04 06:18:34,28.0,B/A
2083-04-04 06:20:41,30.0,B/A
2083-04-04 06:22:54,31.0,B/A
2083-04-04 06:25:03,32.0,B/A
2083-04-04 06:27:15,30.0,B/A
2083-04-04 06:29:24,26.0,B/A
2083-04-04 06:31:42,28.0,B/A
2083-04-04 06:33:49,27.0,B/A
2083-04-04 06:35:57,26.0,B/A
2083-04-04 06:37:59,24.0,B/A
2083-04-04 06:40:00,198.0,B/A
2083-04-04 06:43:47,119.0,B/A
2083-04-04 06:46:15,34.0,B/A
2083-04-04 06:48:20,33.0,B/A
2083-04-04 06:50:40,31.0,B/A
2083-04-04 06:52:46,29.0,B/A
2083-04-04 06:54:58,33.0,B/A
2083-04-04 06:57:01,39.0,B/A
2083-04-04 06:59:11,39.0,B/A
2083-04-04 07:01:17,36.0,B/A
2083-04-04 07:03:24,58.0,B/A
2083-04-04 07:05:30,58.0,B/A
2083-04-04 07:07:34,60.0,B/A
2083-04-04 07:09:39,51.0,B/A
2083-04-04 07:11:40,49.0,B/A
2083-04-04 07:14:35,48.0,B/A
2083-04-04 07:17:10,34.0,B/A
2083-04-04 07:19:20,34.0,B/A
2083-04-04 07:21:29,27.0,B/A
2083-04-04 07:23:35,26.0,B/A
2083-04-04 07:25:46,25.0,B/A
2083-04-04 07:27:50,26.0,B/A
2083-04-04 07:29:57,25.0,B/A
2083-04-04 07:32:00,20.0,B/A
2083-04-04 07:34:18,19.0,B/A
2083-04-04 07:36:36,20.0,B/A
2083-04-04 07:38:46,19.0,B/A
2083-04-04 07:40:47,23.0,B/A
2083-04-04 07:42:50,22.0,B/A
2083-04-04 07:44:59,22.0,B/A
2083-04-04 07:47:23,23.0,B/A
2083-04-04 07:49:24,22.0,B/A
2083-04-04 07:51:28,21.0,B/A
2083-04-04 07:53:30,20.0,B/A
2083-04-04 07:55:40,19.0,B/A
2083-04-04 07:57:49,22.0,B/A
2083-04-04 07:59:58,19.0,B/A
2083-04-04 08:02:02,19.0,B/A
2083-04-04 08:04:09,18.0,B/A
2083-04-04 08:06:12,18.0,B/A
2083-04-04 08:08:17,19.0,B/A
2083-04-04 08:10:19,19.0,B/A
2083-04-04 08:12:21,15.0,B/A
2083-04-04 08:14:24,23.0,B/A
2083-04-04 08:16:31,19.0,B/A
2083-04-04 08:18:35,22.0,B/A
2083-04-04 08:20:51,21.0,B/A
2083-04-04 08:22:55,19.0,B/A
2083-04-04 08:25:30,23.0,B/A
2083-04-04 08:27:33,24.0,B/A
2083-04-04 08:29:36,24.0,B/A
2083-04-04 08:31:37,24.0,B/A
2083-04-04 08:33:40,23.0,B/A
2083-04-04 08:35:51,24.0,B/A
2083-04-04 08:37:56,20.0,B/A
2083-04-04 08:40:04,21.0,B/A
2083-04-04 08:42:08,20.0,B/A
2083-04-04 08:44:14,26.0,B/A
2083-04-04 08:46:16,21.0,B/A
2083-04-04 08:48:25,23.0,B/A
2083-04-04 08:50:29,21.0,B/A
2083-04-04 08:52:34,24.0,B/A
2083-04-04 08:54:43,23.0,B/A
2083-04-04 08:56:51,26.0,B/A
2083-04-04 08:58:53,25.0,B/A
2083-04-04 09:01:14,23.0,B/A
2083-04-04 09:03:40,25.0,B/A
2083-04-04 09:05:42,23.0,B/A
2083-04-04 09:07:45,25.0,B/A
2083-04-04 09:09:52,36.0,B/A
2083-04-04 09:11:55,35.0,B/A
2083-04-04 09:13:56,28.0,B/A
2083-04-04 09:16:12,27.0,B/A
2083-04-04 09:18:18,31.0,B/A
2083-04-04 09:20:31,30.0,B/A
2083-04-04 09:22:40,31.0,B/A
2083-04-04 09:24:58,29.0,B/A
2083-04-04 09:27:05,28.0,B/A
2083-04-04 09:29:10,26.0,B/A
2083-04-04 09:31:23,28.0,B/A
2083-04-04 09:33:31,24.0,B/A
2083-04-04 09:35:34,32.0,B/A
2083-04-04 09:37:41,25.0,B/A
2083-04-04 09:39:57,26.0,B/A
2083-04-04 09:42:08,23.0,B/A
2083-04-04 09:44:11,25.0,B/A
2083-04-04 09:46:24,25.0,B/A
2083-04-04 09:48:39,25.0,B/A
2083-04-04 09:50:51,24.0,B/A
2083-04-04 09:52:59,29.0,B/A
2083-04-04 09:55:00,26.0,B/A
2083-04-04 09:57:05,27.0,B/A
2083-04-04 09:59:16,24.0,B/A
2083-04-04 10:01:19,25.0,B/A
2083-04-04 10:03:24,22.0,B/A
2083-04-04 10:05:29,22.0,B/A
2083-04-04 10:07:37,25.0,B/A
2083-04-04 10:10:02,29.0,B/A
2083-04-04 10:12:08,27.0,B/A
2083-04-04 10:14:09,26.0,B/A
2083-04-04 10:16:10,24.0,B/A
2083-04-04 10:18:13,32.0,B/A
2083-04-04 10:20:17,28.0,B/A
2083-04-04 10:22:21,30.0,B/A
2083-04-04 10:24:23,26.0,B/A
2083-04-04 10:26:28,26.0,B/A
2083-04-04 10:28:44,25.0,B/A
2083-04-04 10:30:46,26.0,B/A
2083-04-04 10:32:56,26.0,B/A
2083-04-04 10:35:02,29.0,B/A
2083-04-04 10:37:13,26.0,B/A
2083-04-04 10:39:23,29.0,B/A
2083-04-04 10:41:38,32.0,B/A
2083-04-04 10:43:39,31.0,B/A
2083-04-04 10:45:41,26.0,B/A
2083-04-04 10:47:44,27.0,B/A
2083-04-04 10:49:50,29.0,B/A
2083-04-04 10:51:55,28.0,B/A
2083-04-04 10:54:00,31.0,B/A
2083-04-04 10:56:02,27.0,B/A
2083-04-04 10:58:07,26.0,B/A
2083-04-04 11:00:13,28.0,B/A
2083-04-04 11:02:18,28.0,B/A
2083-04-04 11:04:36,29.0,B/A
2083-04-04 11:06:39,30.0,B/A
2083-04-04 11:08:46,35.0,B/A
2083-04-04 11:10:55,31.0,B/A
2083-04-04 11:12:57,35.0,B/A
2083-04-04 11:15:06,28.0,B/A
2083-04-04 11:17:16,29.0,B/A
2083-04-04 11:19:18,32.0,B/A
2083-04-04 11:21:26,32.0,B/A
2083-04-04 11:23:38,31.0,B/A
2083-04-04 11:25:44,39.0,B/A
2083-04-04 11:27:46,42.0,B/A
2083-04-04 11:29:59,33.0,B/A
2083-04-04 11:32:02,38.0,B/A
2083-04-04 11:34:17,41.0,B/A
2083-04-04 11:36:19,41.0,B/A
2083-04-04 11:38:29,40.0,B/A
2083-04-04 11:40:35,36.0,B/A
2083-04-04 11:42:42,36.0,B/A
2083-04-04 11:44:53,38.0,B/A
2083-04-04 11:46:57,31.0,B/A
2083-04-04 11:49:27,33.0,B/A
2083-04-04 11:51:37,32.0,B/A
2083-04-04 11:53:57,35.0,B/A
2083-04-04 11:56:16,34.0,B/A
2083-04-04 11:58:17,39.0,B/A
2083-04-04 12:00:20,31.0,B/A
2083-04-04 12:02:45,37.0,B/A
2083-04-04 12:04:50,33.0,B/A
2083-04-04 12:06:53,37.0,B/A
2083-04-04 12:08:59,40.0,B/A
2083-04-04 12:11:10,37.0,B/A
2083-04-04 12:13:19,36.0,B/A
2083-04-04 12:15:20,43.0,B/A
2083-04-04 12:17:24,41.0,B/A
2083-04-04 12:19:31,41.0,B/A
2083-04-04 12:21:49,45.0,B/A
2083-04-04 12:23:51,42.0,B/A
2083-04-04 12:25:55,50.0,B/A
2083-04-04 12:28:14,46.0,B/A
2083-04-04 12:30:25,45.0,B/A
2083-04-04 12:32:41,44.0,B/A
2083-04-04 12:34:47,49.0,B/A
2083-04-04 12:36:52,44.0,B/A
2083-04-04 12:38:54,50.0,B/A
2083-04-04 12:40:56,54.0,B/A
2083-04-04 12:43:02,64.0,B/A
2083-04-04 12:45:03,63.0,B/A
2083-04-04 12:47:19,60.0,B/A
2083-04-04 12:50:02,61.0,B/A
2083-04-04 12:52:42,55.0,B/A
2083-04-04 12:54:45,55.0,B/A
2083-04-04 12:56:52,57.0,B/A
2083-04-04 12:59:00,55.0,B/A
2083-04-04 13:01:11,59.0,B/A
2083-04-04 13:03:24,61.0,B/A
2083-04-04 13:05:28,58.0,B/A
2083-04-04 13:07:32,60.0,B/A
2083-04-04 13:09:41,62.0,B/A
2083-04-04 13:11:42,63.0,B/A
2083-04-04 13:13:55,59.0,B/A
2083-04-04 13:16:08,60.0,B/A
2083-04-04 13:18:55,59.0,B/A
2083-04-04 13:21:13,62.0,B/A
2083-04-04 13:23:14,69.0,B/A
2083-04-04 13:25:27,66.0,B/A
2083-04-04 13:28:03,68.0,B/A
2083-04-04 13:30:36,74.0,B/A
2083-04-04 13:33:05,66.0,B/A
2083-04-04 13:35:47,66.0,B/A
2083-04-04 13:37:48,68.0,B/A
2083-04-04 13:40:01,67.0,B/A
2083-04-04 13:42:10,66.0,B/A
2083-04-04 13:44:14,70.0,B/A
2083-04-04 13:46:32,64.0,B/A
2083-04-04 13:48:35,73.0,B/A
2083-04-04 13:50:42,75.0,B/A
2083-04-04 13:54:46,68.0,B/A
2083-04-04 13:56:58,67.0,B/A
2083-04-04 13:59:10,68.0,B/A
2083-04-04 14:01:57,62.0,B/A
2083-04-04 14:04:26,68.0,B/A
2083-04-04 14:06:29,61.0,B/A
2083-04-04 14:09:37,63.0,B/A
2083-04-04 14:12:27,60.0,B/A
2083-04-04 14:14:29,57.0,B/A
2083-04-04 14:16:56,55.0,B/A
2083-04-04 14:19:26,52.0,B/A
2083-04-04 14:21:35,53.0,B/A
2083-04-04 14:23:52,59.0,B/A
2083-04-04 14:26:43,52.0,B/A
2083-04-04 14:28:46,54.0,B/A
2083-04-04 14:31:15,57.0,B/A
2083-04-04 14:33:19,55.0,B/A
2083-04-04 14:35:28,55.0,B/A
2083-04-04 14:37:55,53.0,B/A
2083-04-04 14:40:04,46.0,B/A
2083-04-04 14:42:42,48.0,B/A
2083-04-04 14:44:49,45.0,B/A
2083-04-04 14:46:52,54.0,B/A
2083-04-04 14:49:01,51.0,B/A
2083-04-04 14:51:13,47.0,B/A
2083-04-04 14:54:05,49.0,B/A
2083-04-04 14:56:16,56.0,B/A
2083-04-04 14:58:32,54.0,B/A
2083-04-04 15:01:18,57.0,B/A
2083-04-04 15:03:20,54.0,B/A
2083-04-04 15:05:48,56.0,B/A
2083-04-04 15:07:53,54.0,B/A
2083-04-04 15:10:19,52.0,B/A
2083-04-04 15:12:28,59.0,B/A
2083-04-04 15:14:31,53.0,B/A
2083-04-04 15:16:52,54.0,B/A
2083-04-04 15:19:07,52.0,B/A
2083-04-04 15:21:47,46.0,B/A
2083-04-04 15:24:06,48.0,B/A
2083-04-04 15:26:17,45.0,B/A
2083-04-04 15:28:25,45.0,B/A
2083-04-04 15:30:34,44.0,B/A
2083-04-04 15:32:36,45.0,B/A
2083-04-04 15:34:43,47.0,B/A
2083-04-04 15:37:13,50.0,B/A
2083-04-04 15:39:48,50.0,B/A
2083-04-04 15:41:56,50.0,B/A
2083-04-04 15:45:20,52.0,B/A
2083-04-04 15:47:32,49.0,B/A
2083-04-04 15:50:04,47.0,B/A
2083-04-04 15:52:48,53.0,B/A
2083-04-04 15:55:01,47.0,B/A
2083-04-04 15:57:27,45.0,B/A
2083-04-04 15:59:55,55.0,B/A
2083-04-04 16:02:03,44.0,B/A
2083-04-04 16:04:05,46.0,B/A
2083-04-04 16:06:11,42.0,B/A
2083-04-04 16:08:13,42.0,B/A
2083-04-04 16:10:16,43.0,B/A
2083-04-04 16:12:37,44.0,B/A
2083-04-04 16:14:48,42.0,B/A
2083-04-04 16:16:54,46.0,B/A
2083-04-04 16:19:01,49.0,B/A
2083-04-04 16:22:03,53.0,B/A
2083-04-04 16:24:06,46.0,B/A
2083-04-04 16:26:18,47.0,B/A
2083-04-04 16:28:49,46.0,B/A
2083-04-04 16:30:56,47.0,B/A
2083-04-04 16:33:18,45.0,B/A
2083-04-04 16:35:19,47.0,B/A
2083-04-04 16:37:29,48.0,B/A
2083-04-04 16:39:32,50.0,B/A
2083-04-04 16:41:51,51.0,B/A
2083-04-04 16:44:09,79.0,B/A
2083-04-04 16:46:17,81.0,B/A
2083-04-04 16:48:19,77.0,B/A
2083-04-04 16:50:31,77.0,B/A
2083-04-04 16:52:33,80.0,B/A
2083-04-04 16:55:33,98.0,B/A
2083-04-04 16:57:36,101.0,B/A
2083-04-04 17:02:03,88.0,B/A
2083-04-04 17:05:18,80.0,B/A
2083-04-04 17:07:47,73.0,B/A
2083-04-04 17:09:58,69.0,B/A
2083-04-04 17:12:14,70.0,B/A
2083-04-04 17:14:42,65.0,B/A
2083-04-04 17:17:27,69.0,B/A
2083-04-04 17:19:35,80.0,B/A
2083-04-04 17:21:43,96.0,B/A
2083-04-04 17:23:46,108.0,B/A
2083-04-04 17:25:50,101.0,B/A
2083-04-04 17:28:34,99.0,B/A
2083-04-04 17:31:15,98.0,B/A
2083-04-04 17:33:20,112.0,B/A
2083-04-04 17:35:27,109.0,B/A
2083-04-04 17:37:28,123.0,B/A
2083-04-04 17:39:38,120.0,B/A
2083-04-04 17:44:16,119.0,B/A
2083-04-04 17:50:39,94.0,B/A
2083-04-04 17:54:06,85.0,B/A
2083-04-04 18:01:22,75.0,B/A
2083-04-04 18:03:27,77.0,B/A
2083-04-04 18:07:07,68.0,B/A
2083-04-04 18:10:10,62.0,B/A
2083-04-04 18:13:13,57.0,B/A
2083-04-04 18:15:41,62.0,B/A
2083-04-04 18:17:47,53.0,B/A
2083-04-04 18:21:12,55.0,B/A
2083-04-04 18:23:26,56.0,B/A
2083-04-04 18:25:34,54.0,B/A
2083-04-04 18:27:50,47.0,B/A
2083-04-04 18:29:58,46.0,B/A
2083-04-04 18:32:01,55.0,B/A
2083-04-04 18:34:05,48.0,B/A
2083-04-04 18:36:08,57.0,B/A
2083-04-04 18:38:25,60.0,B/A
2083-04-04 18:40:27,69.0,B/A
2083-04-04 18:42:38,68.0,B/A
2083-04-04 18:45:18,56.0,B/A
2083-04-04 18:47:50,50.0,B/A
2083-04-04 18:49:52,51.0,B/A
2083-04-04 18:52:52,42.0,B/A
2083-04-04 18:54:58,42.0,B/A
2083-04-04 18:57:02,44.0,B/A
2083-04-04 18:59:09,44.0,B/A
2083-04-04 19:01:16,46.0,B/A
2083-04-04 19:03:38,41.0,B/A
2083-04-04 19:05:51,44.0,B/A
2083-04-04 19:07:52,55.0,B/A
2083-04-04 19:09:55,52.0,B/A
2083-04-04 19:12:18,48.0,B/A
2083-04-04 19:16:01,40.0,B/A
2083-04-04 19:18:07,46.0,B/A
2083-04-04 19:20:14,47.0,B/A
2083-04-04 19:22:18,46.0,B/A
2083-04-04 19:24:59,41.0,B/A
2083-04-04 19:27:19,40.0,B/A
2083-04-04 19:29:29,40.0,B/A
2083-04-04 19:31:43,41.0,B/A
2083-04-04 19:33:54,42.0,B/A
2083-04-04 19:35:55,41.0,B/A
2083-04-04 19:38:05,39.0,B/A
2083-04-04 19:40:16,39.0,B/A
2083-04-04 19:42:39,40.0,B/A
2083-04-04 19:44:43,42.0,B/A
2083-04-04 19:46:48,43.0,B/A
2083-04-04 19:48:59,48.0,B/A
2083-04-04 19:51:14,47.0,B/A
2083-04-04 19:53:23,63.0,B/A
2083-04-04 19:55:45,75.0,B/A
2083-04-04 19:57:48,61.0,B/A
2083-04-04 20:00:00,55.0,B/A
2083-04-04 20:02:16,58.0,B/A
2083-04-04 20:04:30,61.0,B/A
2083-04-04 20:06:31,63.0,B/A
2083-04-04 20:08:59,64.0,B/A
2083-04-04 20:11:19,72.0,B/A
2083-04-04 20:13:26,72.0,B/A
2083-04-04 20:15:31,79.0,B/A
2083-04-04 20:17:33,68.0,B/A
2083-04-04 20:21:24,60.0,B/A
2083-04-04 20:23:48,58.0,B/A
2083-04-04 20:25:59,58.0,B/A
2083-04-04 20:28:11,61.0,B/A
2083-04-04 20:30:20,53.0,B/A
2083-04-04 20:32:29,57.0,B/A
2083-04-04 20:34:36,56.0,B/A
2083-04-04 20:36:45,54.0,B/A
2083-04-04 20:38:54,56.0,B/A
2083-04-04 20:41:00,66.0,B/A
2083-04-04 20:43:01,61.0,B/A
2083-04-04 20:45:08,54.0,B/A
2083-04-04 20:47:53,56.0,B/A
2083-04-04 20:50:06,57.0,B/A
2083-04-04 20:52:14,86.0,B/A
2083-04-04 20:54:27,82.0,B/A
2083-04-04 20:56:31,69.0,B/A
2083-04-04 21:01:11,139.0,B/A
2083-04-04 21:03:26,98.0,B/A
2083-04-04 21:09:38,52.0,B/A
2083-04-04 21:11:47,46.0,B/A
2083-04-04 21:15:06,42.0,B/A
2083-04-04 21:17:12,42.0,B/A
2083-04-04 21:19:16,43.0,B/A
2083-04-04 21:21:26,48.0,B/A
2083-04-04 21:23:31,45.0,B/A
2083-04-04 21:25:44,55.0,B/A
2083-04-04 21:27:52,56.0,B/A
2083-04-04 21:30:03,50.0,B/A
2083-04-04 21:32:13,73.0,B/A
2083-04-04 21:34:13,68.0,B/A
2083-04-04 21:36:18,75.0,B/A
2083-04-04 21:38:35,61.0,B/A
2083-04-04 21:41:10,58.0,B/A
2083-04-04 21:43:37,62.0,B/A
2083-04-04 21:46:00,58.0,B/A
2083-04-04 21:48:04,53.0,B/A
2083-04-04 21:50:12,58.0,B/A
2083-04-04 21:52:28,58.0,B/A
2083-04-04 21:54:34,58.0,B/A
2083-04-04 21:56:38,55.0,B/A
2083-04-04 21:59:50,53.0,B/A
2083-04-04 22:02:28,71.0,B/A
2083-04-04 22:04:38,71.0,B/A
2083-04-04 22:07:17,64.0,B/A
2083-04-04 22:09:32,57.0,B/A
2083-04-04 22:11:36,54.0,B/A
2083-04-04 22:13:53,49.0,B/A
2083-04-04 22:16:02,50.0,B/A
2083-04-04 22:18:23,50.0,B/A
2083-04-04 22:20:25,51.0,B/A
2083-04-04 22:22:31,53.0,B/A
2083-04-04 22:24:37,55.0,B/A
2083-04-04 22:26:44,62.0,B/A
2083-04-04 22:28:45,63.0,B/A
2083-04-04 22:30:47,65.0,B/A
2083-04-04 22:38:41,54.0,B/A
2083-04-04 22:40:48,69.0,B/A
2083-04-04 22:42:55,103.0,B/A
2083-04-04 22:45:09,67.0,B/A
2083-04-04 22:47:26,50.0,B/A
2083-04-04 22:49:53,43.0,B/A
2083-04-04 22:52:44,39.0,B/A
2083-04-04 22:54:52,40.0,B/A
2083-04-04 22:57:08,37.0,B/A
2083-04-04 22:59:16,40.0,B/A
2083-04-04 23:01:21,37.0,B/A
2083-04-04 23:03:28,37.0,B/A
2083-04-04 23:05:54,36.0,B/A
2083-04-04 23:07:56,34.0,B/A
2083-04-04 23:10:07,35.0,B/A
2083-04-04 23:12:11,42.0,B/A
2083-04-04 23:14:12,47.0,B/A
2083-04-04 23:16:17,49.0,B/A
2083-04-04 23:18:27,46.0,B/A
2083-04-04 23:20:56,43.0,B/A
2083-04-04 23:23:23,38.0,B/A
2083-04-04 23:25:32,42.0,B/A
2083-04-04 23:27:46,36.0,B/A
2083-04-04 23:29:53,41.0,B/A
2083-04-04 23:32:11,69.0,B/A
2083-04-04 23:34:43,121.0,B/A
2083-04-04 23:40:14,120.0,B/A
2083-04-04 23:43:10,93.0,B/A
2083-04-04 23:45:19,79.0,B/A
2083-04-04 23:47:47,80.0,B/A
2083-04-04 23:49:54,71.0,B/A
2083-04-04 23:52:08,70.0,B/A
2083-04-04 23:57:58,58.0,B/A
2083-04-06 00:00:38,46.0,B/A
2083-04-06 00:03:11,42.0,B/A
2083-04-06 00:05:20,43.0,B/A
2083-04-06 00:07:21,42.0,B/A
2083-04-06 00:09:23,60.0,B/A
2083-04-06 00:11:35,73.0,B/A
2083-04-06 00:13:49,71.0,B/A
2083-04-06 00:16:01,83.0,B/A
2083-04-06 00:18:10,79.0,B/A
2083-04-06 00:20:14,79.0,B/A
2083-04-06 00:22:18,87.0,B/A
2083-04-06 00:24:36,84.0,B/A
2083-04-06 00:27:22,91.0,B/A
2083-04-06 00:29:58,103.0,B/A
2083-04-06 00:32:09,121.0,B/A
2083-04-06 00:34:18,162.0,B/A
2083-04-06 00:37:36,175.0,B/A
2083-04-06 00:39:39,142.0,B/A
2083-04-06 00:47:41,130.0,B/A
2083-04-06 00:50:07,124.0,B/A
2083-04-06 00:56:06,114.0,B/A
2083-04-06 00:58:20,112.0,B/A
2083-04-06 01:00:55,109.0,B/A
2083-04-06 01:11:11,95.0,B/A
2083-04-06 01:17:55,83.0,B/A
2083-04-06 01:21:07,80.0,B/A
2083-04-06 01:23:34,75.0,B/A
2083-04-06 01:27:50,76.0,B/A
2083-04-06 01:30:16,68.0,B/A
2083-04-06 01:33:09,67.0,B/A
2083-04-06 01:35:40,63.0,B/A
2083-04-06 01:38:12,65.0,B/A
2083-04-06 01:40:14,66.0,B/A
2083-04-06 01:42:21,69.0,B/A
2083-04-06 01:44:36,58.0,B/A
2083-04-06 01:46:51,58.0,B/A
2083-04-06 01:48:53,53.0,B/A
2083-04-06 01:51:19,49.0,B/A
2083-04-06 01:53:25,47.0,B/A
2083-04-06 01:56:04,45.0,B/A
2083-04-06 01:58:15,54.0,B/A
2083-04-06 02:00:17,45.0,B/A
2083-04-06 02:02:39,50.0,B/A
2083-04-06 02:05:01,45.0,B/A
2083-04-06 02:07:25,49.0,B/A
2083-04-06 02:09:33,45.0,B/A
2083-04-06 02:11:38,42.0,B/A
2083-04-06 02:13:46,47.0,B/A
2083-04-06 02:15:51,49.0,B/A
2083-04-06 02:18:57,43.0,B/A
2083-04-06 02:20:58,38.0,B/A
2083-04-06 02:23:01,43.0,B/A
2083-04-06 02:25:07,35.0,B/A
2083-04-06 02:27:13,45.0,B/A
2083-04-06 02:29:15,64.0,B/A
2083-04-06 02:31:26,61.0,B/A
2083-04-06 02:33:36,41.0,B/A
2083-04-06 02:35:57,42.0,B/A
2083-04-06 02:38:07,38.0,B/A
2083-04-06 02:40:09,40.0,B/A
2083-04-06 02:42:12,36.0,B/A
2083-04-06 02:44:17,33.0,B/A
2083-04-06 02:46:25,41.0,B/A
2083-04-06 02:49:03,37.0,B/A
2083-04-06 02:51:11,30.0,B/A
2083-04-06 02:53:13,215.0,B/A
2083-04-06 02:57:32,129.0,B/A
2083-04-06 03:00:03,56.0,B/A
2083-04-06 03:02:11,62.0,B/A
2083-04-06 03:04:19,50.0,B/A
2083-04-06 03:06:41,49.0,B/A
2083-04-06 03:09:08,51.0,B/A
2083-04-06 03:11:11,50.0,B/A
2083-04-06 03:13:49,43.0,B/A
2083-04-06 03:15:50,44.0,B/A
2083-04-06 03:18:04,42.0,B/A
2083-04-06 03:20:56,39.0,B/A
2083-04-06 03:23:02,40.0,B/A
2083-04-06 03:25:08,36.0,B/A
2083-04-06 03:27:11,34.0,B/A
2083-04-06 03:29:16,38.0,B/A
2083-04-06 03:31:25,35.0,B/A
2083-04-06 03:33:33,47.0,B/A
2083-04-06 03:35:44,74.0,B/A
2083-04-06 03:38:23,103.0,B/A
2083-04-06 03:40:49,144.0,B/A
2083-04-06 03:46:17,132.0,B/A
2083-04-06 03:49:36,123.0,B/A
2083-04-06 03:52:38,109.0,B/A
2083-04-06 03:54:47,102.0,B/A
2083-04-06 03:56:59,81.0,B/A
2083-04-06 03:59:03,80.0,B/A
2083-04-06 04:01:19,73.0,B/A
2083-04-06 04:03:45,70.0,B/A
2083-04-06 04:06:03,64.0,B/A
2083-04-06 04:08:25,59.0,B/A
2083-04-06 04:10:38,65.0,B/A
2083-04-06 04:12:56,60.0,B/A
2083-04-06 04:18:08,49.0,B/A
2083-04-06 04:20:10,44.0,B/A
2083-04-06 04:22:42,37.0,B/A
2083-04-06 04:25:06,35.0,B/A
2083-04-06 04:27:11,47.0,B/A
2083-04-06 04:29:20,50.0,B/A
2083-04-06 04:31:34,58.0,B/A
2083-04-06 04:34:17,42.0,B/A
2083-04-06 04:36:32,47.0,B/A
2083-04-06 04:38:39,48.0,B/A
2083-04-06 04:41:25,47.0,B/A
2083-04-06 04:43:31,41.0,B/A
2083-04-06 04:45:38,62.0,B/A
2083-04-06 04:48:12,285.0,B/A
2083-04-06 04:58:24,218.0,B/A
2083-04-06 05:04:20,111.0,B/A
2083-04-06 05:07:15,78.0,B/A
2083-04-06 05:09:25,68.0,B/A
2083-04-06 05:11:28,59.0,B/A
2083-04-06 05:14:42,51.0,B/A
2083-04-06 05:18:51,37.0,B/A
2083-04-06 05:21:07,32.0,B/A
2083-04-06 05:24:01,28.0,B/A
2083-04-06 05:26:15,27.0,B/A
2083-04-06 05:28:22,28.0,B/A
2083-04-06 05:30:27,28.0,B/A
2083-04-06 05:32:31,32.0,B/A
2083-04-06 05:34:39,31.0,B/A
2083-04-06 05:36:41,30.0,B/A
2083-04-06 05:38:55,27.0,B/A
2083-04-06 05:40:59,31.0,B/A
2083-04-06 05:43:28,25.0,B/A
2083-04-06 05:45:45,23.0,B/A
2083-04-06 05:48:10,22.0,B/A
2083-04-06 05:50:13,25.0,B/A
2083-04-06 05:52:14,26.0,B/A
2083-04-06 05:54:16,25.0,B/A
2083-04-06 05:56:18,26.0,B/A
2083-04-06 05:58:21,22.0,B/A
2083-04-06 06:00:27,20.0,B/A
2083-04-06 06:02:35,20.0,B/A
2083-04-06 06:04:37,20.0,B/A
2083-04-06 06:06:39,23.0,B/A
2083-04-06 06:08:40,20.0,B/A
2083-04-06 06:10:41,17.0,B/A
2083-04-06 06:12:45,21.0,B/A
2083-04-06 06:14:49,17.0,B/A
2083-04-06 06:16:53,19.0,B/A
2083-04-06 06:18:58,18.0,B/A
2083-04-06 06:21:06,21.0,B/A
2083-04-06 06:23:06,21.0,B/A
2083-04-06 06:25:07,25.0,B/A
2083-04-06 06:27:09,22.0,B/A
2083-04-06 06:29:14,24.0,B/A
2083-04-06 06:31:19,30.0,B/A
2083-04-06 06:33:28,45.0,B/A
2083-04-06 06:35:49,43.0,B/A
2083-04-06 06:37:58,39.0,B/A
2083-04-06 06:39:59,44.0,B/A
2083-04-06 06:42:02,33.0,B/A
2083-04-06 06:44:09,34.0,B/A
2083-04-06 06:46:13,35.0,B/A
2083-04-06 06:48:27,33.0,B/A
2083-04-06 06:50:31,29.0,B/A
2083-04-06 06:54:05,27.0,B/A
2083-04-06 06:56:12,27.0,B/A
2083-04-06 06:58:37,25.0,B/A
2083-04-06 07:00:41,22.0,B/A
2083-04-06 07:02:53,25.0,B/A
2083-04-06 07:04:54,23.0,B/A
2083-04-06 07:07:13,21.0,B/A
2083-04-06 07:09:15,23.0,B/A
2083-04-06 07:11:31,23.0,B/A
2083-04-06 07:13:36,22.0,B/A
2083-04-06 07:15:39,23.0,B/A
2083-04-06 07:17:47,22.0,B/A
2083-04-06 07:20:03,21.0,B/A
2083-04-06 07:22:07,19.0,B/A
2083-04-06 07:24:10,20.0,B/A
2083-04-06 07:26:14,19.0,B/A
2083-04-06 07:28:16,19.0,B/A
2083-04-06 07:30:26,22.0,B/A
2083-04-06 07:32:30,22.0,B/A
2083-04-06 07:34:34,20.0,B/A
2083-04-06 07:36:45,19.0,B/A
2083-04-06 07:38:48,22.0,B/A
2083-04-06 07:40:56,23.0,B/A
2083-04-06 07:42:59,20.0,B/A
2083-04-06 07:45:07,20.0,B/A
2083-04-06 07:47:17,21.0,B/A
2083-04-06 07:49:19,22.0,B/A
2083-04-06 07:51:23,21.0,B/A
2083-04-06 07:53:43,29.0,B/A
2083-04-06 07:55:56,24.0,B/A
2083-04-06 07:58:00,23.0,B/A
2083-04-06 08:00:07,25.0,B/A
2083-04-06 08:02:13,26.0,B/A
2083-04-06 08:04:50,24.0,B/A
2083-04-06 08:06:54,24.0,B/A
2083-04-06 08:09:06,22.0,B/A
2083-04-06 08:11:10,21.0,B/A
2083-04-06 08:13:15,23.0,B/A
2083-04-06 08:15:22,26.0,B/A
2083-04-06 08:17:26,24.0,B/A
2083-04-06 08:19:30,25.0,B/A
2083-04-06 08:21:41,26.0,B/A
2083-04-06 08:23:45,23.0,B/A
2083-04-06 08:25:54,28.0,B/A
2083-04-06 08:28:08,26.0,B/A
2083-04-06 08:30:10,26.0,B/A
2083-04-06 08:32:17,28.0,B/A
2083-04-06 08:34:25,32.0,B/A
2083-04-06 08:36:31,68.0,B/A
2083-04-06 08:39:17,92.0,B/A
2083-04-06 08:42:27,116.0,B/A
2083-04-06 08:45:16,109.0,B/A
2083-04-06 08:48:22,94.0,B/A
2083-04-06 08:50:39,88.0,B/A
2083-04-06 08:52:42,81.0,B/A
2083-04-06 08:54:51,77.0,B/A
2083-04-06 08:57:02,68.0,B/A
2083-04-06 08:59:07,61.0,B/A
2083-04-06 09:01:30,66.0,B/A
2083-04-06 09:03:55,68.0,B/A
2083-04-06 09:06:06,78.0,B/A
2083-04-06 09:08:19,80.0,B/A
2083-04-06 09:10:45,74.0,B/A
2083-04-06 09:14:12,65.0,B/A
2083-04-06 09:20:54,52.0,B/A
2083-04-06 09:23:01,51.0,B/A
2083-04-06 09:25:04,47.0,B/A
2083-04-06 09:27:29,49.0,B/A
2083-04-06 09:31:02,40.0,B/A
2083-04-06 09:33:32,36.0,B/A
2083-04-06 09:35:36,35.0,B/A
2083-04-06 09:37:38,33.0,B/A
2083-04-06 09:40:10,32.0,B/A
2083-04-06 09:42:17,30.0,B/A
2083-04-06 09:44:31,28.0,B/A
2083-04-06 09:46:41,32.0,B/A
2083-04-06 09:48:46,28.0,B/A
2083-04-06 09:50:50,32.0,B/A
2083-04-06 09:52:52,28.0,B/A
2083-04-06 09:55:03,27.0,B/A
2083-04-06 09:57:13,25.0,B/A
2083-04-06 09:59:17,23.0,B/A
2083-04-06 10:01:18,25.0,B/A
2083-04-06 10:03:20,22.0,B/A
2083-04-06 10:05:29,26.0,B/A
2083-04-06 10:07:37,20.0,B/A
2083-04-06 10:10:00,21.0,B/A
2083-04-06 10:12:14,22.0,B/A
2083-04-06 10:14:16,19.0,B/A
2083-04-06 10:16:28,20.0,B/A
2083-04-06 10:18:31,21.0,B/A
2083-04-06 10:20:33,26.0,B/A
2083-04-06 10:22:36,23.0,B/A
2083-04-06 10:24:57,20.0,B/A
2083-04-06 10:27:01,19.0,B/A
2083-04-06 10:29:04,21.0,B/A
2083-04-06 10:31:06,19.0,B/A
2083-04-06 10:33:08,22.0,B/A
2083-04-06 10:35:14,21.0,B/A
2083-04-06 10:37:15,24.0,B/A
2083-04-06 10:39:20,21.0,B/A
2083-04-06 10:41:21,24.0,B/A
2083-04-06 10:43:23,27.0,B/A
2083-04-06 10:45:26,25.0,B/A
2083-04-06 10:47:28,23.0,B/A
2083-04-06 10:49:38,24.0,B/A
2083-04-06 10:51:44,28.0,B/A
2083-04-06 10:53:59,25.0,B/A
2083-04-06 10:56:05,26.0,B/A
2083-04-06 10:58:09,27.0,B/A
2083-04-06 11:00:27,25.0,B/A
2083-04-06 11:02:32,28.0,B/A
2083-04-06 11:04:34,48.0,B/A
2083-04-06 11:06:37,47.0,B/A
2083-04-06 11:08:43,37.0,B/A
2083-04-06 11:10:48,34.0,B/A
2083-04-06 11:14:05,32.0,B/A
2083-04-06 11:16:45,26.0,B/A
2083-04-06 11:18:52,27.0,B/A
2083-04-06 11:20:58,24.0,B/A
2083-04-06 11:23:21,26.0,B/A
2083-04-06 11:25:23,24.0,B/A
2083-04-06 11:27:38,22.0,B/A
2083-04-06 11:29:47,40.0,B/A
2083-04-06 11:31:59,49.0,B/A
2083-04-06 11:34:03,59.0,B/A
2083-04-06 11:36:31,67.0,B/A
2083-04-06 11:38:41,47.0,B/A
2083-04-06 11:41:07,37.0,B/A
2083-04-06 11:44:35,33.0,B/A
2083-04-06 11:46:37,23.0,B/A
2083-04-06 11:48:42,26.0,B/A
2083-04-06 11:51:01,27.0,B/A
2083-04-06 11:53:12,28.0,B/A
2083-04-06 11:55:22,24.0,B/A
2083-04-06 11:57:26,28.0,B/A
2083-04-06 11:59:37,30.0,B/A
2083-04-06 12:01:45,33.0,B/A
2083-04-06 12:03:46,27.0,B/A
2083-04-06 12:05:56,28.0,B/A
2083-04-06 12:08:10,26.0,B/A
2083-04-06 12:10:22,27.0,B/A
2083-04-06 12:12:27,29.0,B/A
2083-04-06 12:14:28,53.0,B/A
2083-04-06 12:16:38,44.0,B/A
2083-04-06 12:18:41,32.0,B/A
2083-04-06 12:20:50,26.0,B/A
2083-04-06 12:23:08,24.0,B/A
2083-04-06 12:25:11,26.0,B/A
2083-04-06 12:27:17,25.0,B/A
2083-04-06 12:29:33,44.0,B/A
2083-04-06 12:31:45,42.0,B/A
2083-04-06 12:33:53,40.0,B/A
2083-04-06 12:35:53,28.0,B/A
2083-04-06 12:37:58,30.0,B/A
2083-04-06 12:40:04,31.0,B/A
2083-04-06 12:42:14,25.0,B/A
2083-04-06 12:44:16,26.0,B/A
2083-04-06 12:46:18,22.0,B/A
2083-04-06 12:48:28,26.0,B/A
2083-04-06 12:50:30,30.0,B/A
2083-04-06 12:52:34,28.0,B/A
2083-04-06 12:54:35,28.0,B/A
2083-04-06 12:56:47,24.0,B/A
2083-04-06 12:58:48,26.0,B/A
2083-04-06 13:00:53,26.0,B/A
2083-04-06 13:02:54,31.0,B/A
2083-04-06 13:05:03,30.0,B/A
2083-04-06 13:07:06,33.0,B/A
2083-04-06 13:09:08,32.0,B/A
2083-04-06 13:11:15,27.0,B/A
2083-04-06 13:13:33,32.0,B/A
2083-04-06 13:15:36,28.0,B/A
2083-04-06 13:17:38,27.0,B/A
2083-04-06 13:19:41,30.0,B/A
2083-04-06 13:21:47,26.0,B/A
2083-04-06 13:23:57,30.0,B/A
2083-04-06 13:26:01,30.0,B/A
2083-04-06 13:28:10,30.0,B/A
2083-04-06 13:30:13,39.0,B/A
2083-04-06 13:32:18,50.0,B/A
2083-04-06 13:34:23,82.0,B/A
2083-04-06 13:36:34,283.0,B/A
2083-04-06 13:43:02,192.0,B/A
2083-04-06 13:47:22,102.0,B/A
2083-04-06 13:49:35,84.0,B/A
2083-04-06 13:51:35,61.0,B/A
2083-04-06 13:53:42,58.0,B/A
2083-04-06 13:55:48,53.0,B/A
2083-04-06 13:58:26,50.0,B/A
2083-04-06 14:01:47,49.0,B/A
2083-04-06 14:03:54,194.0,B/A
2083-04-06 14:08:02,143.0,B/A
2083-04-06 14:10:35,58.0,B/A
2083-04-06 14:13:08,55.0,B/A
2083-04-06 14:15:31,50.0,B/A
2083-04-06 14:17:56,57.0,B/A
2083-04-06 14:20:00,48.0,B/A
2083-04-06 14:22:28,46.0,B/A
2083-04-06 14:24:33,44.0,B/A
2083-04-06 14:26:35,45.0,B/A
2083-04-06 14:29:15,44.0,B/A
2083-04-06 14:31:18,42.0,B/A
2083-04-06 14:33:24,56.0,B/A
2083-04-06 14:35:26,54.0,B/A
2083-04-06 14:37:28,56.0,B/A
2083-04-06 14:39:48,52.0,B/A
2083-04-06 14:42:44,51.0,B/A
2083-04-06 14:44:56,59.0,B/A
2083-04-06 14:47:00,65.0,B/A
2083-04-06 14:49:03,59.0,B/A
2083-04-06 14:51:11,52.0,B/A
2083-04-06 14:54:14,46.0,B/A
2083-04-06 14:56:45,43.0,B/A
2083-04-06 14:59:00,44.0,B/A
2083-04-06 15:01:09,43.0,B/A
2083-04-06 15:03:41,42.0,B/A
2083-04-06 15:05:46,43.0,B/A
2083-04-06 15:08:04,43.0,B/A
2083-04-06 15:10:10,45.0,B/A
2083-04-06 15:12:21,42.0,B/A
2083-04-06 15:14:25,358.0,B/A
2083-04-06 15:18:26,208.0,B/A
2083-04-06 15:21:37,74.0,B/A
2083-04-06 15:23:56,57.0,B/A
2083-04-06 15:28:10,57.0,B/A
2083-04-06 15:30:30,52.0,B/A
2083-04-06 15:32:47,46.0,B/A
2083-04-06 15:34:56,46.0,B/A
2083-04-06 15:37:00,46.0,B/A
2083-04-06 15:39:15,49.0,B/A
2083-04-06 15:41:25,56.0,B/A
2083-04-06 15:43:29,53.0,B/A
2083-04-06 15:45:45,54.0,B/A
2083-04-06 15:48:07,54.0,B/A
2083-04-06 15:50:11,62.0,B/A
2083-04-06 15:52:18,66.0,B/A
2083-04-06 15:54:26,61.0,B/A
2083-04-06 15:56:57,68.0,B/A
2083-04-06 15:59:10,74.0,B/A
2083-04-06 16:01:15,82.0,B/A
2083-04-06 16:03:23,91.0,B/A
2083-04-06 16:05:29,98.0,B/A
2083-04-06 16:07:33,99.0,B/A
2083-04-06 16:09:50,96.0,B/A
2083-04-06 16:13:29,95.0,B/A
2083-04-06 16:18:44,75.0,B/A
2083-04-06 16:21:19,73.0,B/A
2083-04-06 16:27:36,59.0,B/A
2083-04-06 16:30:34,60.0,B/A
2083-04-06 16:34:21,163.0,B/A
2083-04-06 16:40:23,132.0,B/A
2083-04-06 16:42:48,83.0,B/A
2083-04-06 16:45:11,57.0,B/A
2083-04-06 16:47:58,48.0,B/A
2083-04-06 16:50:48,49.0,B/A
2083-04-06 16:53:03,55.0,B/A
2083-04-06 16:55:09,48.0,B/A
2083-04-06 16:57:39,47.0,B/A
2083-04-06 16:59:46,49.0,B/A
2083-04-06 17:01:49,44.0,B/A
2083-04-06 17:04:03,45.0,B/A
2083-04-06 17:06:41,42.0,B/A
2083-04-06 17:09:01,43.0,B/A
2083-04-06 17:11:11,40.0,B/A
2083-04-06 17:13:40,90.0,B/A
2083-04-06 17:16:02,100.0,B/A
2083-04-06 17:18:31,79.0,B/A
2083-04-06 17:20:42,47.0,B/A
2083-04-06 17:22:46,46.0,B/A
2083-04-06 17:24:48,55.0,B/A
2083-04-06 17:26:57,67.0,B/A
2083-04-06 17:29:01,59.0,B/A
2083-04-06 17:31:19,57.0,B/A
2083-04-06 17:33:25,50.0,B/A
2083-04-06 17:35:51,48.0,B/A
2083-04-06 17:38:40,54.0,B/A
2083-04-06 17:40:44,48.0,B/A
2083-04-06 17:43:07,46.0,B/A
2083-04-06 17:45:13,46.0,B/A
2083-04-06 17:47:22,53.0,B/A
2083-04-06 17:49:27,55.0,B/A
2083-04-06 17:51:39,58.0,B/A
2083-04-06 17:53:46,62.0,B/A
2083-04-06 17:55:49,65.0,B/A
2083-04-06 17:58:09,73.0,B/A
2083-04-06 18:00:15,86.0,B/A
2083-04-06 18:02:17,83.0,B/A
2083-04-06 18:04:55,73.0,B/A
2083-04-06 18:07:51,76.0,B/A
2083-04-06 18:11:55,77.0,B/A
2083-04-06 18:14:02,67.0,B/A
2083-04-06 18:16:45,65.0,B/A
2083-04-06 18:19:19,64.0,B/A
2083-04-06 18:21:31,64.0,B/A
2083-04-06 18:24:03,67.0,B/A
2083-04-06 18:26:04,82.0,B/A
2083-04-06 18:28:10,109.0,B/A
2083-04-06 18:30:11,187.0,B/A
2083-04-06 18:49:11,599.0,B/A
2083-04-06 19:09:13,307.0,B/A
2083-04-06 19:15:37,208.0,B/A
2083-04-06 19:19:17,179.0,B/A
2083-04-06 19:22:28,188.0,B/A
2083-04-06 19:25:44,179.0,B/A
2083-04-06 19:28:03,154.0,B/A
2083-04-06 19:30:10,137.0,B/A
2083-04-06 19:33:18,125.0,B/A
2083-04-06 19:40:11,97.0,B/A
2083-04-06 19:45:03,77.0,B/A
2083-04-06 19:47:58,71.0,B/A
2083-04-06 19:50:04,68.0,B/A
2083-04-06 19:53:44,60.0,B/A
2083-04-06 19:56:25,50.0,B/A
2083-04-06 20:00:13,42.0,B/A
2083-04-06 20:03:03,46.0,B/A
2083-04-06 20:06:48,41.0,B/A
2083-04-06 20:09:01,34.0,B/A
2083-04-06 20:11:05,34.0,B/A
2083-04-06 20:13:10,35.0,B/A
2083-04-06 20:15:25,32.0,B/A
2083-04-06 20:17:26,30.0,B/A
2083-04-06 20:19:41,33.0,B/A
2083-04-06 20:21:43,28.0,B/A
2083-04-06 20:23:59,25.0,B/A
2083-04-06 20:26:04,25.0,B/A
2083-04-06 20:28:19,26.0,B/A
2083-04-06 20:30:38,25.0,B/A
2083-04-06 20:32:45,25.0,B/A
2083-04-06 20:34:59,31.0,B/A
2083-04-06 20:37:09,38.0,B/A
2083-04-06 20:39:18,43.0,B/A
2083-04-06 20:41:19,39.0,B/A
2083-04-06 20:43:46,37.0,B/A
2083-04-06 20:45:53,29.0,B/A
2083-04-06 20:48:01,33.0,B/A
2083-04-06 20:50:06,29.0,B/A
2083-04-06 20:52:14,30.0,B/A
2083-04-06 20:54:18,31.0,B/A
2083-04-06 20:56:19,35.0,B/A
2083-04-06 20:58:35,32.0,B/A
2083-04-06 21:00:38,30.0,B/A
2083-04-06 21:02:57,27.0,B/A
2083-04-06 21:05:15,28.0,B/A
2083-04-06 21:07:26,27.0,B/A
2083-04-06 21:09:34,26.0,B/A
2083-04-06 21:11:39,25.0,B/A
2083-04-06 21:13:44,22.0,B/A
2083-04-06 21:15:45,22.0,B/A
2083-04-06 21:17:51,20.0,B/A
2083-04-06 21:19:53,19.0,B/A
2083-04-06 21:22:13,21.0,B/A
2083-04-06 21:24:14,26.0,B/A
2083-04-06 21:26:19,29.0,B/A
2083-04-06 21:28:23,24.0,B/A
2083-04-06 21:30:25,23.0,B/A
2083-04-06 21:32:28,24.0,B/A
2083-04-06 21:34:39,26.0,B/A
2083-04-06 21:36:44,23.0,B/A
2083-04-06 21:38:58,26.0,B/A
2083-04-06 21:41:00,24.0,B/A
2083-04-06 21:43:07,25.0,B/A
2083-04-06 21:45:17,29.0,B/A
2083-04-06 21:47:21,31.0,B/A
2083-04-06 21:49:22,26.0,B/A
2083-04-06 21:51:23,27.0,B/A
2083-04-06 21:53:27,35.0,B/A
2083-04-06 21:55:29,48.0,B/A
2083-04-06 21:57:49,60.0,B/A
2083-04-06 21:59:55,63.0,B/A
2083-04-06 22:02:14,54.0,B/A
2083-04-06 22:04:18,45.0,B/A
2083-04-06 22:06:27,41.0,B/A
2083-04-06 22:08:31,38.0,B/A
2083-04-06 22:10:36,38.0,B/A
2083-04-06 22:12:42,37.0,B/A
2083-04-06 22:14:51,42.0,B/A
2083-04-06 22:17:06,48.0,B/A
2083-04-06 22:19:11,50.0,B/A
2083-04-06 22:21:17,51.0,B/A
2083-04-06 22:23:32,54.0,B/A
2083-04-06 22:25:34,60.0,B/A
2083-04-06 22:27:44,62.0,B/A
2083-04-06 22:31:25,53.0,B/A
2083-04-06 22:33:51,47.0,B/A
2083-04-06 22:36:26,46.0,B/A
2083-04-06 22:39:43,44.0,B/A
2083-04-06 22:41:55,46.0,B/A
2083-04-06 22:44:25,42.0,B/A
2083-04-06 22:46:32,42.0,B/A
2083-04-06 22:48:55,41.0,B/A
2083-04-06 22:51:49,34.0,B/A
2083-04-06 22:54:12,33.0,B/A
2083-04-06 22:56:25,27.0,B/A
2083-04-06 22:58:26,30.0,B/A
2083-04-06 23:00:29,30.0,B/A
2083-04-06 23:02:40,29.0,B/A
2083-04-06 23:04:42,30.0,B/A
2083-04-06 23:06:44,29.0,B/A
2083-04-06 23:08:48,29.0,B/A
2083-04-06 23:10:54,32.0,B/A
2083-04-06 23:12:56,33.0,B/A
2083-04-06 23:14:57,32.0,B/A
2083-04-06 23:17:00,26.0,B/A
2083-04-06 23:19:25,25.0,B/A
2083-04-06 23:21:28,24.0,B/A
2083-04-06 23:23:31,29.0,B/A
2083-04-06 23:25:39,29.0,B/A
2083-04-06 23:27:43,41.0,B/A
2083-04-06 23:29:47,30.0,B/A
2083-04-06 23:31:52,27.0,B/A
2083-04-06 23:34:03,28.0,B/A
2083-04-06 23:36:11,29.0,B/A
2083-04-06 23:38:17,28.0,B/A
2083-04-06 23:40:36,28.0,B/A
2083-04-06 23:42:46,26.0,B/A
2083-04-06 23:45:08,27.0,B/A
2083-04-06 23:47:40,30.0,B/A
2083-04-06 23:49:42,49.0,B/A
2083-04-06 23:51:58,84.0,B/A
2083-04-06 23:55:05,76.0,B/A
2083-04-06 23:57:47,69.0,B/A
2083-04-06 23:59:59,55.0,B/A
2083-04-08 00:00:04,66.0,B/A
2083-04-08 00:02:08,54.0,B/A
2083-04-08 00:04:15,48.0,B/A
2083-04-08 00:08:07,42.0,B/A
2083-04-08 00:10:08,40.0,B/A
2083-04-08 00:12:22,32.0,B/A
2083-04-08 00:14:42,29.0,B/A
2083-04-08 00:16:48,28.0,B/A
2083-04-08 00:18:56,27.0,B/A
2083-04-08 00:21:07,26.0,B/A
2083-04-08 00:23:55,28.0,B/A
2083-04-08 00:26:03,26.0,B/A
2083-04-08 00:28:07,25.0,B/A
2083-04-08 00:30:22,28.0,B/A
2083-04-08 00:32:29,28.0,B/A
2083-04-08 00:34:34,32.0,B/A
2083-04-08 00:36:59,32.0,B/A
2083-04-08 00:39:02,32.0,B/A
2083-04-08 00:41:07,38.0,B/A
2083-04-08 00:43:14,46.0,B/A
2083-04-08 00:45:20,57.0,B/A
2083-04-08 00:47:40,61.0,B/A
2083-04-08 00:49:51,60.0,B/A
2083-04-08 00:52:00,54.0,B/A
2083-04-08 00:54:05,59.0,B/A
2083-04-08 00:57:04,44.0,B/A
2083-04-08 00:59:20,48.0,B/A
2083-04-08 01:01:21,85.0,B/A
2083-04-08 01:03:22,81.0,B/A
2083-04-08 01:05:29,82.0,B/A
2083-04-08 01:07:31,62.0,B/A
2083-04-08 01:09:38,60.0,B/A
2083-04-08 01:11:51,68.0,B/A
2083-04-08 01:13:56,76.0,B/A
2083-04-08 01:17:21,57.0,B/A
2083-04-08 01:19:30,50.0,B/A
2083-04-08 01:23:13,49.0,B/A
2083-04-08 01:25:33,52.0,B/A
2083-04-08 01:27:37,47.0,B/A
2083-04-08 01:29:57,51.0,B/A
2083-04-08 01:31:58,44.0,B/A
2083-04-08 01:34:05,40.0,B/A
2083-04-08 01:36:20,36.0,B/A
2083-04-08 01:38:37,37.0,B/A
2083-04-08 01:40:52,33.0,B/A
2083-04-08 01:42:55,40.0,B/A
2083-04-08 01:44:57,44.0,B/A
2083-04-08 01:47:03,42.0,B/A
2083-04-08 01:49:15,33.0,B/A
2083-04-08 01:51:21,37.0,B/A
2083-04-08 01:53:44,37.0,B/A
2083-04-08 01:55:48,42.0,B/A
2083-04-08 01:58:21,36.0,B/A
2083-04-08 02:00:25,32.0,B/A
2083-04-08 02:02:29,34.0,B/A
2083-04-08 02:04:31,32.0,B/A
2083-04-08 02:07:08,28.0,B/A
2083-04-08 02:09:30,28.0,B/A
2083-04-08 02:11:44,26.0,B/A
2083-04-08 02:13:46,23.0,B/A
2083-04-08 02:15:48,28.0,B/A
2083-04-08 02:17:52,33.0,B/A
2083-04-08 02:19:59,35.0,B/A
2083-04-08 02:22:08,33.0,B/A
2083-04-08 02:24:12,30.0,B/A
2083-04-08 02:26:18,28.0,B/A
2083-04-08 02:28:59,26.0,B/A
2083-04-08 02:31:06,29.0,B/A
2083-04-08 02:33:13,23.0,B/A
2083-04-08 02:35:17,23.0,B/A
2083-04-08 02:37:24,25.0,B/A
2083-04-08 02:39:29,27.0,B/A
2083-04-08 02:41:30,26.0,B/A
2083-04-08 02:43:32,24.0,B/A
2083-04-08 02:45:34,22.0,B/A
2083-04-08 02:47:51,25.0,B/A
2083-04-08 02:49:54,23.0,B/A
2083-04-08 02:52:02,24.0,B/A
2083-04-08 02:54:03,24.0,B/A
2083-04-08 02:56:06,21.0,B/A
2083-04-08 02:58:14,21.0,B/A
2083-04-08 03:00:18,22.0,B/A
2083-04-08 03:02:19,21.0,B/A
2083-04-08 03:04:23,22.0,B/A
2083-04-08 03:06:29,22.0,B/A
2083-04-08 03:08:29,23.0,B/A
2083-04-08 03:10:36,25.0,B/A
2083-04-08 03:12:40,27.0,B/A
2083-04-08 03:14:45,24.0,B/A
2083-04-08 03:17:12,24.0,B/A
2083-04-08 03:19:14,26.0,B/A
2083-04-08 03:21:15,27.0,B/A
2083-04-08 03:23:25,25.0,B/A
2083-04-08 03:25:27,23.0,B/A
2083-04-08 03:27:32,28.0,B/A
2083-04-08 03:29:41,30.0,B/A
2083-04-08 03:31:46,29.0,B/A
2083-04-08 03:33:50,29.0,B/A
2083-04-08 03:35:57,27.0,B/A
2083-04-08 03:38:05,32.0,B/A
2083-04-08 03:40:07,43.0,B/A
2083-04-08 03:42:19,58.0,B/A
2083-04-08 03:44:33,52.0,B/A
2083-04-08 03:46:40,42.0,B/A
2083-04-08 03:48:54,44.0,B/A
2083-04-08 03:51:25,30.0,B/A
2083-04-08 03:53:36,27.0,B/A
2083-04-08 03:55:40,25.0,B/A
2083-04-08 03:57:43,26.0,B/A
2083-04-08 04:00:00,24.0,B/A
2083-04-08 04:02:05,24.0,B/A
2083-04-08 04:04:07,26.0,B/A
2083-04-08 04:06:10,153.0,B/A
2083-04-08 04:09:35,108.0,B/A
2083-04-08 04:12:06,38.0,B/A
2083-04-08 04:14:08,31.0,B/A
2083-04-08 04:16:13,33.0,B/A
2083-04-08 04:18:23,32.0,B/A
2083-04-08 04:20:34,28.0,B/A
2083-04-08 04:22:37,28.0,B/A
2083-04-08 04:24:43,26.0,B/A
2083-04-08 04:27:04,28.0,B/A
2083-04-08 04:29:10,24.0,B/A
2083-04-08 04:31:14,24.0,B/A
2083-04-08 04:33:22,31.0,B/A
2083-04-08 04:35:24,26.0,B/A
2083-04-08 04:37:31,30.0,B/A
2083-04-08 04:39:36,36.0,B/A
2083-04-08 04:41:43,50.0,B/A
2083-04-08 04:43:46,154.0,B/A
2083-04-08 04:50:20,131.0,B/A
2083-04-08 04:54:27,90.0,B/A
2083-04-08 04:56:58,70.0,B/A
2083-04-08 04:59:03,68.0,B/A
2083-04-08 05:01:12,60.0,B/A
2083-04-08 05:03:20,51.0,B/A
2083-04-08 05:05:35,57.0,B/A
2083-04-08 05:07:39,55.0,B/A
2083-04-08 05:10:53,51.0,B/A
2083-04-08 05:13:45,46.0,B/A
2083-04-08 05:15:53,40.0,B/A
2083-04-08 05:17:55,33.0,B/A
2083-04-08 05:20:19,31.0,B/A
2083-04-08 05:22:37,31.0,B/A
2083-04-08 05:24:42,26.0,B/A
2083-04-08 05:26:49,29.0,B/A
2083-04-08 05:28:53,27.0,B/A
2083-04-08 05:31:11,23.0,B/A
2083-04-08 05:33:18,27.0,B/A
2083-04-08 05:35:30,29.0,B/A
2083-04-08 05:37:34,28.0,B/A
2083-04-08 05:39:45,26.0,B/A
2083-04-08 05:41:47,28.0,B/A
2083-04-08 05:43:55,29.0,B/A
2083-04-08 05:45:58,31.0,B/A
2083-04-08 05:48:18,31.0,B/A
2083-04-08 05:50:24,22.0,B/A
2083-04-08 05:52:26,27.0,B/A
2083-04-08 05:54:31,28.0,B/A
2083-04-08 05:56:43,31.0,B/A
2083-04-08 05:58:47,33.0,B/A
2083-04-08 06:00:51,42.0,B/A
2083-04-08 06:02:58,36.0,B/A
2083-04-08 06:05:16,36.0,B/A
2083-04-08 06:07:40,30.0,B/A
2083-04-08 06:09:41,28.0,B/A
2083-04-08 06:11:49,28.0,B/A
2083-04-08 06:13:54,29.0,B/A
2083-04-08 06:16:22,27.0,B/A
2083-04-08 06:19:05,33.0,B/A
2083-04-08 06:21:07,34.0,B/A
2083-04-08 06:23:12,31.0,B/A
2083-04-08 06:25:18,34.0,B/A
2083-04-08 06:27:21,47.0,B/A
2083-04-08 06:29:22,55.0,B/A
2083-04-08 06:31:27,47.0,B/A
2083-04-08 06:33:39,33.0,B/A
2083-04-08 06:36:04,28.0,B/A
2083-04-08 06:38:27,26.0,B/A
2083-04-08 06:40:32,23.0,B/A
2083-04-08 06:42:39,23.0,B/A
2083-04-08 06:44:40,23.0,B/A
2083-04-08 06:46:42,23.0,B/A
2083-04-08 06:49:00,20.0,B/A
2083-04-08 06:51:04,23.0,B/A
2083-04-08 06:53:11,23.0,B/A
2083-04-08 06:55:14,24.0,B/A
2083-04-08 06:57:15,31.0,B/A
2083-04-08 06:59:20,31.0,B/A
2083-04-08 07:01:24,32.0,B/A
2083-04-08 07:03:25,34.0,B/A
2083-04-08 07:05:46,34.0,B/A
2083-04-08 07:07:49,50.0,B/A
2083-04-08 07:09:55,47.0,B/A
2083-04-08 07:11:59,40.0,B/A
2083-04-08 07:14:17,40.0,B/A
2083-04-08 07:16:22,40.0,B/A
2083-04-08 07:18:44,38.0,B/A
2083-04-08 07:21:03,34.0,B/A
2083-04-08 07:23:13,31.0,B/A
2083-04-08 07:25:50,31.0,B/A
2083-04-08 07:27:58,27.0,B/A
2083-04-08 07:30:15,28.0,B/A
2083-04-08 07:32:17,31.0,B/A
2083-04-08 07:34:22,42.0,B/A
2083-04-08 07:36:23,49.0,B/A
2083-04-08 07:38:31,72.0,B/A
2083-04-08 07:41:02,1344.0,B/A
2083-04-08 08:13:48,763.0,B/A
2083-04-08 08:23:02,278.0,B/A
2083-04-08 08:29:36,145.0,B/A
2083-04-08 08:33:14,118.0,B/A
2083-04-08 08:35:37,117.0,B/A
2083-04-08 08:37:45,100.0,B/A
2083-04-08 08:39:51,86.0,B/A
2083-04-08 08:43:00,75.0,B/A
2083-04-08 08:45:11,76.0,B/A
2083-04-08 08:47:41,67.0,B/A
2083-04-08 08:50:19,58.0,B/A
2083-04-08 08:53:21,61.0,B/A
2083-04-08 08:55:24,62.0,B/A
2083-04-08 08:58:37,49.0,B/A
2083-04-08 09:01:11,46.0,B/A
2083-04-08 09:03:16,46.0,B/A
2083-04-08 09:05:53,43.0,B/A
2083-04-08 09:08:21,44.0,B/A
2083-04-08 09:10:26,35.0,B/A
2083-04-08 09:12:31,33.0,B/A
2083-04-08 09:14:35,35.0,B/A
2083-04-08 09:16:58,41.0,B/A
2083-04-08 09:19:17,33.0,B/A
2083-04-08 09:21:52,37.0,B/A
2083-04-08 09:24:01,31.0,B/A
2083-04-08 09:26:12,33.0,B/A
2083-04-08 09:28:26,32.0,B/A
2083-04-08 09:30:28,39.0,B/A
2083-04-08 09:32:31,35.0,B/A
2083-04-08 09:34:40,38.0,B/A
2083-04-08 09:36:57,37.0,B/A
2083-04-08 09:39:04,34.0,B/A
2083-04-08 09:41:17,33.0,B/A
2083-04-08 09:43:33,35.0,B/A
2083-04-08 09:45:37,36.0,B/A
2083-04-08 09:47:44,29.0,B/A
2083-04-08 09:49:52,33.0,B/A
2083-04-08 09:51:53,30.0,B/A
2083-04-08 09:54:09,37.0,B/A
2083-04-08 09:56:15,35.0,B/A
2083-04-08 09:58:31,39.0,B/A
2083-04-08 10:00:36,48.0,B/A
2083-04-08 10:02:42,45.0,B/A
2083-04-08 10:04:43,47.0,B/A
2083-04-08 10:07:01,44.0,B/A
2083-04-08 10:09:15,45.0,B/A
2083-04-08 10:11:21,39.0,B/A
2083-04-08 10:13:26,48.0,B/A
2083-04-08 10:15:38,71.0,B/A
2083-04-08 10:17:54,105.0,B/A
2083-04-08 10:20:01,95.0,B/A
2083-04-08 10:22:13,79.0,B/A
2083-04-08 10:24:15,63.0,B/A
2083-04-08 10:29:25,45.0,B/A
2083-04-08 10:32:25,34.0,B/A
2083-04-08 10:34:49,29.0,B/A
2083-04-08 10:36:50,30.0,B/A
2083-04-08 10:38:51,26.0,B/A
2083-04-08 10:40:59,28.0,B/A
2083-04-08 10:43:04,30.0,B/A
2083-04-08 10:45:07,29.0,B/A
2083-04-08 10:47:08,27.0,B/A
2083-04-08 10:49:14,27.0,B/A
2083-04-08 10:51:20,29.0,B/A
2083-04-08 10:53:22,29.0,B/A
2083-04-08 10:55:37,25.0,B/A
2083-04-08 10:57:46,25.0,B/A
2083-04-08 11:00:07,24.0,B/A
2083-04-08 11:02:21,29.0,B/A
2083-04-08 11:04:22,28.0,B/A
2083-04-08 11:06:26,27.0,B/A
2083-04-08 11:08:44,25.0,B/A
2083-04-08 11:10:47,26.0,B/A
2083-04-08 11:12:54,23.0,B/A
2083-04-08 11:14:54,25.0,B/A
2083-04-08 11:17:06,27.0,B/A
2083-04-08 11:19:10,26.0,B/A
2083-04-08 11:21:25,28.0,B/A
2083-04-08 11:23:37,6219.0,M
2083-04-08 11:52:55,3124.0,C
2083-04-08 12:05:46,923.0,B/A
2083-04-08 12:15:56,398.0,B/A
2083-04-08 12:24:43,235.0,B/A
2083-04-08 12:32:37,222.0,B/A
2083-04-08 12:42:23,315.0,B/A
2083-04-08 12:47:53,219.0,B/A
2083-04-08 12:55:14,233.0,B/A
2083-04-08 13:01:06,217.0,B/A
2083-04-08 13:03:56,184.0,B/A
2083-04-08 13:06:03,165.0,B/A
2083-04-08 13:16:56,123.0,B/A
2083-04-08 13:28:04,103.0,B/A
2083-04-08 13:30:13,96.0,B/A
2083-04-08 13:34:35,87.0,B/A
2083-04-08 13:37:29,83.0,B/A
2083-04-08 13:42:39,66.0,B/A
2083-04-08 13:44:40,64.0,B/A
2083-04-08 13:47:27,57.0,B/A
2083-04-08 13:49:50,58.0,B/A
2083-04-08 13:51:58,58.0,B/A
2083-04-08 13:54:11,58.0,B/A
2083-04-08 13:56:23,47.0,B/A
2083-04-08 13:58:27,50.0,B/A
2083-04-08 14:00:54,57.0,B/A
2083-04-08 14:03:07,48.0,B/A
2083-04-08 14:05:12,48.0,B/A
2083-04-08 14:07:46,43.0,B/A
2083-04-08 14:09:59,44.0,B/A
2083-04-08 14:12:49,39.0,B/A
2083-04-08 14:15:30,36.0,B/A
2083-04-08 14:17:37,35.0,B/A
2083-04-08 14:20:34,31.0,B/A
2083-04-08 14:22:44,32.0,B/A
2083-04-08 14:24:52,30.0,B/A
2083-04-08 14:27:04,30.0,B/A
2083-04-08 14:29:08,30.0,B/A
2083-04-08 14:31:12,31.0,B/A
2083-04-08 14:33:21,27.0,B/A
2083-04-08 14:35:38,31.0,B/A
2083-04-08 14:37:40,32.0,B/A
2083-04-08 14:39:45,29.0,B/A
2083-04-08 14:41:56,27.0,B/A
2083-04-08 14:44:25,30.0,B/A
2083-04-08 14:46:26,31.0,B/A
2083-04-08 14:48:33,42.0,B/A
2083-04-08 14:50:42,37.0,B/A
2083-04-08 14:53:11,29.0,B/A
2083-04-08 14:55:14,28.0,B/A
2083-04-08 14:57:23,30.0,B/A
2083-04-08 14:59:31,32.0,B/A
2083-04-08 15:01:40,47.0,B/A
2083-04-08 15:03:44,50.0,B/A
2083-04-08 15:05:48,46.0,B/A
2083-04-08 15:07:51,45.0,B/A
2083-04-08 15:09:56,52.0,B/A
2083-04-08 15:11:57,65.0,B/A
2083-04-08 15:14:02,73.0,B/A
2083-04-08 15:16:02,71.0,B/A
2083-04-08 15:18:07,55.0,B/A
2083-04-08 15:20:09,54.0,B/A
2083-04-08 15:23:35,39.0,B/A
2083-04-08 15:25:59,31.0,B/A
2083-04-08 15:28:37,31.0,B/A
2083-04-08 15:31:20,36.0,B/A
2083-04-08 15:33:30,36.0,B/A
2083-04-08 15:35:47,32.0,B/A
2083-04-08 15:37:51,36.0,B/A
2083-04-08 15:40:17,32.0,B/A
2083-04-08 15:42:18,29.0,B/A
2083-04-08 15:44:27,31.0,B/A
2083-04-08 15:46:29,29.0,B/A
2083-04-08 15:48:39,25.0,B/A
2083-04-08 15:50:42,28.0,B/A
2083-04-08 15:52:53,32.0,B/A
2083-04-08 15:55:02,66.0,B/A
2083-04-08 15:57:20,2204.0,C
2083-04-08 16:19:30,1258.0,B/A
2083-04-08 16:29:19,437.0,B/A
2083-04-08 16:36:37,223.0,B/A
2083-04-08 16:40:58,149.0,B/A
2083-04-08 16:44:04,120.0,B/A
2083-04-08 16:46:20,101.0,B/A
2083-04-08 16:48:26,88.0,B/A
2083-04-08 16:50:36,83.0,B/A
2083-04-08 16:52:47,77.0,B/A
2083-04-08 16:55:21,71.0,B/A
2083-04-08 16:58:23,66.0,B/A
2083-04-08 17:02:00,60.0,B/A
2083-04-08 17:04:28,56.0,B/A
2083-04-08 17:06:31,56.0,B/A
2083-04-08 17:09:10,54.0,B/A
2083-04-08 17:11:18,54.0,B/A
2083-04-08 17:13:28,55.0,B/A
2083-04-08 17:15:34,58.0,B/A
2083-04-08 17:17:42,61.0,B/A
2083-04-08 17:19:51,94.0,B/A
2083-04-08 17:21:58,97.0,B/A
2083-04-08 17:24:09,82.0,B/A
2083-04-08 17:26:48,79.0,B/A
2083-04-08 17:29:35,65.0,B/A
2083-04-08 17:32:42,61.0,B/A
2083-04-08 17:35:01,65.0,B/A
2083-04-08 17:38:26,65.0,B/A
2083-04-08 17:40:32,63.0,B/A
2083-04-08 17:42:43,57.0,B/A
2083-04-08 17:45:55,74.0,B/A
2083-04-08 17:48:06,103.0,B/A
2083-04-08 17:50:48,108.0,B/A
2083-04-08 17:53:15,97.0,B/A
2083-04-08 17:55:18,99.0,B/A
2083-04-08 17:57:29,99.0,B/A
2083-04-08 17:59:37,92.0,B/A
2083-04-08 18:06:42,63.0,B/A
2083-04-08 18:09:22,59.0,B/A
2083-04-08 18:12:03,55.0,B/A
2083-04-08 18:14:15,48.0,B/A
2083-04-08 18:18:22,51.0,B/A
2083-04-08 18:20:39,40.0,B/A
2083-04-08 18:22:45,47.0,B/A
2083-04-08 18:24:49,48.0,B/A
2083-04-08 18:26:53,50.0,B/A
2083-04-08 18:28:59,48.0,B/A
2083-04-08 18:31:58,43.0,B/A
2083-04-08 18:34:33,41.0,B/A
2083-04-08 18:36:57,43.0,B/A
2083-04-08 18:39:19,36.0,B/A
2083-04-08 18:41:39,33.0,B/A
2083-04-08 18:43:45,35.0,B/A
2083-04-08 18:45:49,33.0,B/A
2083-04-08 18:48:19,31.0,B/A
2083-04-08 18:50:27,33.0,B/A
2083-04-08 18:52:39,31.0,B/A
2083-04-08 18:54:41,30.0,B/A
2083-04-08 18:56:57,29.0,B/A
2083-04-08 18:59:01,35.0,B/A
2083-04-08 19:01:06,29.0,B/A
2083-04-08 19:03:08,35.0,B/A
2083-04-08 19:05:12,29.0,B/A
2083-04-08 19:07:15,37.0,B/A
2083-04-08 19:09:18,40.0,B/A
2083-04-08 19:11:21,48.0,B/A
2083-04-08 19:13:25,43.0,B/A
2083-04-08 19:15:26,37.0,B/A
2083-04-08 19:18:25,39.0,B/A
2083-04-08 19:20:33,46.0,B/A
2083-04-08 19:22:34,44.0,B/A
2083-04-08 19:25:02,33.0,B/A
2083-04-08 19:27:15,31.0,B/A
2083-04-08 19:29:42,28.0,B/A
2083-04-08 19:31:45,25.0,B/A
2083-04-08 19:33:53,26.0,B/A
2083-04-08 19:35:59,26.0,B/A
2083-04-08 19:38:13,27.0,B/A
2083-04-08 19:40:15,32.0,B/A
2083-04-08 19:42:23,42.0,B/A
2083-04-08 19:44:30,53.0,B/A
2083-04-08 19:46:48,62.0,B/A
2083-04-08 19:49:10,62.0,B/A
2083-04-08 19:51:20,67.0,B/A
2083-04-08 19:53:26,69.0,B/A
2083-04-08 19:55:35,62.0,B/A
2083-04-08 19:57:41,63.0,B/A
2083-04-08 19:59:54,57.0,B/A
2083-04-08 20:01:56,56.0,B/A
2083-04-08 20:04:03,60.0,B/A
2083-04-08 20:06:05,74.0,B/A
2083-04-08 20:08:07,79.0,B/A
2083-04-08 20:10:38,64.0,B/A
2083-04-08 20:12:49,59.0,B/A
2083-04-08 20:15:04,48.0,B/A
2083-04-08 20:20:35,37.0,B/A
2083-04-08 20:23:02,37.0,B/A
2083-04-08 20:25:13,34.0,B/A
2083-04-08 20:27:18,36.0,B/A
2083-04-08 20:29:21,45.0,B/A
2083-04-08 20:31:36,37.0,B/A
2083-04-08 20:33:46,41.0,B/A
2083-04-08 20:36:05,43.0,B/A
2083-04-08 20:38:13,33.0,B/A
2083-04-08 20:40:42,37.0,B/A
2083-04-08 20:42:45,37.0,B/A
2083-04-08 20:44:52,33.0,B/A
2083-04-08 20:46:56,30.0,B/A
2083-04-08 20:49:08,34.0,B/A
2083-04-08 20:51:19,34.0,B/A
2083-04-08 20:53:23,35.0,B/A
2083-04-08 20:55:31,34.0,B/A
2083-04-08 20:57:37,36.0,B/A
2083-04-08 20:59:54,33.0,B/A
2083-04-08 21:02:00,44.0,B/A
2083-04-08 21:04:10,67.0,B/A
2083-04-08 21:06:22,116.0,B/A
2083-04-08 21:09:19,106.0,B/A
2083-04-08 21:12:02,70.0,B/A
2083-04-08 21:14:15,63.0,B/A
2083-04-08 21:16:27,73.0,B/A
2083-04-08 21:18:35,81.0,B/A
2083-04-08 21:20:41,74.0,B/A
2083-04-08 21:23:00,65.0,B/A
2083-04-08 21:25:54,61.0,B/A
2083-04-08 21:28:20,51.0,B/A
2083-04-08 21:30:22,47.0,B/A
2083-04-08 21:32:32,47.0,B/A
2083-04-08 21:34:43,42.0,B/A
2083-04-08 21:37:45,37.0,B/A
2083-04-08 21:40:40,36.0,B/A
2083-04-08 21:42:48,32.0,B/A
2083-04-08 21:45:14,29.0,B/A
2083-04-08 21:47:17,33.0,B/A
2083-04-08 21:49:33,27.0,B/A
2083-04-08 21:51:35,26.0,B/A
2083-04-08 21:53:47,23.0,B/A
2083-04-08 21:55:57,27.0,B/A
2083-04-08 21:58:10,23.0,B/A
2083-04-08 22:00:14,24.0,B/A
2083-04-08 22:02:19,27.0,B/A
2083-04-08 22:04:31,25.0,B/A
2083-04-08 22:06:36,24.0,B/A
2083-04-08 22:08:43,24.0,B/A
2083-04-08 22:10:46,25.0,B/A
2083-04-08 22:12:48,22.0,B/A
2083-04-08 22:14:54,25.0,B/A
2083-04-08 22:16:56,30.0,B/A
2083-04-08 22:18:58,34.0,B/A
2083-04-08 22:21:04,37.0,B/A
2083-04-08 22:23:12,24.0,B/A
2083-04-08 22:25:26,27.0,B/A
2083-04-08 22:27:33,22.0,B/A
2083-04-08 22:29:38,20.0,B/A
2083-04-08 22:31:40,45.0,B/A
2083-04-08 22:33:52,44.0,B/A
2083-04-08 22:35:54,44.0,B/A
2083-04-08 22:38:04,42.0,B/A
2083-04-08 22:40:12,52.0,B/A
2083-04-08 22:42:18,50.0,B/A
2083-04-08 22:44:25,45.0,B/A
2083-04-08 22:47:45,40.0,B/A
2083-04-08 22:49:46,34.0,B/A
2083-04-08 22:52:02,31.0,B/A
2083-04-08 22:54:10,37.0,B/A
2083-04-08 22:56:11,37.0,B/A
2083-04-08 22:58:20,52.0,B/A
2083-04-08 23:00:24,52.0,B/A
2083-04-08 23:02:28,44.0,B/A
2083-04-08 23:04:35,37.0,B/A
2083-04-08 23:06:39,35.0,B/A
2083-04-08 23:08:49,39.0,B/A
2083-04-08 23:10:58,38.0,B/A
2083-04-08 23:13:03,38.0,B/A
2083-04-08 23:15:05,36.0,B/A
2083-04-08 23:17:07,29.0,B/A
2083-04-08 23:19:14,29.0,B/A
2083-04-08 23:21:19,27.0,B/A
2083-04-08 23:23:32,28.0,B/A
2083-04-08 23:25:33,28.0,B/A
2083-04-08 23:27:39,29.0,B/A
2083-04-08 23:29:51,28.0,B/A
2083-04-08 23:31:56,30.0,B/A
2083-04-08 23:34:02,31.0,B/A
2083-04-08 23:36:05,35.0,B/A
2083-04-08 23:38:09,35.0,B/A
2083-04-08 23:40:15,158.0,B/A
2083-04-08 23:45:15,121.0,B/A
2083-04-08 23:47:54,51.0,B/A
2083-04-08 23:50:08,38.0,B/A
2083-04-08 23:52:30,42.0,B/A
2083-04-08 23:54:38,40.0,B/A
2083-04-08 23:57:02,47.0,B/A
2083-04-08 23:59:05,41.0,B/A
2083-04-10 00:00:42,41.0,B/A
2083-04-10 00:02:46,47.0,B/A
2083-04-10 00:05:02,45.0,B/A
2083-04-10 00:07:08,42.0,B/A
2083-04-10 00:09:36,39.0,B/A
2083-04-10 00:11:39,40.0,B/A
2083-04-10 00:13:42,47.0,B/A
2083-04-10 00:15:47,47.0,B/A
2083-04-10 00:17:48,59.0,B/A
2083-04-10 00:19:53,79.0,B/A
2083-04-10 00:22:05,96.0,B/A
2083-04-10 00:24:23,107.0,B/A
2083-04-10 00:26:33,94.0,B/A
2083-04-10 00:28:42,94.0,B/A
2083-04-10 00:31:05,86.0,B/A
2083-04-10 00:33:22,71.0,B/A
2083-04-10 00:37:34,68.0,B/A
2083-04-10 00:39:57,62.0,B/A
2083-04-10 00:41:59,53.0,B/A
2083-04-10 00:44:54,55.0,B/A
2083-04-10 00:47:11,47.0,B/A
2083-04-10 00:49:13,50.0,B/A
2083-04-10 00:51:33,54.0,B/A
2083-04-10 00:53:38,51.0,B/A
2083-04-10 00:55:46,43.0,B/A
2083-04-10 00:58:03,49.0,B/A
2083-04-10 01:00:07,51.0,B/A
2083-04-10 01:02:09,53.0,B/A
2083-04-10 01:04:24,45.0,B/A
2083-04-10 01:07:34,45.0,B/A
2083-04-10 01:09:39,40.0,B/A
2083-04-10 01:11:41,36.0,B/A
2083-04-10 01:13:44,38.0,B/A
2083-04-10 01:15:54,36.0,B/A
2083-04-10 01:18:07,42.0,B/A
2083-04-10 01:20:19,55.0,B/A
2083-04-10 01:22:29,55.0,B/A
2083-04-10 01:24:31,59.0,B/A
2083-04-10 01:26:51,54.0,B/A
2083-04-10 01:28:55,56.0,B/A
2083-04-10 01:32:16,54.0,B/A
2083-04-10 01:34:45,42.0,B/A
2083-04-10 01:37:00,38.0,B/A
2083-04-10 01:39:08,59.0,B/A
2083-04-10 01:41:09,73.0,B/A
2083-04-10 01:43:19,76.0,B/A
2083-04-10 01:45:23,74.0,B/A
2083-04-10 01:47:34,94.0,B/A
2083-04-10 01:50:02,95.0,B/A
2083-04-10 01:52:25,120.0,B/A
2083-04-10 02:00:41,192.0,B/A
2083-04-10 02:05:16,121.0,B/A
2083-04-10 02:07:43,362.0,B/A
2083-04-10 02:29:12,280.0,B/A
2083-04-10 02:44:28,165.0,B/A
2083-04-10 02:47:54,128.0,B/A
2083-04-10 02:50:19,111.0,B/A
2083-04-10 02:52:20,100.0,B/A
2083-04-10 02:54:21,96.0,B/A
2083-04-10 03:01:15,65.0,B/A
2083-04-10 03:04:46,57.0,B/A
2083-04-10 03:09:56,42.0,B/A
2083-04-10 03:12:45,41.0,B/A
2083-04-10 03:14:53,36.0,B/A
2083-04-10 03:17:01,35.0,B/A
2083-04-10 03:19:27,37.0,B/A
2083-04-10 03:21:32,51.0,B/A
2083-04-10 03:23:37,53.0,B/A
2083-04-10 03:25:42,48.0,B/A
2083-04-10 03:28:03,40.0,B/A
2083-04-10 03:30:14,34.0,B/A
2083-04-10 03:32:28,31.0,B/A
2083-04-10 03:34:35,26.0,B/A
2083-04-10 03:36:53,27.0,B/A
2083-04-10 03:39:08,26.0,B/A
2083-04-10 03:41:10,23.0,B/A
2083-04-10 03:43:36,28.0,B/A
2083-04-10 03:45:37,29.0,B/A
2083-04-10 03:47:49,29.0,B/A
2083-04-10 03:49:57,39.0,B/A
2083-04-10 03:52:10,41.0,B/A
2083-04-10 03:54:18,36.0,B/A
2083-04-10 03:56:22,32.0,B/A
2083-04-10 03:59:00,28.0,B/A
2083-04-10 04:01:16,25.0,B/A
2083-04-10 04:03:36,21.0,B/A
2083-04-10 04:05:39,21.0,B/A
2083-04-10 04:07:44,21.0,B/A
2083-04-10 04:09:47,25.0,B/A
2083-04-10 04:11:51,28.0,B/A
2083-04-10 04:13:59,30.0,B/A
2083-04-10 04:16:04,28.0,B/A
2083-04-10 04:18:10,29.0,B/A
2083-04-10 04:20:18,27.0,B/A
2083-04-10 04:22:48,28.0,B/A
2083-04-10 04:24:56,28.0,B/A
2083-04-10 04:27:15,24.0,B/A
2083-04-10 04:29:29,22.0,B/A
2083-04-10 04:31:39,22.0,B/A
2083-04-10 04:33:41,26.0,B/A
2083-04-10 04:35:48,24.0,B/A
2083-04-10 04:37:49,24.0,B/A
2083-04-10 04:39:51,26.0,B/A
2083-04-10 04:41:54,25.0,B/A
2083-04-10 04:43:55,21.0,B/A
2083-04-10 04:46:08,23.0,B/A
2083-04-10 04:48:11,20.0,B/A
2083-04-10 04:50:18,20.0,B/A
2083-04-10 04:52:21,23.0,B/A
2083-04-10 04:54:26,24.0,B/A
2083-04-10 04:56:30,29.0,B/A
2083-04-10 04:58:35,22.0,B/A
2083-04-10 05:00:43,20.0,B/A
2083-04-10 05:02:52,23.0,B/A
2083-04-10 05:05:00,38.0,B/A
2083-04-10 05:07:44,57.0,B/A
2083-04-10 05:09:54,46.0,B/A
2083-04-10 05:12:00,43.0,B/A
2083-04-10 05:14:03,32.0,B/A
2083-04-10 05:16:34,27.0,B/A
2083-04-10 05:18:41,33.0,B/A
2083-04-10 05:20:45,26.0,B/A
2083-04-10 05:22:46,22.0,B/A
2083-04-10 05:24:51,23.0,B/A
2083-04-10 05:27:02,24.0,B/A
2083-04-10 05:29:17,23.0,B/A
2083-04-10 05:31:21,30.0,B/A
2083-04-10 05:33:26,30.0,B/A
2083-04-10 05:35:28,27.0,B/A
2083-04-10 05:37:44,28.0,B/A
2083-04-10 05:39:53,35.0,B/A
2083-04-10 05:41:55,35.0,B/A
2083-04-10 05:43:59,52.0,B/A
2083-04-10 05:46:04,56.0,B/A
2083-04-10 05:48:22,59.0,B/A
2083-04-10 05:50:28,62.0,B/A
2083-04-10 05:52:43,66.0,B/A
2083-04-10 05:54:52,67.0,B/A
2083-04-10 05:56:59,61.0,B/A
2083-04-10 05:59:17,52.0,B/A
2083-04-10 06:01:50,48.0,B/A
2083-04-10 06:03:56,50.0,B/A
2083-04-10 06:05:57,47.0,B/A
2083-04-10 06:08:13,46.0,B/A
2083-04-10 06:10:15,45.0,B/A
2083-04-10 06:12:19,43.0,B/A
2083-04-10 06:14:29,42.0,B/A
2083-04-10 06:16:31,35.0,B/A
2083-04-10 06:18:51,38.0,B/A
2083-04-10 06:21:25,37.0,B/A
2083-04-10 06:23:26,39.0,B/A
2083-04-10 06:25:56,35.0,B/A
2083-04-10 06:28:00,54.0,B/A
2083-04-10 06:30:25,327.0,B/A
2083-04-10 06:38:28,215.0,B/A
2083-04-10 06:43:35,109.0,B/A
2083-04-10 06:46:33,87.0,B/A
2083-04-10 06:48:53,73.0,B/A
2083-04-10 06:50:57,61.0,B/A
2083-04-10 06:53:12,59.0,B/A
2083-04-10 06:56:43,45.0,B/A
2083-04-10 06:58:50,41.0,B/A
2083-04-10 07:00:59,42.0,B/A
2083-04-10 07:03:52,38.0,B/A
2083-04-10 07:05:54,41.0,B/A
2083-04-10 07:08:01,58.0,B/A
2083-04-10 07:10:08,64.0,B/A
2083-04-10 07:12:16,60.0,B/A
2083-04-10 07:14:20,55.0,B/A
2083-04-10 07:16:28,47.0,B/A
2083-04-10 07:19:17,42.0,B/A
2083-04-10 07:22:34,31.0,B/A
2083-04-10 07:24:43,32.0,B/A
2083-04-10 07:26:53,32.0,B/A
2083-04-10 07:29:01,68.0,B/A
2083-04-10 07:31:15,77.0,B/A
2083-04-10 07:33:56,69.0,B/A
2083-04-10 07:36:16,60.0,B/A
2083-04-10 07:38:21,59.0,B/A
2083-04-10 07:40:34,44.0,B/A
2083-04-10 07:42:45,42.0,B/A
2083-04-10 07:45:04,42.0,B/A
2083-04-10 07:47:09,49.0,B/A
2083-04-10 07:49:22,54.0,B/A
2083-04-10 07:51:32,60.0,B/A
2083-04-10 07:53:34,55.0,B/A
2083-04-10 07:55:50,53.0,B/A
2083-04-10 07:59:04,45.0,B/A
2083-04-10 08:01:24,43.0,B/A
2083-04-10 08:05:13,37.0,B/A
2083-04-10 08:07:50,32.0,B/A
2083-04-10 08:09:55,29.0,B/A
2083-04-10 08:12:02,26.0,B/A
2083-04-10 08:14:06,28.0,B/A
2083-04-10 08:16:12,24.0,B/A
2083-04-10 08:18:21,27.0,B/A
2083-04-10 08:20:23,22.0,B/A
2083-04-10 08:22:37,24.0,B/A
2083-04-10 08:24:58,24.0,B/A
2083-04-10 08:27:01,20.0,B/A
2083-04-10 08:29:13,23.0,B/A
2083-04-10 08:31:14,19.0,B/A
2083-04-10 08:33:25,17.0,B/A
2083-04-10 08:35:31,23.0,B/A
2083-04-10 08:37:37,23.0,B/A
2083-04-10 08:39:39,24.0,B/A
2083-04-10 08:41:43,17.0,B/A
2083-04-10 08:43:48,20.0,B/A
2083-04-10 08:46:05,19.0,B/A
2083-04-10 08:48:08,20.0,B/A
2083-04-10 08:50:24,17.0,B/A
2083-04-10 08:52:27,18.0,B/A
2083-04-10 08:54:30,19.0,B/A
2083-04-10 08:56:35,20.0,B/A
2083-04-10 08:58:35,18.0,B/A
2083-04-10 09:00:40,24.0,B/A
2083-04-10 09:02:43,24.0,B/A
2083-04-10 09:04:49,27.0,B/A
2083-04-10 09:06:54,29.0,B/A
2083-04-10 09:09:02,34.0,B/A
2083-04-10 09:11:05,39.0,B/A
2083-04-10 09:13:08,46.0,B/A
2083-04-10 09:15:12,64.0,B/A
2083-04-10 09:17:24,87.0,B/A
2083-04-10 09:20:17,1039.0,B/A
2083-04-10 11:09:35,658.0,B/A
2083-04-10 12:24:43,336.0,B/A
2083-04-10 13:16:16,229.0,B/A
2083-04-10 13:44:01,215.0,B/A
2083-04-10 13:51:40,180.0,B/A
2083-04-10 14:04:14,174.0,B/A
2083-04-10 14:10:50,151.0,B/A
2083-04-10 14:13:40,149.0,B/A
2083-04-10 14:16:38,148.0,B/A
2083-04-10 14:19:29,142.0,B/A
2083-04-10 14:22:22,147.0,B/A
2083-04-10 14:24:43,140.0,B/A
2083-04-10 14:26:48,145.0,B/A
2083-04-10 14:28:53,140.0,B/A
2083-04-10 14:30:59,133.0,B/A
2083-04-10 14:33:10,141.0,B/A
2083-04-10 14:37:23,139.0,B/A
2083-04-10 14:39:27,154.0,B/A
2083-04-10 14:48:51,123.0,B/A
2083-04-10 14:53:37,132.0,B/A
2083-04-10 14:55:49,138.0,B/A
2083-04-10 14:57:53,151.0,B/A
2083-04-10 15:07:06,107.0,B/A
2083-04-10 15:09:26,103.0,B/A
2083-04-10 15:12:37,99.0,B/A
2083-04-10 15:16:56,102.0,B/A
2083-04-10 15:19:08,103.0,B/A
2083-04-10 15:23:30,98.0,B/A
2083-04-10 15:26:13,101.0,B/A
2083-04-10 15:28:32,112.0,B/A
2083-04-10 15:30:34,115.0,B/A
2083-04-10 15:44:10,89.0,B/A
2083-04-10 15:47:19,85.0,B/A
2083-04-10 15:50:03,88.0,B/A
2083-04-10 15:52:42,76.0,B/A
2083-04-10 15:55:11,87.0,B/A
2083-04-10 15:58:29,73.0,B/A
2083-04-10 16:01:08,74.0,B/A
2083-04-10 16:03:37,72.0,B/A
2083-04-10 16:06:17,76.0,B/A
2083-04-10 16:09:22,71.0,B/A
2083-04-10 16:12:03,70.0,B/A
2083-04-10 16:15:30,68.0,B/A
2083-04-10 16:17:53,71.0,B/A
2083-04-10 16:20:18,60.0,B/A
2083-04-10 16:22:35,61.0,B/A
2083-04-10 16:25:45,62.0,B/A
2083-04-10 16:27:59,68.0,B/A
2083-04-10 16:30:02,62.0,B/A
2083-04-10 16:32:03,60.0,B/A
2083-04-10 16:34:19,59.0,B/A
2083-04-10 16:36:58,58.0,B/A
2083-04-10 16:39:00,57.0,B/A
2083-04-10 16:41:02,59.0,B/A
2083-04-10 16:43:10,61.0,B/A
2083-04-10 16:46:11,61.0,B/A
2083-04-10 16:48:17,57.0,B/A
2083-04-10 16:50:18,66.0,B/A
2083-04-10 16:52:22,56.0,B/A
2083-04-10 16:54:28,53.0,B/A
2083-04-10 16:56:39,54.0,B/A
2083-04-10 16:58:55,55.0,B/A
2083-04-10 17:01:05,55.0,B/A
2083-04-10 17:03:14,56.0,B/A
2083-04-10 17:05:30,58.0,B/A
2083-04-10 17:07:34,56.0,B/A
2083-04-10 17:09:59,57.0,B/A
2083-04-10 17:13:18,54.0,B/A
2083-04-10 17:15:34,51.0,B/A
2083-04-10 17:17:57,53.0,B/A
2083-04-10 17:20:09,51.0,B/A
2083-04-10 17:22:23,49.0,B/A
2083-04-10 17:24:36,47.0,B/A
2083-04-10 17:27:08,45.0,B/A
2083-04-10 17:29:09,47.0,B/A
2083-04-10 17:31:13,47.0,B/A
2083-04-10 17:33:18,43.0,B/A
2083-04-10 17:35:20,43.0,B/A
2083-04-10 17:37:35,43.0,B/A
2083-04-10 17:39:40,46.0,B/A
2083-04-10 17:41:52,44.0,B/A
2083-04-10 17:44:13,44.0,B/A
2083-04-10 17:46:20,49.0,B/A
2083-04-10 17:48:26,62.0,B/A
2083-04-10 17:50:31,158.0,B/A
2083-04-10 17:55:41,139.0,B/A
2083-04-10 17:59:25,105.0,B/A
2083-04-10 18:01:42,79.0,B/A
2083-04-10 18:03:45,68.0,B/A
2083-04-10 18:07:25,64.0,B/A
2083-04-10 18:09:28,63.0,B/A
2083-04-10 18:14:26,54.0,B/A
2083-04-10 18:17:11,42.0,B/A
2083-04-10 18:19:16,39.0,B/A
2083-04-10 18:21:28,44.0,B/A
2083-04-10 18:23:55,35.0,B/A
2083-04-10 18:25:57,44.0,B/A
2083-04-10 18:27:59,52.0,B/A
2083-04-10 18:30:02,81.0,B/A
2083-04-10 18:32:27,73.0,B/A
2083-04-10 18:34:35,48.0,B/A
2083-04-10 18:38:35,40.0,B/A
2083-04-10 18:40:46,34.0,B/A
2083-04-10 18:42:53,34.0,B/A
2083-04-10 18:44:56,38.0,B/A
2083-04-10 18:47:04,32.0,B/A
2083-04-10 18:49:23,33.0,B/A
2083-04-10 18:51:25,33.0,B/A
2083-04-10 18:53:38,32.0,B/A
2083-04-10 18:55:43,30.0,B/A
2083-04-10 18:57:59,34.0,B/A
2083-04-10 19:00:14,30.0,B/A
2083-04-10 19:02:31,29.0,B/A
2083-04-10 19:04:40,34.0,B/A
2083-04-10 19:06:46,31.0,B/A
2083-04-10 19:08:57,28.0,B/A
2083-04-10 19:11:13,28.0,B/A
2083-04-10 19:13:28,27.0,B/A
2083-04-10 19:15:43,28.0,B/A
2083-04-10 19:18:12,29.0,B/A
2083-04-10 19:20:19,29.0,B/A
2083-04-10 19:22:24,29.0,B/A
2083-04-10 19:24:25,27.0,B/A
2083-04-10 19:26:30,31.0,B/A
2083-04-10 19:28:30,33.0,B/A
2083-04-10 19:30:34,31.0,B/A
2083-04-10 19:32:37,27.0,B/A
2083-04-10 19:34:43,31.0,B/A
2083-04-10 19:36:54,30.0,B/A
2083-04-10 19:38:57,32.0,B/A
2083-04-10 19:41:20,25.0,B/A
2083-04-10 19:43:21,25.0,B/A
2083-04-10 19:45:24,32.0,B/A
2083-04-10 19:47:27,31.0,B/A
2083-04-10 19:49:31,28.0,B/A
2083-04-10 19:51:38,27.0,B/A
2083-04-10 19:53:39,29.0,B/A
2083-04-10 19:56:01,27.0,B/A
2083-04-10 19:58:09,32.0,B/A
2083-04-10 20:00:16,29.0,B/A
2083-04-10 20:02:18,29.0,B/A
2083-04-10 20:04:25,24.0,B/A
2083-04-10 20:06:44,28.0,B/A
2083-04-10 20:08:45,25.0,B/A
2083-04-10 20:10:54,26.0,B/A
2083-04-10 20:12:56,32.0,B/A
2083-04-10 20:14:57,36.0,B/A
2083-04-10 20:17:01,34.0,B/A
2083-04-10 20:19:09,46.0,B/A
2083-04-10 20:21:10,40.0,B/A
2083-04-10 20:23:18,33.0,B/A
2083-04-10 20:25:26,27.0,B/A
2083-04-10 20:27:41,27.0,B/A
2083-04-10 20:30:05,33.0,B/A
2083-04-10 20:32:08,25.0,B/A
2083-04-10 20:34:20,25.0,B/A
2083-04-10 20:36:23,25.0,B/A
2083-04-10 20:38:26,23.0,B/A
2083-04-10 20:40:44,29.0,B/A
2083-04-10 20:42:52,27.0,B/A
2083-04-10 20:44:55,24.0,B/A
2083-04-10 20:46:57,28.0,B/A
2083-04-10 20:49:00,33.0,B/A
2083-04-10 20:51:06,67.0,B/A
2083-04-10 20:53:45,190.0,B/A
2083-04-10 21:03:03,134.0,B/A
2083-04-10 21:07:59,90.0,B/A
2083-04-10 21:10:41,73.0,B/A
2083-04-10 21:12:55,65.0,B/A
2083-04-10 21:15:15,60.0,B/A
2083-04-10 21:17:15,65.0,B/A
2083-04-10 21:19:19,57.0,B/A
2083-04-10 21:21:44,54.0,B/A
2083-04-10 21:23:47,54.0,B/A
2083-04-10 21:26:08,53.0,B/A
2083-04-10 21:28:11,57.0,B/A
2083-04-10 21:30:20,59.0,B/A
2083-04-10 21:32:41,50.0,B/A
2083-04-10 21:34:42,52.0,B/A
2083-04-10 21:36:50,46.0,B/A
2083-04-10 21:39:34,48.0,B/A
2083-04-10 21:41:59,45.0,B/A
2083-04-10 21:44:08,39.0,B/A
2083-04-10 21:46:13,39.0,B/A
2083-04-10 21:48:19,43.0,B/A
2083-04-10 21:50:25,45.0,B/A
2083-04-10 21:52:50,39.0,B/A
2083-04-10 21:55:00,41.0,B/A
2083-04-10 21:57:13,38.0,B/A
2083-04-10 21:59:23,37.0,B/A
2083-04-10 22:01:31,38.0,B/A
2083-04-10 22:03:55,41.0,B/A
2083-04-10 22:06:01,41.0,B/A
2083-04-10 22:08:05,36.0,B/A
2083-04-10 22:10:12,39.0,B/A
2083-04-10 22:12:28,37.0,B/A
2083-04-10 22:14:33,38.0,B/A
2083-04-10 22:17:03,40.0,B/A
2083-04-10 22:19:06,38.0,B/A
2083-04-10 22:21:11,41.0,B/A
2083-04-10 22:23:19,37.0,B/A
2083-04-10 22:25:26,33.0,B/A
2083-04-10 22:27:32,34.0,B/A
2083-04-10 22:29:45,38.0,B/A
2083-04-10 22:31:46,33.0,B/A
2083-04-10 22:33:50,37.0,B/A
2083-04-10 22:36:01,38.0,B/A
2083-04-10 22:38:36,38.0,B/A
2083-04-10 22:40:57,36.0,B/A
2083-04-10 22:43:12,36.0,B/A
2083-04-10 22:45:18,31.0,B/A
2083-04-10 22:47:25,31.0,B/A
2083-04-10 22:49:30,34.0,B/A
2083-04-10 22:51:52,34.0,B/A
2083-04-10 22:54:20,38.0,B/A
2083-04-10 22:56:27,30.0,B/A
2083-04-10 22:58:48,28.0,B/A
2083-04-10 23:00:58,27.0,B/A
2083-04-10 23:03:09,31.0,B/A
2083-04-10 23:05:16,29.0,B/A
2083-04-10 23:07:24,32.0,B/A
2083-04-10 23:09:26,26.0,B/A
2083-04-10 23:11:38,29.0,B/A
2083-04-10 23:13:40,26.0,B/A
2083-04-10 23:15:44,26.0,B/A
2083-04-10 23:18:05,25.0,B/A
2083-04-10 23:20:07,27.0,B/A
2083-04-10 23:22:09,24.0,B/A
2083-04-10 23:24:21,23.0,B/A
2083-04-10 23:26:38,23.0,B/A
2083-04-10 23:28:47,26.0,B/A
2083-04-10 23:30:58,27.0,B/A
2083-04-10 23:33:03,30.0,B/A
2083-04-10 23:35:09,24.0,B/A
2083-04-10 23:37:14,25.0,B/A
2083-04-10 23:39:22,23.0,B/A
2083-04-10 23:41:28,25.0,B/A
2083-04-10 23:43:32,24.0,B/A
2083-04-10 23:45:33,25.0,B/A
2083-04-10 23:47:42,21.0,B/A
2083-04-10 23:49:58,25.0,B/A
2083-04-10 23:51:59,23.0,B/A
2083-04-10 23:54:03,26.0,B/A
2083-04-10 23:56:04,24.0,B/A
2083-04-10 23:58:12,24.0,B/A
