timestamp,flux_long,flux_short,soft,hard
2026-09-08 06:58:00,3.431741788517684e-07,1.2391409676126841e-08,343.1741788517684,12391.409676126841
2026-09-08 06:59:00,3.44832159271391e-07,1.4437518736087895e-08,344.832159271391,14437.518736087895
2026-09-08 07:00:00,3.4703674600677914e-07,1.3067830373358902e-08,347.03674600677914,13067.830373358902
2026-09-08 07:01:00,3.4567071338642563e-07,1.1983379621938184e-08,345.67071338642563,11983.379621938184
2026-09-08 07:02:00,3.4540420301709673e-07,1.4327468100816532e-08,345.40420301709673,14327.468100816532
2026-09-08 07:03:00,3.486314028577908e-07,1.3810973698014095e-08,348.6314028577908,13810.973698014095
2026-09-08 07:04:00,3.49857288028943e-07,1.354788903284998e-08,349.857288028943,13547.88903284998
2026-09-08 07:05:00,3.477528593975876e-07,1.3966906742268748e-08,347.7528593975876,13966.906742268748
2026-09-08 07:06:00,3.507182384510088e-07,1.3402742027324166e-08,350.7182384510088,13402.742027324166
2026-09-08 07:07:00,3.4645071878003364e-07,1.4183198615569381e-08,346.45071878003364,14183.198615569381
2026-09-08 07:08:00,3.416583069792978e-07,1.4123535230226025e-08,341.6583069792978,14123.535230226025
2026-09-08 07:09:00,3.42135820119438e-07,1.286625384011586e-08,342.135820119438,12866.25384011586
2026-09-08 07:10:00,3.5452919178169395e-07,9.43932754182697e-09,354.52919178169395,9439.32754182697
2026-09-08 07:11:00,3.4596371278894367e-07,9.319055749301697e-09,345.96371278894367,9319.055749301697
2026-09-08 07:12:00,3.4064711940118286e-07,1.0238915493232525e-08,340.64711940118286,10238.915493232525
2026-09-08 07:13:00,3.4242069091305893e-07,1.1069081651271517e-08,342.42069091305893,11069.081651271517
2026-09-08 07:14:00,3.488564175313513e-07,1.0838953734548795e-08,348.8564175313513,10838.953734548795
2026-09-08 07:15:00,3.7073294834044646e-07,1.4259663672078204e-08,370.73294834044646,14259.663672078204
2026-09-08 07:16:00,3.8053491380196647e-07,1.401387450528091e-08,380.53491380196647,14013.87450528091
2026-09-08 07:17:00,3.743905097053357e-07,1.3307028368103602e-08,374.3905097053357,13307.028368103602
2026-09-08 07:18:00,3.709863278800185e-07,1.5478327952678228e-08,370.9863278800185,15478.327952678228
2026-09-08 07:19:00,3.6545768011819746e-07,1.3555172095891521e-08,365.45768011819746,13555.172095891521
2026-09-08 07:20:00,3.634647214312281e-07,1.2516674807727668e-08,363.4647214312281,12516.674807727668
2026-09-08 07:21:00,3.4988286756743037e-07,1.3565288448091906e-08,349.88286756743037,13565.288448091906
2026-09-08 07:22:00,3.385428328783746e-07,1.4030100636830412e-08,338.5428328783746,14030.100636830412
2026-09-08 07:23:00,3.3063722071347e-07,1.564954388300066e-08,330.63722071347,15649.54388300066
2026-09-08 07:24:00,3.281660383436247e-07,1.399340643359892e-08,328.1660383436247,13993.40643359892
2026-09-08 07:25:00,3.2560549811933015e-07,1.3193006687117759e-08,325.60549811933015,13193.006687117759
2026-09-08 07:26:00,3.2459328735967574e-07,1.1049958281716954e-08,324.59328735967574,11049.958281716954
2026-09-08 07:27:00,3.2704630825719505e-07,1.4455402208568557e-08,327.04630825719505,14455.402208568557
2026-09-08 07:28:00,3.272370463491825e-07,1.4603255493739198e-08,327.2370463491825,14603.255493739198
2026-09-08 07:29:00,3.259274024003389e-07,1.4799278247323855e-08,325.9274024003389,14799.278247323855
2026-09-08 07:30:00,3.2849638387233426e-07,1.4110441703962806e-08,328.49638387233426,14110.441703962806
2026-09-08 07:31:00,3.2739245625634794e-07,1.3690666378352034e-08,327.39245625634794,13690.666378352034
2026-09-08 07:32:00,3.2434078889309603e-07,1.3267601239874693e-08,324.34078889309603,13267.601239874693
2026-09-08 07:33:00,3.229534399906697e-07,1.2627277001797665e-08,322.9534399906697,12627.277001797665
2026-09-08 07:34:00,3.2462116905662697e-07,1.3327374759342092e-08,324.62116905662697,13327.374759342092
2026-09-08 07:35:00,3.2565418450758443e-07,1.259030035782871e-08,325.65418450758443,12590.30035782871
2026-09-08 07:36:00,3.2409658956567e-07,1.212428735186677e-08,324.09658956567,12124.28735186677
2026-09-08 07:37:00,3.2284373219226836e-07,1.3142688715106488e-08,322.84373219226836,13142.688715106488
2026-09-08 07:38:00,3.2291103480019956e-07,1.348204570206235e-08,322.91103480019956,13482.04570206235
2026-09-08 07:39:00,3.206795042842714e-07,1.226950452348774e-08,320.6795042842714,12269.50452348774
2026-09-08 07:40:00,3.245337723001285e-07,1.324187337559124e-08,324.5337723001285,13241.87337559124
2026-09-08 07:41:00,3.2785322900963365e-07,1.5700656774697563e-08,327.85322900963365,15700.656774697563
2026-09-08 07:42:00,3.284550871285319e-07,1.62141304826946e-08,328.4550871285319,16214.1304826946
2026-09-08 07:43:00,3.2827284712766414e-07,1.5921482798830766e-08,328.27284712766414,15921.482798830766
2026-09-08 07:44:00,3.277377231825085e-07,1.5881523651728457e-08,327.7377231825085,15881.523651728457
2026-09-08 07:45:00,3.2830612894940714e-07,1.5193615254815995e-08,328.30612894940714,15193.615254815995
2026-09-08 07:46:00,3.2992065257531067e-07,1.566032636901582e-08,329.92065257531067,15660.32636901582
2026-09-08 07:47:00,3.288043330940127e-07,1.576141173131873e-08,328.8043330940127,15761.41173131873
2026-09-08 07:48:00,3.3148970146612555e-07,1.5834695332728188e-08,331.48970146612555,15834.695332728188
2026-09-08 07:49:00,3.3442321978327527e-07,1.717130260203703e-08,334.4232197832753,17171.30260203703
2026-09-08 07:50:00,3.307258111817646e-07,1.4741838860743428e-08,330.7258111817646,14741.838860743428
2026-09-08 07:51:00,3.2960130624815065e-07,1.3185403879845126e-08,329.60130624815065,13185.403879845126
2026-09-08 07:52:00,3.2878324418561533e-07,1.3368263829249827e-08,328.78324418561533,13368.263829249827
2026-09-08 07:53:00,3.272261039910518e-07,1.3661836106848568e-08,327.2261039910518,13661.836106848568
2026-09-08 07:54:00,3.2512315328858676e-07,1.5394725494388695e-08,325.12315328858676,15394.725494388695
2026-09-08 07:55:00,3.2470273936269223e-07,1.693743456598895e-08,324.7027393626922,16937.43456598895
2026-09-08 07:56:00,3.2509049674445123e-07,1.558657913847128e-08,325.09049674445123,15586.57913847128
2026-09-08 07:57:00,3.2877522926355596e-07,1.5152537002904864e-08,328.77522926355596,15152.537002904864
2026-09-08 07:58:00,3.2815151485010574e-07,1.7234459193105067e-08,328.15151485010574,17234.459193105067
2026-09-08 07:59:00,3.2744733857725805e-07,1.874604826923587e-08,327.44733857725805,18746.04826923587
2026-09-08 08:00:00,3.276310849287256e-07,1.7854576483955498e-08,327.6310849287256,17854.576483955498
2026-09-08 08:01:00,3.2996317145261855e-07,1.7911364835754284e-08,329.96317145261855,17911.364835754284
2026-09-08 08:02:00,3.2983919595608313e-07,1.7841612631741555e-08,329.83919595608313,17841.612631741555
2026-09-08 08:03:00,3.3086345752053603e-07,1.8847206462169197e-08,330.86345752053603,18847.206462169197
2026-09-08 08:04:00,3.306031999272818e-07,1.6199486196910584e-08,330.6031999272818,16199.486196910584
2026-09-08 08:05:00,3.312305238978297e-07,1.556122519730252e-08,331.2305238978297,15561.22519730252
2026-09-08 08:06:00,3.3229065365958377e-07,1.7691631271077313e-08,332.29065365958377,17691.631271077313
2026-09-08 08:07:00,3.3275915711783455e-07,1.7638940974507022e-08,332.75915711783455,17638.940974507022
2026-09-08 08:08:00,3.331146274376806e-07,1.7855867895377742e-08,333.1146274376806,17855.86789537774
2026-09-08 08:09:00,3.342306911235937e-07,1.7533722029838827e-08,334.2306911235937,17533.722029838827
2026-09-08 08:10:00,3.3591680903555243e-07,1.7861717438449887e-08,335.91680903555243,17861.717438449887
2026-09-08 08:11:00,3.3693191880956874e-07,1.7525223938719137e-08,336.93191880956874,17525.223938719137
2026-09-08 08:12:00,3.360586617873196e-07,1.748830769088272e-08,336.0586617873196,17488.30769088272
2026-09-08 08:13:00,3.35857151867458e-07,1.7515581873794872e-08,335.857151867458,17515.581873794872
2026-09-08 08:14:00,3.3560851875336084e-07,1.7050856726541497e-08,335.60851875336084,17050.856726541497
2026-09-08 08:15:00,3.3499856044727494e-07,1.805967642098949e-08,334.99856044727494,18059.67642098949
2026-09-08 08:16:00,3.343887726714456e-07,1.8689076952682626e-08,334.3887726714456,18689.076952682626
2026-09-08 08:17:00,3.3318488590339257e-07,1.7069524460566754e-08,333.18488590339257,17069.524460566754
2026-09-08 08:18:00,3.329761000259168e-07,1.634181678866753e-08,332.9761000259168,16341.81678866753
2026-09-08 08:19:00,3.33466289248463e-07,1.5592167557088032e-08,333.466289248463,15592.167557088032
2026-09-08 08:20:00,3.3107070862570254e-07,1.7770831917118812e-08,331.07070862570254,17770.831917118812
2026-09-08 08:21:00,3.3239578556276683e-07,1.704199448226973e-08,332.39578556276683,17041.99448226973
2026-09-08 08:22:00,3.306123517177184e-07,1.7146801312151183e-08,330.6123517177184,17146.801312151183
2026-09-08 08:23:00,3.274215600868047e-07,1.5387820795353946e-08,327.4215600868047,15387.820795353946
2026-09-08 08:24:00,3.239368311369617e-07,1.4721864616262792e-08,323.9368311369617,14721.864616262792
2026-09-08 08:25:00,3.2149722528629354e-07,1.4766721179171327e-08,321.49722528629354,14766.721179171327
2026-09-08 08:26:00,3.1937776157064945e-07,1.3753718164366546e-08,319.37776157064945,13753.718164366546
2026-09-08 08:27:00,3.199260447672714e-07,1.6026300286853257e-08,319.9260447672714,16026.300286853257
2026-09-08 08:28:00,3.192500059867598e-07,1.5344875592404605e-08,319.2500059867598,15344.875592404605
2026-09-08 08:29:00,3.15345175749826e-07,1.414167805080524e-08,315.345175749826,14141.67805080524
2026-09-08 08:30:00,3.147110021473054e-07,1.3804483778301346e-08,314.7110021473054,13804.483778301346
2026-09-08 08:31:00,3.163439146192104e-07,1.2918359715285987e-08,316.3439146192104,12918.359715285987
2026-09-08 08:32:00,3.1563340030515974e-07,1.4213624943693048e-08,315.63340030515974,14213.624943693048
2026-09-08 08:33:00,3.1525004828836245e-07,1.4699617523206143e-08,315.25004828836245,14699.617523206143
2026-09-08 08:34:00,3.1374455033983395e-07,1.4588119157110668e-08,313.74455033983395,14588.119157110668
2026-09-08 08:35:00,3.120671010492515e-07,1.3130710740938412e-08,312.0671010492515,13130.710740938412
2026-09-08 08:36:00,3.1119813570512633e-07,9.744965723257337e-09,311.19813570512633,9744.965723257337
2026-09-08 08:37:00,3.108521298145206e-07,8.541917395632481e-09,310.8521298145206,8541.917395632481
2026-09-08 08:38:00,3.118362030818389e-07,9.268305234400032e-09,311.8362030818389,9268.305234400032
2026-09-08 08:39:00,3.1163983749138424e-07,1.096155699542578e-08,311.63983749138424,10961.55699542578
2026-09-08 08:40:00,3.0978060294728493e-07,1.168699892417635e-08,309.78060294728493,11686.99892417635
2026-09-08 08:41:00,3.1108336884244636e-07,1.3252024366749993e-08,311.08336884244636,13252.024366749993
2026-09-08 08:42:00,3.1091801133698027e-07,1.2917556801994579e-08,310.91801133698027,12917.556801994579
2026-09-08 08:43:00,3.105604662323458e-07,1.2520940728677488e-08,310.5604662323458,12520.940728677488
2026-09-08 08:44:00,3.098869285622641e-07,1.2427261886216456e-08,309.8869285622641,12427.261886216456
2026-09-08 08:45:00,3.103251913216809e-07,1.2631660162298886e-08,310.3251913216809,12631.660162298886
2026-09-08 08:46:00,3.093313125646091e-07,1.3991045655359358e-08,309.3313125646091,13991.045655359358
2026-09-08 08:47:00,3.0987408194960153e-07,1.2410407812524227e-08,309.87408194960153,12410.407812524227
2026-09-08 08:48:00,3.1080375606507005e-07,1.3677127874700545e-08,310.80375606507005,13677.127874700545
2026-09-08 08:49:00,3.1271946454580757e-07,1.396002957676501e-08,312.71946454580757,13960.02957676501
2026-09-08 08:50:00,3.119764073744591e-07,1.489309475743994e-08,311.9764073744591,14893.09475743994
2026-09-08 08:51:00,3.1371274644698133e-07,1.3517869490442536e-08,313.7127464469813,13517.869490442536
2026-09-08 08:52:00,3.1328801242125337e-07,1.320141329586022e-08,313.28801242125337,13201.41329586022
2026-09-08 08:53:00,3.1272739420273865e-07,1.3296749479252412e-08,312.72739420273865,13296.749479252412
2026-09-08 08:54:00,3.128366472537891e-07,1.3248787844588605e-08,312.8366472537891,13248.787844588605
2026-09-08 08:55:00,3.138698616567126e-07,1.2001948768158854e-08,313.8698616567126,12001.948768158854
2026-09-08 08:56:00,3.1433208391717926e-07,1.2777005231612293e-08,314.33208391717926,12777.005231612293
2026-09-08 08:57:00,3.1630966645934677e-07,1.3761055406291689e-08,316.3096664593468,13761.055406291689
2026-09-08 08:58:00,3.172587241806468e-07,1.4233527245721689e-08,317.2587241806468,14233.527245721689
2026-09-08 08:59:00,3.1953058510225674e-07,1.3650411467835966e-08,319.53058510225674,13650.411467835966
2026-09-08 09:00:00,3.1998359872886795e-07,1.3984843505454592e-08,319.98359872886795,13984.843505454592
2026-09-08 09:01:00,3.196842328634375e-07,1.2023801509997156e-08,319.6842328634375,12023.801509997156
2026-09-08 09:02:00,3.190337167779944e-07,1.371769009494983e-08,319.0337167779944,13717.69009494983
2026-09-08 09:03:00,3.214194066458731e-07,1.4052108809892161e-08,321.4194066458731,14052.108809892161
2026-09-08 09:04:00,3.246695143843681e-07,1.4671599934956703e-08,324.6695143843681,14671.599934956703
2026-09-08 09:05:00,3.2434849117635167e-07,1.4752007615470575e-08,324.3484911763517,14752.007615470575
2026-09-08 09:06:00,3.266771102516941e-07,1.2919363356900249e-08,326.6771102516941,12919.363356900249
2026-09-08 09:07:00,3.273680988513661e-07,1.3664246623079634e-08,327.3680988513661,13664.246623079634
2026-09-08 09:08:00,3.2882280720514245e-07,1.600867172157905e-08,328.82280720514245,16008.671721579049
2026-09-08 09:09:00,3.3251433251280105e-07,1.3526214814874038e-08,332.51433251280105,13526.214814874038
2026-09-08 09:10:00,3.3815081224020105e-07,1.3211567839732652e-08,338.15081224020105,13211.567839732652
2026-09-08 09:11:00,3.4061710607602436e-07,1.3357293049409691e-08,340.61710607602436,13357.29304940969
2026-09-08 09:12:00,3.3271464872086653e-07,1.0908538961018621e-08,332.71464872086653,10908.538961018621
2026-09-08 09:13:00,3.2984976883199124e-07,1.0374904491072812e-08,329.84976883199124,10374.904491072812
2026-09-08 09:14:00,3.2971115615509916e-07,9.079807128387074e-09,329.71115615509916,9079.807128387074
2026-09-08 09:15:00,3.294476584869699e-07,8.496640724331428e-09,329.4476584869699,8496.640724331428
2026-09-08 09:16:00,3.304349149857444e-07,7.86620990567144e-09,330.4349149857444,7866.20990567144
2026-09-08 09:17:00,3.344484014178306e-07,1.0812570394591603e-08,334.4484014178306,10812.570394591603
2026-09-08 09:18:00,3.3781105912567e-07,1.1114735798400943e-08,337.81105912567,11114.735798400943
2026-09-08 09:19:00,3.405167490200256e-07,1.360203327749332e-08,340.5167490200256,13602.03327749332
2026-09-08 09:20:00,3.39755985123702e-07,1.4350459487388889e-08,339.755985123702,14350.45948738889
2026-09-08 09:21:00,3.362750078395038e-07,1.719926601140287e-08,336.2750078395038,17199.26601140287
2026-09-08 09:22:00,3.3384270636815927e-07,1.3692667444331619e-08,333.84270636815927,13692.667444331619
2026-09-08 09:23:00,3.304625977307296e-07,1.3661349385074573e-08,330.4625977307296,13661.349385074573
2026-09-08 09:24:00,3.2526961035728164e-07,1.1769926366866912e-08,325.26961035728164,11769.926366866912
2026-09-08 09:25:00,3.2090343893287354e-07,1.254827086683008e-08,320.90343893287354,12548.27086683008
2026-09-08 09:26:00,3.1735595484860823e-07,1.2441071284285954e-08,317.35595484860823,12441.071284285954
2026-09-08 09:27:00,3.1535529387838324e-07,1.105349323182736e-08,315.35529387838324,11053.49323182736
2026-09-08 09:28:00,3.1526545285487373e-07,1.1422492285362296e-08,315.26545285487373,11422.492285362296
2026-09-08 09:29:00,3.1453566862182925e-07,1.2657991987907735e-08,314.53566862182925,12657.991987907735
2026-09-08 09:30:00,3.15480150447911e-07,1.2109436120510964e-08,315.480150447911,12109.436120510964
2026-09-08 09:31:00,3.1632453101337887e-07,1.1847849812340883e-08,316.3245310133789,11847.849812340883
2026-09-08 09:32:00,3.2340693678634125e-07,1.297489582441358e-08,323.40693678634125,12974.89582441358
2026-09-08 09:33:00,3.3094329410232604e-07,1.30256578856347e-08,330.94329410232604,13025.6578856347
2026-09-08 09:34:00,3.33809339281288e-07,1.1180524950304971e-08,333.809339281288,11180.52495030497
2026-09-08 09:35:00,3.3465053661529964e-07,1.2054499620717252e-08,334.65053661529964,12054.499620717252
2026-09-08 09:36:00,3.352647297560907e-07,1.2944665783720666e-08,335.2647297560907,12944.665783720666
2026-09-08 09:37:00,3.383342743745743e-07,1.3581577640309206e-08,338.3342743745743,13581.577640309206
2026-09-08 09:38:00,3.4194872000625764e-07,1.307894059721093e-08,341.94872000625764,13078.94059721093
2026-09-08 09:39:00,3.451009433774743e-07,1.3418555155908507e-08,345.1009433774743,13418.555155908507
2026-09-08 09:40:00,3.415182732169342e-07,9.719852478440316e-09,341.5182732169342,9719.852478440316
2026-09-08 09:41:00,3.415765092995571e-07,1.0342264822327252e-08,341.5765092995571,10342.264822327252
2026-09-08 09:42:00,3.40635835982539e-07,1.2389674175494747e-08,340.635835982539,12389.674175494747
2026-09-08 09:43:00,3.4088529332620965e-07,1.2298248641684495e-08,340.88529332620965,12298.248641684495
2026-09-08 09:44:00,3.3806816190917743e-07,1.1434665658782706e-08,338.06816190917743,11434.665658782706
2026-09-08 09:45:00,3.3944104416150367e-07,1.105645530685706e-08,339.44104416150367,11056.45530685706
2026-09-08 09:46:00,3.4180973784714297e-07,1.3247532848481569e-08,341.80973784714297,13247.532848481569
2026-09-08 09:47:00,3.384922422355885e-07,1.2968965457105242e-08,338.4922422355885,12968.965457105242
2026-09-08 09:48:00,3.337865450703248e-07,1.2546717442774025e-08,333.7865450703248,12546.717442774025
2026-09-08 09:49:00,3.312950411782367e-07,1.2485585898502904e-08,331.2950411782367,12485.585898502904
2026-09-08 09:50:00,3.285360605786991e-07,1.0769237057672854e-08,328.5360605786991,10769.237057672854
2026-09-08 09:51:00,3.307087297343969e-07,1.279928873998415e-08,330.7087297343969,12799.28873998415
2026-09-08 09:52:00,3.344408412431221e-07,1.2142637118017774e-08,334.4408412431221,12142.637118017774
2026-09-08 09:53:00,3.348766028921091e-07,1.3162906320474121e-08,334.8766028921091,13162.906320474121
2026-09-08 09:54:00,3.2923898629633186e-07,1.2867367615854164e-08,329.23898629633186,12867.367615854164
2026-09-08 09:55:00,3.243864910018601e-07,1.3869537518473862e-08,324.3864910018601,13869.537518473862
2026-09-08 09:56:00,3.1827272550799535e-07,1.1740624472622585e-08,318.27272550799535,11740.624472622585
2026-09-08 09:57:00,3.173535105815972e-07,1.2031049934080329e-08,317.3535105815972,12031.049934080329
2026-09-08 09:58:00,3.2076360412247595e-07,1.133895377591898e-08,320.76360412247595,11338.95377591898
2026-09-08 09:59:00,3.2370010671911587e-07,1.0635033298456165e-08,323.70010671911587,10635.033298456165
2026-09-08 10:00:00,3.223610178793024e-07,1.0609883638323936e-08,322.3610178793024,10609.883638323936
2026-09-08 10:01:00,3.21395759783627e-07,1.0599216615503337e-08,321.395759783627,10599.216615503337
2026-09-08 10:02:00,3.1924903964863915e-07,9.656141664038387e-09,319.24903964863915,9656.141664038387
2026-09-08 10:03:00,3.1635369168725447e-07,1.0897447388913406e-08,316.35369168725447,10897.447388913406
2026-09-08 10:04:00,3.152755141400121e-07,1.2184484532440365e-08,315.2755141400121,12184.484532440365
2026-09-08 10:05:00,3.1806109745957656e-07,1.282170991601106e-08,318.06109745957656,12821.70991601106
2026-09-08 10:06:00,3.1754066753819643e-07,1.3840624646377364e-08,317.54066753819643,13840.624646377364
2026-09-08 10:07:00,3.1559778790324344e-07,1.2786064651493234e-08,315.59778790324344,12786.064651493234
2026-09-08 10:08:00,3.1513496878687874e-07,1.3615943927902663e-08,315.13496878687874,13615.943927902663
2026-09-08 10:09:00,3.173302900449926e-07,1.4791877944730913e-08,317.3302900449926,14791.877944730913
2026-09-08 10:10:00,3.1863953608990414e-07,1.3247960062301445e-08,318.63953608990414,13247.960062301445
2026-09-08 10:11:00,3.157333878789359e-07,1.1263275645490012e-08,315.7333878789359,11263.275645490012
2026-09-08 10:12:00,3.165530415571993e-07,1.4748198218228481e-08,316.5530415571993,14748.198218228481
2026-09-08 10:13:00,3.148857956603024e-07,1.2051589060035894e-08,314.8857956603024,12051.589060035894
2026-09-08 10:14:00,3.1419540391652845e-07,1.1252178744314278e-08,314.19540391652845,11252.178744314278
2026-09-08 10:15:00,3.125389866909245e-07,1.0358062851878458e-08,312.5389866909245,10358.062851878458
2026-09-08 10:16:00,3.119386349226261e-07,9.367898456957846e-09,311.9386349226261,9367.898456957846
2026-09-08 10:17:00,3.113386242148408e-07,9.279646384641183e-09,311.3386242148408,9279.646384641183
2026-09-08 10:18:00,3.1188730531539477e-07,9.160335601166025e-09,311.88730531539477,9160.335601166025
2026-09-08 10:19:00,3.082646742313955e-07,8.693638697820916e-09,308.2646742313955,8693.638697820916
2026-09-08 10:20:00,3.098476213381218e-07,8.178726140783965e-09,309.8476213381218,8178.726140783965
2026-09-08 10:21:00,3.1226147712004604e-07,1.1223639795332474e-08,312.26147712004604,11223.639795332474
2026-09-08 10:22:00,3.122535190414055e-07,1.2654709280468524e-08,312.2535190414055,12654.709280468524
2026-09-08 10:23:00,3.1667627808928955e-07,1.292850981826632e-08,316.67627808928955,12928.50981826632
2026-09-08 10:24:00,3.2112433245856664e-07,1.439121266599841e-08,321.12433245856664,14391.21266599841
2026-09-08 10:25:00,3.2536871685806545e-07,1.49691512518757e-08,325.36871685806545,14969.1512518757
2026-09-08 10:26:00,3.2798698157421313e-07,1.5562328314899787e-08,327.98698157421313,15562.328314899787
2026-09-08 10:27:00,3.2831817975420563e-07,1.6690965054522167e-08,328.31817975420563,16690.965054522167
2026-09-08 10:28:00,3.3002925192704424e-07,1.708082564277902e-08,330.02925192704424,17080.82564277902
2026-09-08 10:29:00,3.307277154362964e-07,1.833962848252213e-08,330.7277154362964,18339.62848252213
2026-09-08 10:30:00,3.3271888355557167e-07,1.8029359338811446e-08,332.71888355557167,18029.359338811446
2026-09-08 10:31:00,3.2966778462650836e-07,1.626895773654269e-08,329.66778462650836,16268.957736542689
2026-09-08 10:32:00,3.3162450563395396e-07,1.5262383357139697e-08,331.62450563395396,15262.383357139697
2026-09-08 10:33:00,3.328216280351626e-07,1.5206891745833673e-08,332.8216280351626,15206.891745833673
2026-09-08 10:34:00,3.331352615987271e-07,1.507557456648101e-08,333.1352615987271,15075.57456648101
2026-09-08 10:35:00,3.3365947160746146e-07,1.538155913749506e-08,333.65947160746146,15381.55913749506
2026-09-08 10:36:00,3.317089749543811e-07,1.5453744950377768e-08,331.7089749543811,15453.744950377768
2026-09-08 10:37:00,3.3158784162878874e-07,1.4402203873942199e-08,331.58784162878874,14402.203873942199
2026-09-08 10:38:00,3.3355831874359865e-07,1.5058827074199144e-08,333.55831874359865,15058.827074199144
2026-09-08 10:39:00,3.344513004321925e-07,1.5828655719474227e-08,334.4513004321925,15828.655719474227
2026-09-08 10:40:00,3.3533069654367864e-07,1.593189580262333e-08,335.33069654367864,15931.89580262333
2026-09-08 10:41:00,3.3499398455205665e-07,1.7616960334976284e-08,334.99398455205665,17616.960334976284
2026-09-08 10:42:00,3.342482273183123e-07,1.8021093950437717e-08,334.2482273183123,18021.093950437717
2026-09-08 10:43:00,3.365712188951875e-07,1.6526882973266765e-08,336.5712188951875,16526.882973266765
2026-09-08 10:44:00,3.3393982334928296e-07,1.622061951422893e-08,333.93982334928296,16220.619514228929
2026-09-08 10:45:00,3.301139201994374e-07,1.5154213883761258e-08,330.1139201994374,15154.213883761258
2026-09-08 10:46:00,3.283793716946093e-07,1.5653432328122108e-08,328.3793716946093,15653.432328122108
2026-09-08 10:47:00,3.278725273503369e-07,1.547254591116598e-08,327.8725273503369,15472.54591116598
2026-09-08 10:48:00,3.266728185735701e-07,1.4596315267567661e-08,326.6728185735701,14596.315267567661
2026-09-08 10:49:00,3.25915522125797e-07,1.3023210954088427e-08,325.915522125797,13023.210954088427
2026-09-08 10:50:00,3.261365293383278e-07,1.3427910339203208e-08,326.1365293383278,13427.910339203208
2026-09-08 10:51:00,3.2641270308886305e-07,1.3403841592207755e-08,326.41270308886305,13403.841592207755
2026-09-08 10:52:00,3.239549641875783e-07,1.265797955340986e-08,323.9549641875783,12657.97955340986
2026-09-08 10:53:00,3.2267516303363664e-07,1.1259237098215635e-08,322.67516303363664,11259.237098215635
2026-09-08 10:54:00,3.2196237498283153e-07,1.2816800065706957e-08,321.96237498283153,12816.800065706957
2026-09-08 10:55:00,3.227413003514812e-07,1.554745487908349e-08,322.7413003514812,15547.454879083489
2026-09-08 10:56:00,3.228508944630448e-07,1.4989659291586577e-08,322.8508944630448,14989.659291586577
2026-09-08 10:57:00,3.2227563906417345e-07,1.4413169324711816e-08,322.27563906417345,14413.169324711816
2026-09-08 10:58:00,3.229185381314892e-07,1.5182981982775345e-08,322.9185381314892,15182.981982775345
2026-09-08 10:59:00,3.209568717466027e-07,1.4654319535623017e-08,320.9568717466027,14654.319535623017
2026-09-08 11:00:00,3.1848165349401825e-07,1.4107728318890622e-08,318.48165349401825,14107.728318890622
2026-09-08 11:01:00,3.170810884967068e-07,1.4816964544195343e-08,317.0810884967068,14816.964544195343
2026-09-08 11:02:00,3.1554077395412605e-07,1.5301313993631993e-08,315.54077395412605,15301.313993631993
2026-09-08 11:03:00,3.152426018004917e-07,1.3954237765290145e-08,315.2426018004917,13954.237765290145
2026-09-08 11:04:00,3.160744768138102e-07,1.4846159857029306e-08,316.0744768138102,14846.159857029306
2026-09-08 11:05:00,3.145365496948216e-07,1.4684538029996475e-08,314.5365496948216,14684.538029996475
2026-09-08 11:06:00,3.1379155984723184e-07,1.4092992550729377e-08,313.79155984723184,14092.992550729377
2026-09-08 11:07:00,3.1330779393101693e-07,1.4655843649791223e-08,313.30779393101693,14655.843649791223
2026-09-08 11:08:00,3.125873888620845e-07,1.5552949150787754e-08,312.5873888620845,15552.949150787754
2026-09-08 11:09:00,3.1316170634454465e-07,1.439278296544444e-08,313.16170634454465,14392.78296544444
2026-09-08 11:10:00,3.1516864851255377e-07,1.3849835944768074e-08,315.1686485125538,13849.835944768074
2026-09-08 11:11:00,3.130616335056402e-07,1.2643565305836546e-08,313.0616335056402,12643.565305836546
2026-09-08 11:12:00,3.139764146453672e-07,1.0470579070442909e-08,313.9764146453672,10470.57907044291
2026-09-08 11:13:00,3.126418164356437e-07,1.1383119336016989e-08,312.6418164356437,11383.11933601699
2026-09-08 11:14:00,3.138642341582454e-07,1.2026204920800865e-08,313.8642341582454,12026.204920800865
2026-09-08 11:15:00,3.1827087809688237e-07,1.1848380054857444e-08,318.27087809688237,11848.380054857444
2026-09-08 11:16:00,3.304851077245985e-07,1.298176410813312e-08,330.4851077245985,12981.76410813312
2026-09-08 11:17:00,3.619654762587743e-07,1.726181686478867e-08,361.9654762587743,17261.81686478867
2026-09-08 11:18:00,3.7941069308544684e-07,1.6562820448484672e-08,379.41069308544684,16562.820448484672
2026-09-08 11:19:00,3.779036887863185e-07,1.502190372093537e-08,377.9036887863185,15021.90372093537
2026-09-08 11:20:00,3.651809095117642e-07,1.3911492402485237e-08,365.1809095117642,13911.492402485237
2026-09-08 11:21:00,3.543426316809928e-07,1.3763374440145526e-08,354.3426316809928,13763.374440145526
2026-09-08 11:22:00,3.537925294949673e-07,1.2746514066463988e-08,353.7925294949673,12746.514066463988
2026-09-08 11:23:00,3.6530286706693005e-07,1.4766571077018398e-08,365.30286706693005,14766.571077018398
2026-09-08 11:24:00,3.800622323524294e-07,1.653164005688268e-08,380.0622323524294,16531.64005688268
2026-09-08 11:25:00,3.8088805354163924e-07,1.6859736717833584e-08,380.88805354163924,16859.736717833584
2026-09-08 11:26:00,3.7569057553810126e-07,1.720480646838496e-08,375.69057553810126,17204.80646838496
2026-09-08 11:27:00,3.6579521633939294e-07,1.401938121148305e-08,365.79521633939294,14019.38121148305
2026-09-08 11:28:00,3.5837933864968363e-07,1.5390584806596053e-08,358.37933864968363,15390.584806596053
2026-09-08 11:29:00,3.5436477219263907e-07,1.431295792997389e-08,354.36477219263907,14312.95792997389
2026-09-08 11:30:00,3.535513428687409e-07,1.4496200684277483e-08,353.5513428687409,14496.200684277483
2026-09-08 11:31:00,3.5372684692447365e-07,1.4410568738298934e-08,353.72684692447365,14410.568738298934
2026-09-08 11:32:00,3.589877906051697e-07,1.156171514082871e-08,358.9877906051697,11561.71514082871
2026-09-08 11:33:00,3.6330399666439916e-07,1.3677821542046331e-08,363.30399666439916,13677.821542046331
2026-09-08 11:34:00,3.6342262887956167e-07,1.3434027223979683e-08,363.42262887956167,13434.027223979683
2026-09-08 11:35:00,3.693747032684769e-07,1.3382340569023654e-08,369.3747032684769,13382.340569023654
2026-09-08 11:36:00,3.7144042153158807e-07,1.565680030068961e-08,371.4404215315881,15656.80030068961
2026-09-08 11:37:00,3.746515915281634e-07,1.2788273551223028e-08,374.6515915281634,12788.273551223028
2026-09-08 11:38:00,3.731248625626904e-07,1.2990223119402344e-08,373.1248625626904,12990.223119402344
2026-09-08 11:39:00,3.6676573245131294e-07,1.2178387187589124e-08,366.76573245131294,12178.387187589124
2026-09-08 11:40:00,3.5597699366007873e-07,1.4058789687965145e-08,355.97699366007873,14058.789687965145
2026-09-08 11:41:00,3.465841018623905e-07,1.4750655807915791e-08,346.5841018623905,14750.655807915791
2026-09-08 11:42:00,3.399764523237536e-07,1.4746993848291368e-08,339.9764523237536,14746.993848291368
2026-09-08 11:43:00,3.318221786230424e-07,1.5296127031660944e-08,331.8221786230424,15296.127031660944
2026-09-08 11:44:00,3.2590622822681325e-07,1.4436650097593429e-08,325.90622822681325,14436.650097593429
2026-09-08 11:45:00,3.2236724223366764e-07,1.3309646718084878e-08,322.36724223366764,13309.646718084878
2026-09-08 11:46:00,3.21705726946675e-07,1.4825691785347317e-08,321.705726946675,14825.691785347317
2026-09-08 11:47:00,3.3024790013769234e-07,1.597449106327531e-08,330.24790013769234,15974.491063275309
2026-09-08 11:48:00,3.447601955031132e-07,1.581324404753559e-08,344.7601955031132,15813.24404753559
2026-09-08 11:49:00,3.677287452319433e-07,1.6078454123658048e-08,367.7287452319433,16078.454123658048
2026-09-08 11:50:00,3.8452324702120677e-07,1.5993780522194356e-08,384.52324702120677,15993.780522194356
2026-09-08 11:51:00,4.0131169498636154e-07,1.702164276196072e-08,401.31169498636154,17021.64276196072
2026-09-08 11:52:00,4.065128962338349e-07,1.4343872756228393e-08,406.5128962338349,14343.872756228393
2026-09-08 11:53:00,4.032245328744466e-07,1.5004681941377385e-08,403.2245328744466,15004.681941377385
2026-09-08 11:54:00,3.9642193883082655e-07,1.7007941721658426e-08,396.42193883082655,17007.941721658426
2026-09-08 11:55:00,3.907588848051091e-07,1.5139113074269517e-08,390.7588848051091,15139.113074269517
2026-09-08 11:56:00,3.86800081741967e-07,1.6385317991307602e-08,386.800081741967,16385.317991307602
2026-09-08 11:57:00,3.895011673193949e-07,1.6713212147578815e-08,389.5011673193949,16713.212147578815
2026-09-08 11:58:00,3.898387603840092e-07,1.590310816368401e-08,389.8387603840092,15903.10816368401
2026-09-08 11:59:00,3.8543475966434926e-07,1.3715253821544593e-08,385.43475966434926,13715.253821544593
2026-09-08 12:00:00,3.9125353623603587e-07,1.4188776376045098e-08,391.25353623603587,14188.776376045098
2026-09-08 12:01:00,3.927372915768501e-07,1.3740516280336124e-08,392.7372915768501,13740.516280336124
2026-09-08 12:02:00,3.9814457863940333e-07,1.418008999110043e-08,398.14457863940333,14180.08999110043
2026-09-08 12:03:00,4.0394877487415215e-07,1.4697778993877364e-08,403.94877487415215,14697.778993877364
2026-09-08 12:04:00,4.131072444124584e-07,1.5485502657952566e-08,413.1072444124584,15485.502657952566
2026-09-08 12:05:00,4.2166195157733455e-07,1.7189215384405543e-08,421.66195157733455,17189.215384405543
2026-09-08 12:06:00,4.3390150494815316e-07,1.8262401368929204e-08,433.90150494815316,18262.401368929204
2026-09-08 12:07:00,4.4320714209789003e-07,2.061535298025774e-08,443.20714209789,20615.35298025774
2026-09-08 12:08:00,4.4681735289486824e-07,2.019968725619492e-08,446.81735289486824,20199.68725619492
2026-09-08 12:09:00,4.534647075615794e-07,2.2791425635659834e-08,453.4647075615794,22791.425635659834
2026-09-08 12:10:00,4.6546551857318264e-07,2.2694209178553137e-08,465.46551857318264,22694.209178553137
2026-09-08 12:11:00,4.880919846073084e-07,2.3053539521811217e-08,488.0919846073084,23053.539521811217
2026-09-08 12:12:00,5.109251333124121e-07,2.1754287260478122e-08,510.9251333124121,21754.287260478122
2026-09-08 12:13:00,5.244449994279421e-07,2.1368320446413236e-08,524.4449994279421,21368.320446413236
2026-09-08 12:14:00,5.347301907931978e-07,2.1667283078841137e-08,534.7301907931978,21667.283078841137
2026-09-08 12:15:00,5.387842065829318e-07,1.8721596717341527e-08,538.7842065829318,18721.596717341527
2026-09-08 12:16:00,5.303116950017284e-07,2.0330407579649545e-08,530.3116950017284,20330.407579649545
2026-09-08 12:17:00,5.302276804286521e-07,2.0294329772241326e-08,530.2276804286521,20294.329772241326
2026-09-08 12:18:00,5.292487799124501e-07,1.8901149090311264e-08,529.2487799124501,18901.149090311264
2026-09-08 12:19:00,5.472273869600031e-07,2.198202864178711e-08,547.2273869600031,21982.02864178711
2026-09-08 12:20:00,5.695270033356792e-07,2.5697296734961128e-08,569.5270033356792,25697.296734961128
2026-09-08 12:21:00,7.690974825891317e-07,4.184257917927425e-08,769.0974825891317,41842.57917927425
2026-09-08 12:22:00,1.5945274753903504e-06,1.378877954039126e-07,1594.5274753903504,137887.7954039126
2026-09-08 12:23:00,2.3576501462230226e-06,2.4883632931960165e-07,2357.6501462230226,248836.32931960165
2026-09-08 12:24:00,2.561948122092872e-06,2.324476184867308e-07,2561.948122092872,232447.6184867308
2026-09-08 12:25:00,2.2312017335934797e-06,1.5696964794642554e-07,2231.2017335934797,156969.64794642554
2026-09-08 12:26:00,1.6579837165409117e-06,8.824387975892023e-08,1657.9837165409117,88243.87975892023
2026-09-08 12:27:00,1.1439896070442046e-06,5.004691061571975e-08,1143.9896070442046,50046.91061571975
2026-09-08 12:28:00,8.05626257260883e-07,3.302361761825523e-08,805.626257260883,33023.61761825523
2026-09-08 12:29:00,6.217469490366057e-07,2.942985233289619e-08,621.7469490366057,29429.85233289619
2026-09-08 12:30:00,5.425317226581683e-07,2.4682856647473272e-08,542.5317226581683,24682.856647473272
2026-09-08 12:31:00,5.065537607151782e-07,2.333537985066414e-08,506.5537607151782,23335.37985066414
2026-09-08 12:32:00,4.87330908072181e-07,2.1862341270662e-08,487.33090807218105,21862.341270662
2026-09-08 12:33:00,4.848938601753616e-07,2.4404108955877746e-08,484.8938601753616,24404.108955877746
2026-09-08 12:34:00,4.754689655328548e-07,2.5509114820465584e-08,475.4689655328548,25509.114820465584
2026-09-08 12:35:00,4.7123793933678826e-07,2.6518643281292498e-08,471.23793933678826,26518.643281292498
2026-09-08 12:36:00,4.7353978516184725e-07,2.4804878151485354e-08,473.53978516184725,24804.878151485354
2026-09-08 12:37:00,4.790047114511253e-07,2.529285758612332e-08,479.00471145112533,25292.85758612332
2026-09-08 12:38:00,4.835364961763844e-07,2.7060792717747972e-08,483.5364961763844,27060.792717747972
2026-09-08 12:39:00,4.820341814593121e-07,2.6157332300158487e-08,482.0341814593121,26157.332300158487
2026-09-08 12:40:00,4.882709276898822e-07,2.6217115589588502e-08,488.2709276898822,26217.115589588502
2026-09-08 12:41:00,4.900307999378128e-07,2.6658035778837075e-08,490.03079993781284,26658.035778837075
2026-09-08 12:42:00,4.860131070927309e-07,2.7743936925617163e-08,486.01310709273093,27743.936925617163
2026-09-08 12:43:00,4.833390789826808e-07,2.5621661237096305e-08,483.3390789826808,25621.661237096305
2026-09-08 12:44:00,5.042978159508493e-07,2.634823914604567e-08,504.2978159508493,26348.23914604567
2026-09-08 12:45:00,5.244146450422704e-07,2.610925342594328e-08,524.4146450422704,26109.25342594328
2026-09-08 12:46:00,5.448811180031043e-07,3.045425955860992e-08,544.8811180031043,30454.25955860992
2026-09-08 12:47:00,5.460587999550626e-07,3.362886502600304e-08,546.0587999550626,33628.86502600304
2026-09-08 12:48:00,5.304852379595104e-07,3.1745184259079906e-08,530.4852379595104,31745.184259079906
2026-09-08 12:49:00,5.231963200458267e-07,3.1172699976877993e-08,523.1963200458267,31172.699976877993
2026-09-08 12:50:00,5.240919449533976e-07,3.15499661951435e-08,524.0919449533976,31549.966195143497
2026-09-08 12:51:00,5.372958185034804e-07,3.3523118503353544e-08,537.2958185034804,33523.118503353544
2026-09-08 12:52:00,5.541835434996756e-07,3.628824529755548e-08,554.1835434996756,36288.24529755548
2026-09-08 12:53:00,5.501005375663226e-07,3.318574925970097e-08,550.1005375663226,33185.74925970097
2026-09-08 12:54:00,5.339234121493064e-07,3.4369254109378744e-08,533.9234121493064,34369.254109378744
2026-09-08 12:55:00,5.210861786508758e-07,3.4332973797290833e-08,521.0861786508758,34332.97379729083
2026-09-08 12:56:00,5.185048621569877e-07,3.399966885808681e-08,518.5048621569877,33999.66885808681
2026-09-08 12:57:00,5.198876920076145e-07,3.4454462394251095e-08,519.8876920076145,34454.462394251095
2026-09-08 12:58:00,5.20486992172664e-07,3.513146040745596e-08,520.486992172664,35131.46040745596
2026-09-08 12:59:00,5.114137593409396e-07,3.476478127595328e-08,511.4137593409396,34764.78127595328
2026-09-08 13:00:00,5.042138582211919e-07,3.5661265940234443e-08,504.2138582211919,35661.26594023444
2026-09-08 13:01:00,4.908231403533136e-07,3.347746613258096e-08,490.82314035331365,33477.46613258096
2026-09-08 13:02:00,4.852716983805294e-07,3.408964843742979e-08,485.2716983805294,34089.64843742979
2026-09-08 13:03:00,4.83122164496308e-07,3.5575016710254204e-08,483.12216449630796,35575.016710254204
2026-09-08 13:04:00,4.732542606689094e-07,3.449757812745702e-08,473.2542606689094,34497.57812745702
2026-09-08 13:05:00,4.67157491357284e-07,3.5157398770024884e-08,467.157491357284,35157.39877002488
2026-09-08 13:06:00,4.6442900725196523e-07,3.311652818638322e-08,464.42900725196523,33116.52818638322
2026-09-08 13:07:00,4.5789897740178276e-07,3.592599640001026e-08,457.89897740178276,35925.99640001026
2026-09-08 13:08:00,4.584087491821265e-07,3.881861587728963e-08,458.4087491821265,38818.61587728963
2026-09-08 13:09:00,4.547809737687203e-07,3.606465526218017e-08,454.7809737687203,36064.65526218017
2026-09-08 13:10:00,4.5126438408260583e-07,3.669284609486567e-08,451.26438408260583,36692.84609486567
2026-09-08 13:11:00,4.525237216057576e-07,3.930018976916472e-08,452.5237216057576,39300.18976916472
2026-09-08 13:12:00,4.5548802063422045e-07,3.90922529902582e-08,455.48802063422045,39092.2529902582
2026-09-08 13:13:00,4.5789539626639453e-07,3.907410928150057e-08,457.8953962663945,39074.10928150057
2026-09-08 13:14:00,4.6020062427487574e-07,4.218776794573387e-08,460.20062427487574,42187.76794573387
2026-09-08 13:15:00,4.610257633430592e-07,4.302137313061394e-08,461.0257633430592,43021.37313061394
2026-09-08 13:16:00,4.545555043478089e-07,4.237000084117426e-08,454.5555043478089,42370.00084117426
2026-09-08 13:17:00,4.503361026308994e-07,4.103892337070647e-08,450.3361026308994,41038.92337070647
2026-09-08 13:18:00,4.443538159648597e-07,3.9580147159767876e-08,444.3538159648597,39580.147159767876
2026-09-08 13:19:00,4.434416496224003e-07,3.903948453398698e-08,443.4416496224003,39039.48453398698
2026-09-08 13:20:00,4.4232376694708364e-07,4.041142176447465e-08,442.32376694708364,40411.42176447465
2026-09-08 13:21:00,4.410717338032555e-07,4.235506878558226e-08,441.0717338032555,42355.06878558226
2026-09-08 13:22:00,4.386370733300282e-07,4.404506981359191e-08,438.6370733300282,44045.06981359191
2026-09-08 13:23:00,4.416684191710374e-07,4.238087569774507e-08,441.6684191710374,42380.87569774507
2026-09-08 13:24:00,4.397334691930155e-07,4.2805194055972606e-08,439.7334691930155,42805.194055972606
2026-09-08 13:25:00,4.41547484797411e-07,4.635917960627012e-08,441.547484797411,46359.17960627012
2026-09-08 13:26:00,4.456840372313309e-07,4.797165331638098e-08,445.6840372313309,47971.65331638098
2026-09-08 13:27:00,4.4837398149866203e-07,4.858460300738443e-08,448.37398149866203,48584.60300738443
2026-09-08 13:28:00,4.5688440764024563e-07,4.989443880276667e-08,456.8844076402456,49894.43880276667
2026-09-08 13:29:00,4.7329703534160217e-07,5.2488100976688656e-08,473.29703534160217,52488.10097668866
2026-09-08 13:30:00,4.916714146929735e-07,5.4855675557519135e-08,491.6714146929735,54855.675557519135
2026-09-08 13:31:00,4.938733582093846e-07,5.2147999696217084e-08,493.8733582093846,52147.999696217084
2026-09-08 13:32:00,4.845168746214767e-07,4.9979046679027306e-08,484.51687462147675,49979.046679027306
2026-09-08 13:33:00,4.7465965735682403e-07,4.7872774189272604e-08,474.659657356824,47872.774189272604
2026-09-08 13:34:00,4.656998271457269e-07,4.748988757796724e-08,465.6998271457269,47489.88757796724
2026-09-08 13:35:00,4.601174907747918e-07,4.739343495430148e-08,460.1174907747918,47393.43495430148
2026-09-08 13:36:00,4.5740716814179905e-07,4.908052630980819e-08,457.40716814179905,49080.52630980819
2026-09-08 13:37:00,4.557588795250922e-07,4.863747804506602e-08,455.7588795250922,48637.47804506602
2026-09-08 13:38:00,4.558340265248262e-07,4.6497827810298986e-08,455.8340265248262,46497.827810298986
2026-09-08 13:39:00,4.558661998999014e-07,4.709690060167304e-08,455.8661998999014,47096.90060167304
2026-09-08 13:40:00,4.531805188889848e-07,4.4183423142385436e-08,453.1805188889848,44183.423142385436
2026-09-08 13:41:00,4.48176137979317e-07,4.351583982042939e-08,448.176137979317,43515.83982042939
2026-09-08 13:42:00,4.4491309836303117e-07,4.288222044124268e-08,444.91309836303117,42882.22044124268
2026-09-08 13:43:00,4.423511086315557e-07,4.1564817365724593e-08,442.3511086315557,41564.81736572459
2026-09-08 13:44:00,4.362790946288442e-07,4.2859220172886126e-08,436.2790946288442,42859.220172886126
2026-09-08 13:45:00,4.321975097809627e-07,4.107082318682842e-08,432.1975097809627,41070.82318682842
2026-09-08 13:46:00,4.3030595975324104e-07,4.090780691967666e-08,430.30595975324104,40907.80691967666
2026-09-08 13:47:00,4.2805393718481355e-07,4.1080227219936205e-08,428.05393718481355,41080.227219936205
2026-09-08 13:48:00,4.2243598841196217e-07,3.9163360554539395e-08,422.43598841196217,39163.360554539395
2026-09-08 13:49:00,4.196834879621747e-07,3.803846837513447e-08,419.6834879621747,38038.46837513447
2026-09-08 13:50:00,4.1925912341866933e-07,3.844580476197734e-08,419.25912341866933,38445.80476197734
2026-09-08 13:51:00,4.1794800154093537e-07,3.78248934396197e-08,417.94800154093537,37824.8934396197
2026-09-08 13:52:00,4.1688980445542256e-07,3.9357896497449474e-08,416.88980445542256,39357.896497449474
2026-09-08 13:53:00,4.1911528114724206e-07,3.884944987930794e-08,419.11528114724206,38849.44987930794
2026-09-08 13:54:00,4.2125907384615857e-07,4.093271499527873e-08,421.25907384615857,40932.71499527873
2026-09-08 13:55:00,4.2473595840419875e-07,4.349377036305668e-08,424.73595840419875,43493.77036305668
2026-09-08 13:56:00,4.236387098899286e-07,4.400948583338504e-08,423.6387098899286,44009.48583338504
2026-09-08 13:57:00,4.182488737569656e-07,4.203013048709181e-08,418.2488737569656,42030.13048709181
2026-09-08 13:58:00,4.173390095729701e-07,4.0447933002951686e-08,417.3390095729701,40447.933002951686
2026-09-08 13:59:00,4.1399491124138876e-07,3.647554436270184e-08,413.99491124138876,36475.54436270184
2026-09-08 14:00:00,4.133422635277384e-07,3.61701779638679e-08,413.3422635277384,36170.1779638679
2026-09-08 14:01:00,4.1028363284567604e-07,3.719706498372943e-08,410.28363284567604,37197.06498372943
2026-09-08 14:02:00,4.0810985524331045e-07,3.78584275040339e-08,408.10985524331045,37858.4275040339
2026-09-08 14:03:00,4.046069932428509e-07,3.730272268853696e-08,404.6069932428509,37302.72268853696
2026-09-08 14:04:00,4.0084216834657127e-07,3.582909613442098e-08,400.84216834657127,35829.09613442098
2026-09-08 14:05:00,3.99178333054806e-07,3.870316689358333e-08,399.178333054806,38703.16689358333
2026-09-08 14:06:00,3.983455485467857e-07,4.187910818131968e-08,398.3455485467857,41879.10818131968
2026-09-08 14:07:00,3.987295258411905e-07,4.159188904395705e-08,398.7295258411905,41591.88904395705
2026-09-08 14:08:00,4.006371057130309e-07,4.257054442291519e-08,400.6371057130309,42570.54442291519
2026-09-08 14:09:00,4.0019079960984527e-07,4.155520016979608e-08,400.19079960984527,41555.20016979608
2026-09-08 14:10:00,3.973250102262682e-07,4.2107210163067066e-08,397.3250102262682,42107.210163067066
2026-09-08 14:11:00,3.9654983652326337e-07,4.3559964524320094e-08,396.54983652326337,43559.964524320094
2026-09-08 14:12:00,3.9605959045729833e-07,4.12808773830875e-08,396.0595904572983,41280.8773830875
2026-09-08 14:13:00,3.9625882664040546e-07,4.309429257887132e-08,396.25882664040546,43094.29257887132
2026-09-08 14:14:00,3.984860086347908e-07,4.2587590343146076e-08,398.4860086347908,42587.590343146076
2026-09-08 14:15:00,3.963353378821921e-07,4.135139874961169e-08,396.3353378821921,41351.39874961169
2026-09-08 14:16:00,3.9911773797030037e-07,4.130161812554434e-08,399.11773797030037,41301.61812554434
2026-09-08 14:17:00,4.0065950202006206e-07,4.571024092570042e-08,400.65950202006206,45710.24092570042
2026-09-08 14:18:00,4.0379518395639025e-07,4.661039909592546e-08,403.79518395639025,46610.39909592546
2026-09-08 14:19:00,4.0393990730080986e-07,4.708176959411503e-08,403.93990730080986,47081.76959411503
2026-09-08 14:20:00,4.066086205511965e-07,4.739575842904742e-08,406.6086205511965,47395.75842904742
2026-09-08 14:21:00,4.1042434872906597e-07,4.7756220311612196e-08,410.42434872906597,47756.2203116122
2026-09-08 14:22:00,4.128898183353158e-07,4.8324629631224525e-08,412.8898183353158,48324.629631224525
2026-09-08 14:23:00,4.208190773624665e-07,4.874738479543339e-08,420.8190773624665,48747.38479543339
2026-09-08 14:24:00,4.2371260633444763e-07,4.6718046320393114e-08,423.7126063344476,46718.046320393114
2026-09-08 14:25:00,4.2024714730359847e-07,4.618146576262916e-08,420.24714730359847,46181.46576262916
2026-09-08 14:26:00,4.194812106561585e-07,4.894481619999169e-08,419.4812106561585,48944.81619999169
2026-09-08 14:27:00,4.188432001228648e-07,5.030344851775226e-08,418.8432001228648,50303.44851775226
2026-09-08 14:28:00,4.1766827507672133e-07,4.9745597863193325e-08,417.66827507672133,49745.597863193325
2026-09-08 14:29:00,4.220779032948485e-07,5.154824833653038e-08,422.0779032948485,51548.24833653038
2026-09-08 14:30:00,4.245607385655603e-07,5.201630770557131e-08,424.5607385655603,52016.30770557131
2026-09-08 14:31:00,4.2750298234750517e-07,4.942090114923303e-08,427.50298234750517,49420.90114923303
2026-09-08 14:32:00,4.3361498569538526e-07,5.239142097934746e-08,433.61498569538526,52391.42097934746
2026-09-08 14:33:00,4.3590918608060747e-07,5.227895272241767e-08,435.90918608060747,52278.95272241767
2026-09-08 14:34:00,4.3475756683619693e-07,5.249668078022296e-08,434.75756683619693,52496.68078022296
2026-09-08 14:35:00,4.3759712298196973e-07,5.478807452163892e-08,437.59712298196973,54788.07452163892
2026-09-08 14:36:00,4.3462850385367346e-07,5.518133505688638e-08,434.62850385367346,55181.33505688638
2026-09-08 14:37:00,4.3388820358813973e-07,5.381958700922951e-08,433.88820358813973,53819.58700922951
2026-09-08 14:38:00,4.3337212218830246e-07,5.3546038714102906e-08,433.37212218830246,53546.038714102906
2026-09-08 14:39:00,4.324952271872462e-07,5.767229893649528e-08,432.4952271872462,57672.29893649528
2026-09-08 14:40:00,4.287518038381677e-07,5.67825040320713e-08,428.7518038381677,56782.5040320713
2026-09-08 14:41:00,4.2759054963426024e-07,5.38071205369306e-08,427.59054963426024,53807.1205369306
2026-09-08 14:42:00,4.216573472604068e-07,5.271560965525168e-08,421.6573472604068,52715.60965525168
2026-09-08 14:43:00,4.1710600839905965e-07,5.4039102082015233e-08,417.10600839905965,54039.10208201523
2026-09-08 14:44:00,4.105461641756847e-07,5.2360835667286665e-08,410.5461641756847,52360.835667286665
2026-09-08 14:45:00,4.046233925691922e-07,5.104692846202852e-08,404.6233925691922,51046.92846202852
2026-09-08 14:46:00,3.982332543728262e-07,4.859289148839707e-08,398.2332543728262,48592.89148839707
2026-09-08 14:47:00,3.957011642796715e-07,5.321373919286998e-08,395.7011642796715,53213.73919286998
2026-09-08 14:48:00,0.0,0.0,0.0,0.0
2026-09-08 14:49:00,0.0,0.0,0.0,0.0
2026-09-08 14:50:00,0.0,0.0,0.0,0.0
2026-09-08 14:51:00,0.0,0.0,0.0,0.0
2026-09-08 14:52:00,0.0,0.0,0.0,0.0
2026-09-08 14:53:00,0.0,0.0,0.0,0.0
2026-09-08 14:54:00,0.0,0.0,0.0,0.0
2026-09-08 14:55:00,0.0,0.0,0.0,0.0
2026-09-08 14:56:00,0.0,0.0,0.0,0.0
2026-09-08 14:57:00,0.0,0.0,0.0,0.0
2026-09-08 14:58:00,0.0,0.0,0.0,0.0
2026-09-08 14:59:00,0.0,0.0,0.0,0.0
2026-09-08 15:00:00,0.0,0.0,0.0,0.0
2026-09-08 15:01:00,0.0,0.0,0.0,0.0
2026-09-08 15:02:00,0.0,0.0,0.0,0.0
2026-09-08 15:03:00,0.0,0.0,0.0,0.0
2026-09-08 15:04:00,0.0,0.0,0.0,0.0
2026-09-08 15:05:00,0.0,0.0,0.0,0.0
2026-09-08 15:06:00,0.0,0.0,0.0,0.0
2026-09-08 15:07:00,0.0,0.0,0.0,0.0
2026-09-08 15:08:00,0.0,0.0,0.0,0.0
2026-09-08 15:09:00,0.0,0.0,0.0,0.0
2026-09-08 15:10:00,0.0,0.0,0.0,0.0
2026-09-08 15:11:00,0.0,0.0,0.0,0.0
2026-09-08 15:12:00,0.0,0.0,0.0,0.0
2026-09-08 15:13:00,0.0,0.0,0.0,0.0
2026-09-08 15:14:00,0.0,0.0,0.0,0.0
2026-09-08 15:15:00,0.0,0.0,0.0,0.0
2026-09-08 15:16:00,0.0,0.0,0.0,0.0
2026-09-08 15:17:00,0.0,0.0,0.0,0.0
2026-09-08 15:18:00,0.0,0.0,0.0,0.0
2026-09-08 15:19:00,0.0,0.0,0.0,0.0
2026-09-08 15:20:00,0.0,0.0,0.0,0.0
2026-09-08 15:21:00,0.0,0.0,0.0,0.0
2026-09-08 15:22:00,0.0,0.0,0.0,0.0
2026-09-08 15:23:00,0.0,0.0,0.0,0.0
2026-09-08 15:24:00,0.0,0.0,0.0,0.0
2026-09-08 15:25:00,0.0,0.0,0.0,0.0
2026-09-08 15:26:00,0.0,0.0,0.0,0.0
2026-09-08 15:27:00,0.0,0.0,0.0,0.0
2026-09-08 15:28:00,0.0,0.0,0.0,0.0
2026-09-08 15:29:00,0.0,0.0,0.0,0.0
2026-09-08 15:30:00,0.0,0.0,0.0,0.0
2026-09-08 15:31:00,0.0,0.0,0.0,0.0
2026-09-08 15:32:00,0.0,0.0,0.0,0.0
2026-09-08 15:33:00,0.0,0.0,0.0,0.0
2026-09-08 15:34:00,0.0,0.0,0.0,0.0
2026-09-08 15:35:00,0.0,0.0,0.0,0.0
2026-09-08 15:36:00,0.0,0.0,0.0,0.0
2026-09-08 15:37:00,0.0,0.0,0.0,0.0
2026-09-08 15:38:00,0.0,0.0,0.0,0.0
2026-09-08 15:39:00,0.0,0.0,0.0,0.0
2026-09-08 15:40:00,0.0,0.0,0.0,0.0
2026-09-08 15:41:00,4.929166834699572e-07,5.2115119331119786e-08,492.9166834699572,52115.119331119786
2026-09-08 15:42:00,4.914043074677465e-07,5.1607646156526243e-08,491.40430746774655,51607.64615652624
2026-09-08 15:43:00,4.905867285742715e-07,4.8192148938142054e-08,490.58672857427155,48192.148938142054
2026-09-08 15:44:00,4.953789698447508e-07,5.00701631267475e-08,495.3789698447508,50070.1631267475
2026-09-08 15:45:00,5.008919288229663e-07,5.0339625801143484e-08,500.8919288229663,50339.625801143484
2026-09-08 15:46:00,5.06456672155764e-07,5.2122349103456145e-08,506.45667215576395,52122.349103456145
2026-09-08 15:47:00,5.128316047375847e-07,5.4287983886069924e-08,512.8316047375847,54287.983886069924
2026-09-08 15:48:00,5.166244818610721e-07,5.944071546082341e-08,516.6244818610721,59440.71546082341
2026-09-08 15:49:00,5.10405698150862e-07,5.8426724791615925e-08,510.405698150862,58426.724791615925
2026-09-08 15:50:00,5.043479518462846e-07,5.766774791027274e-08,504.34795184628456,57667.74791027274
2026-09-08 15:51:00,5.174053967493819e-07,6.46567102080553e-08,517.4053967493819,64656.7102080553
2026-09-08 15:52:00,5.174373427507817e-07,6.622035186865105e-08,517.4373427507817,66220.35186865105
2026-09-08 15:53:00,5.144575538906793e-07,6.474750335883073e-08,514.4575538906793,64747.50335883073
2026-09-08 15:54:00,5.086938585918688e-07,6.392370011099047e-08,508.6938585918688,63923.70011099047
2026-09-08 15:55:00,5.128975431034632e-07,6.490273563031224e-08,512.8975431034632,64902.735630312236
2026-09-08 15:56:00,5.139980885360274e-07,6.526455109678864e-08,513.9980885360274,65264.55109678864
2026-09-08 15:57:00,5.073707711744646e-07,6.16573103684459e-08,507.3707711744646,61657.310368445906
2026-09-08 15:58:00,5.062987042947498e-07,6.36938679576815e-08,506.29870429474977,63693.867957681505
2026-09-08 15:59:00,5.082753204987966e-07,6.260158613713429e-08,508.27532049879665,62601.58613713429
2026-09-08 16:00:00,5.205357638260466e-07,6.202907343322295e-08,520.5357638260466,62029.07343322295
2026-09-08 16:01:00,5.302190970724041e-07,6.922520867647108e-08,530.2190970724041,69225.20867647108
2026-09-08 16:02:00,5.260792477201903e-07,6.964950927113023e-08,526.0792477201903,69649.50927113023
2026-09-08 16:03:00,5.291564093568013e-07,7.182919858905734e-08,529.1564093568013,71829.19858905734
2026-09-08 16:04:00,5.17016189860442e-07,7.325088802190294e-08,517.016189860442,73250.88802190294
2026-09-08 16:05:00,5.10727488745033e-07,7.106474697593512e-08,510.72748874503304,71064.74697593512
2026-09-08 16:06:00,5.027259248890914e-07,6.785388251273616e-08,502.7259248890914,67853.88251273616
2026-09-08 16:07:00,5.000644023311906e-07,6.49892157866816e-08,500.06440233119065,64989.2157866816
2026-09-08 16:08:00,4.999039333597466e-07,6.114453299232991e-08,499.9039333597466,61144.532992329914
2026-09-08 16:09:00,5.039830170971982e-07,6.237701910549731e-08,503.98301709719817,62377.01910549731
2026-09-08 16:10:00,5.264736842036655e-07,6.650306261235528e-08,526.4736842036655,66503.06261235528
2026-09-08 16:11:00,5.51214441202319e-07,6.558357767971756e-08,551.214441202319,65583.57767971756
2026-09-08 16:12:00,5.51405548776529e-07,6.352533432618657e-08,551.405548776529,63525.33432618657
2026-09-08 16:13:00,5.55950009584194e-07,7.007144375847929e-08,555.950009584194,70071.44375847929
2026-09-08 16:14:00,5.54914379335969e-07,7.337563801002034e-08,554.914379335969,73375.63801002034
2026-09-08 16:15:00,5.384777637118532e-07,7.060586426632653e-08,538.4777637118532,70605.86426632653
2026-09-08 16:16:00,5.216323302192905e-07,6.801045770998826e-08,521.6323302192905,68010.45770998826
2026-09-08 16:17:00,5.114238774694968e-07,6.77236116075619e-08,511.4238774694968,67723.6116075619
2026-09-08 16:18:00,4.986485464542056e-07,6.636303595541904e-08,498.64854645420564,66363.03595541904
2026-09-08 16:19:00,4.923604706164042e-07,6.738815017115485e-08,492.3604706164042,67388.15017115485
2026-09-08 16:20:00,4.914267606181966e-07,6.969553822955277e-08,491.42676061819657,69695.53822955277
2026-09-08 16:21:00,4.888567559646617e-07,6.871357527415967e-08,488.8567559646617,68713.57527415967
2026-09-08 16:22:00,4.803310389434046e-07,6.820589248945907e-08,480.33103894340456,68205.89248945907
2026-09-08 16:23:00,4.844989121011167e-07,6.875612967860434e-08,484.49891210111673,68756.12967860434
2026-09-08 16:24:00,4.808592279914592e-07,7.141049707115599e-08,480.8592279914592,71410.49707115599
2026-09-08 16:25:00,4.773029331772705e-07,7.304072369151982e-08,477.30293317727046,73040.72369151982
2026-09-08 16:26:00,4.799356929652276e-07,7.493454745599593e-08,479.93569296522764,74934.54745599593
2026-09-08 16:27:00,4.815595957552432e-07,7.483828312615515e-08,481.5595957552432,74838.28312615515
2026-09-08 16:28:00,4.7490937049587956e-07,7.478946884020843e-08,474.90937049587956,74789.46884020843
2026-09-08 16:29:00,4.7557625748595456e-07,7.418474012865772e-08,475.57625748595456,74184.74012865772
2026-09-08 16:30:00,4.77544062960078e-07,7.557812153891064e-08,477.544062960078,75578.12153891064
2026-09-08 16:31:00,4.77856872294069e-07,7.620528208462929e-08,477.85687229406903,76205.28208462929
2026-09-08 16:32:00,4.794241590388992e-07,7.751684449885943e-08,479.42415903889923,77516.84449885943
2026-09-08 16:33:00,4.808881612916593e-07,7.745143193460535e-08,480.88816129165934,77451.43193460535
2026-09-08 16:34:00,4.805235107596673e-07,8.072438362205503e-08,480.52351075966726,80724.38362205503
2026-09-08 16:35:00,4.838726681555272e-07,8.260278150373779e-08,483.8726681555272,82602.78150373779
2026-09-08 16:36:00,4.813377358914295e-07,8.140036555914776e-08,481.3377358914295,81400.36555914776
2026-09-08 16:37:00,4.926333758703549e-07,7.875731711237677e-08,492.63337587035494,78757.31711237677
2026-09-08 16:38:00,5.010879249311984e-07,7.954675140808831e-08,501.08792493119836,79546.75140808831
2026-09-08 16:39:00,4.962088269166998e-07,7.85470106734465e-08,496.20882691669976,78547.0106734465
2026-09-08 16:40:00,4.87988813802076e-07,7.651981093204085e-08,487.98881380207604,76519.81093204085
2026-09-08 16:41:00,4.79324626212474e-07,7.656353773199953e-08,479.32462621247396,76563.53773199953
2026-09-08 16:42:00,4.817893568542786e-07,8.053181232980933e-08,481.7893568542786,80531.81232980933
2026-09-08 16:43:00,4.77717208013928e-07,8.027542008903765e-08,477.71720801392803,80275.42008903765
2026-09-08 16:44:00,4.7271387870750914e-07,7.759995668266129e-08,472.71387870750914,77599.95668266129
2026-09-08 16:45:00,4.6858664859428245e-07,7.813613933649322e-08,468.58664859428245,78136.13933649322
2026-09-08 16:46:00,4.66871227899901e-07,8.025627806773628e-08,466.871227899901,80256.27806773628
2026-09-08 16:47:00,4.668648614369886e-07,8.0360528897927e-08,466.8648614369886,80360.528897927
2026-09-08 16:48:00,4.6770318817834777e-07,7.959861392237144e-08,467.7031881783478,79598.61392237144
2026-09-08 16:49:00,4.6333613568094734e-07,7.951678782092131e-08,463.33613568094734,79516.78782092131
2026-09-08 16:50:00,4.662767025820358e-07,8.183862121313723e-08,466.2767025820358,81838.62121313723
2026-09-08 16:51:00,4.6694708544237074e-07,8.443226562349082e-08,466.94708544237074,84432.26562349082
2026-09-08 16:52:00,4.715001864497026e-07,8.499713999299274e-08,471.5001864497026,84997.13999299274
2026-09-08 16:53:00,4.7040774120432616e-07,8.52646451221517e-08,470.40774120432616,85264.6451221517
2026-09-08 16:54:00,4.661092702917813e-07,8.307966936627054e-08,466.1092702917813,83079.66936627054
2026-09-08 16:55:00,4.6783449647591624e-07,8.117939387375372e-08,467.83449647591624,81179.39387375372
2026-09-08 16:56:00,4.653537075682834e-07,8.171400622813962e-08,465.3537075682834,81714.00622813962
2026-09-08 16:57:00,4.6390738361878903e-07,8.190085765136246e-08,463.907383618789,81900.85765136246
2026-09-08 16:58:00,4.579380004088307e-07,7.803917867477139e-08,457.9380004088307,78039.17867477139
2026-09-08 16:59:00,4.5990094577064156e-07,7.870012552757544e-08,459.90094577064156,78700.12552757544
2026-09-08 17:00:00,4.6869703851371014e-07,7.776618815569236e-08,468.69703851371014,77766.18815569236
2026-09-08 17:01:00,4.940279154652671e-07,8.399498341304934e-08,494.02791546526714,83994.98341304934
2026-09-08 17:02:00,5.077997116131883e-07,8.402347617675332e-08,507.79971161318826,84023.47617675332
2026-09-08 17:03:00,5.160255795999547e-07,8.558652808687839e-08,516.0255795999547,85586.52808687839
2026-09-08 17:04:00,5.15898818775895e-07,8.776738269489215e-08,515.898818775895,87767.38269489215
2026-09-08 17:05:00,5.10961911004415e-07,8.6497784934636e-08,510.961911004415,86497.784934636
2026-09-08 17:06:00,5.030615852774645e-07,8.594285105800736e-08,503.0615852774645,85942.85105800736
2026-09-08 17:07:00,4.995918061467819e-07,8.600278533776873e-08,499.5918061467819,86002.78533776873
2026-09-08 17:08:00,5.014896373722877e-07,8.983008115137636e-08,501.4896373722877,89830.08115137636
2026-09-08 17:09:00,5.077259288555069e-07,9.028541114730615e-08,507.72592885550694,90285.41114730615
2026-09-08 17:10:00,5.095426445222984e-07,8.939795037576914e-08,509.54264452229836,89397.95037576914
2026-09-08 17:11:00,4.964706477039726e-07,8.499931425376417e-08,496.47064770397265,84999.31425376417
2026-09-08 17:12:00,4.881274549006775e-07,8.305296006483331e-08,488.12745490067755,83052.96006483331
2026-09-08 17:13:00,4.885673661192413e-07,8.353992342335914e-08,488.56736611924134,83539.92342335914
2026-09-08 17:14:00,4.835080176235351e-07,8.257337924533203e-08,483.5080176235351,82573.37924533203
2026-09-08 17:15:00,4.79300126698945e-07,8.132116846581994e-08,479.30012669894495,81321.16846581994
2026-09-08 17:16:00,4.769443648910965e-07,8.467103640441564e-08,476.9443648910965,84671.03640441564
2026-09-08 17:17:00,4.757057467941195e-07,8.519316452293424e-08,475.7057467941195,85193.16452293424
2026-09-08 17:18:00,4.821023367185262e-07,8.601344347880513e-08,482.1023367185262,86013.44347880513
2026-09-08 17:19:00,4.81474330626952e-07,8.316360577964588e-08,481.474330626952,83163.60577964588
2026-09-08 17:20:00,4.798822033080796e-07,8.387434746737199e-08,479.8822033080796,83874.34746737199
2026-09-08 17:21:00,4.778235052071977e-07,8.29554451797776e-08,477.82350520719774,82955.4451797776
2026-09-08 17:22:00,4.785722467204323e-07,8.22265349142981e-08,478.5722467204323,82226.5349142981
2026-09-08 17:23:00,4.77807077459147e-07,8.317176991567976e-08,477.80707745914697,83171.76991567976
2026-09-08 17:24:00,4.78419224236859e-07,8.165186216047005e-08,478.419224236859,81651.86216047005
2026-09-08 17:25:00,4.7550989279443456e-07,8.013371655124502e-08,475.50989279443456,80133.71655124502
2026-09-08 17:26:00,4.7528084223813494e-07,7.519733458138944e-08,475.28084223813494,75197.33458138944
2026-09-08 17:27:00,4.792098025063751e-07,7.55892060055885e-08,479.2098025063751,75589.2060055885
2026-09-08 17:28:00,4.804919626621995e-07,7.859210171545783e-08,480.4919626621995,78592.10171545783
2026-09-08 17:29:00,4.796276016350021e-07,7.419464509439422e-08,479.62760163500207,74194.64509439422
2026-09-08 17:30:00,4.806136644219805e-07,7.659593848075019e-08,480.6136644219805,76595.93848075019
2026-09-08 17:31:00,4.764084735597862e-07,7.514086064475123e-08,476.4084735597862,75140.86064475123
2026-09-08 17:32:00,4.717363424333598e-07,7.722760386741356e-08,471.7363424333598,77227.60386741356
2026-09-08 17:33:00,4.6984871460153954e-07,7.923525657815844e-08,469.84871460153954,79235.25657815844
2026-09-08 17:34:00,4.7059495500434423e-07,7.893083164844938e-08,470.59495500434423,78930.83164844938
2026-09-08 17:35:00,4.682421490542765e-07,8.095508974292898e-08,468.2421490542765,80955.08974292898
2026-09-08 17:36:00,4.670807243201125e-07,8.013049779265202e-08,467.0807243201125,80130.49779265202
2026-09-08 17:37:00,4.6501224915118655e-07,7.82167504098652e-08,465.01224915118655,78216.7504098652
2026-09-08 17:38:00,4.635892594251345e-07,7.628483444932499e-08,463.5892594251345,76284.83444932499
2026-09-08 17:39:00,4.846496608479356e-07,7.642757537951184e-08,484.6496608479356,76427.57537951184
2026-09-08 17:40:00,7.848973382351687e-07,9.992828609028948e-08,784.8973382351687,99928.28609028948
2026-09-08 17:41:00,1.5746401231808704e-06,1.8470163354322722e-07,1574.6401231808704,184701.63354322722
2026-09-08 17:42:00,2.4017062969505787e-06,3.037167743968894e-07,2401.7062969505787,303716.7743968894
2026-09-08 17:43:00,2.8944707537448267e-06,3.420053076297336e-07,2894.4707537448267,342005.3076297336
2026-09-08 17:44:00,2.71231738224742e-06,2.7518163392414863e-07,2712.31738224742,275181.6339241486
2026-09-08 17:45:00,2.279454747622367e-06,2.1368678915223427e-07,2279.454747622367,213686.78915223427
2026-09-08 17:46:00,1.8782226334224106e-06,1.7300628485372727e-07,1878.2226334224106,173006.28485372727
2026-09-08 17:47:00,1.539445179332688e-06,1.439841952333154e-07,1539.445179332688,143984.1952333154
2026-09-08 17:48:00,1.21847858736146e-06,1.1719334480631005e-07,1218.47858736146,117193.34480631005
2026-09-08 17:49:00,9.496941970610351e-07,9.725980731900563e-08,949.6941970610351,97259.80731900563
2026-09-08 17:50:00,7.511891908507096e-07,8.407097595863888e-08,751.1891908507096,84070.97595863888
2026-09-08 17:51:00,6.23269272637117e-07,8.04934074949415e-08,623.269272637117,80493.4074949415
2026-09-08 17:52:00,5.434854415398149e-07,8.044673904805677e-08,543.4854415398149,80446.73904805677
2026-09-08 17:53:00,4.960789397046028e-07,7.80251170340307e-08,496.0789397046028,78025.1170340307
2026-09-08 17:54:00,4.746335662275669e-07,7.652356970311303e-08,474.6335662275669,76523.56970311303
2026-09-08 17:55:00,4.624940288522339e-07,7.484569408688913e-08,462.4940288522339,74845.69408688913
2026-09-08 17:56:00,4.570502198930626e-07,7.617443742446994e-08,457.0502198930626,76174.43742446994
2026-09-08 17:57:00,4.4986464331486786e-07,7.577629190791413e-08,449.86464331486786,75776.29190791413
2026-09-08 17:58:00,4.472028081181634e-07,7.536272050856496e-08,447.2028081181634,75362.72050856496
2026-09-08 17:59:00,4.492857783588988e-07,7.954130154530503e-08,449.2857783588988,79541.30154530503
2026-09-08 18:00:00,4.5371515966508014e-07,7.748207053737133e-08,453.71515966508014,77482.07053737133
2026-09-08 18:01:00,4.551806966901495e-07,7.76080142372848e-08,455.1806966901495,77608.0142372848
2026-09-08 18:02:00,4.524067946931609e-07,7.771794230393425e-08,452.4067946931609,77717.94230393425
2026-09-08 18:03:00,4.553743053747894e-07,7.926909262323534e-08,455.3743053747894,79269.09262323534
2026-09-08 18:04:00,4.5471335852198536e-07,7.819183167612209e-08,454.71335852198536,78191.83167612209
2026-09-08 18:05:00,4.575304046738893e-07,7.580203487123072e-08,457.5304046738893,75802.03487123072
2026-09-08 18:06:00,4.6069035875007103e-07,7.138974922327179e-08,460.690358750071,71389.74922327179
2026-09-08 18:07:00,4.627717657967878e-07,7.52504334400328e-08,462.7717657967878,75250.4334400328
2026-09-08 18:08:00,4.648941569485032e-07,7.693981274314865e-08,464.8941569485032,76939.81274314865
2026-09-08 18:09:00,4.6973616463219514e-07,7.86641507488639e-08,469.73616463219514,78664.1507488639
2026-09-08 18:10:00,4.7079370801839104e-07,7.84749474291857e-08,470.79370801839104,78474.9474291857
2026-09-08 18:11:00,4.716341663879575e-07,7.814222158231132e-08,471.6341663879575,78142.22158231132
2026-09-08 18:12:00,4.6851988599883043e-07,7.42512753504343e-08,468.51988599883043,74251.2753504343
2026-09-08 18:13:00,4.7148623139037227e-07,7.62757323968799e-08,471.48623139037227,76275.7323968799
2026-09-08 18:14:00,4.70074979830315e-07,7.916811028962911e-08,470.074979830315,79168.11028962911
2026-09-08 18:15:00,4.693009714173968e-07,7.701594739728534e-08,469.3009714173968,77015.94739728534
2026-09-08 18:16:00,4.730646594452992e-07,7.821973468935539e-08,473.0646594452992,78219.73468935539
2026-09-08 18:17:00,4.7022274429764366e-07,7.757068942737533e-08,470.22274429764366,77570.68942737533
2026-09-08 18:18:00,4.67655922875565e-07,7.48046389276169e-08,467.655922875565,74804.6389276169
2026-09-08 18:19:00,4.666432573685597e-07,7.529376233605944e-08,466.6432573685597,75293.76233605944
2026-09-08 18:20:00,4.700503097865294e-07,7.45004058444465e-08,470.0503097865294,74500.4058444465
2026-09-08 18:21:00,4.7303939254561556e-07,7.451622252574452e-08,473.03939254561556,74516.22252574452
2026-09-08 18:22:00,4.749614959109749e-07,7.768080934056343e-08,474.9614959109749,77680.80934056343
2026-09-08 18:23:00,4.7331292307717376e-07,7.554505287998836e-08,473.31292307717376,75545.05287998836
2026-09-08 18:24:00,4.7258808422157017e-07,7.353896336326216e-08,472.58808422157017,73538.96336326216
2026-09-08 18:25:00,4.74316010468101e-07,7.407710711504478e-08,474.316010468101,74077.10711504478
2026-09-08 18:26:00,4.710731786872202e-07,7.633506982074323e-08,471.0731786872202,76335.06982074323
2026-09-08 18:27:00,4.719042294709652e-07,7.467576068620474e-08,471.9042294709652,74675.76068620474
2026-09-08 18:28:00,4.7098421873670304e-07,7.428094761507964e-08,470.98421873670304,74280.94761507964
2026-09-08 18:29:00,4.7218796339620894e-07,7.401109058946531e-08,472.18796339620894,74011.09058946531
2026-09-08 18:30:00,4.687801151703752e-07,7.198840279443175e-08,468.7801151703752,71988.40279443175
2026-09-08 18:31:00,4.6630171368633455e-07,7.111773214774075e-08,466.30171368633455,71117.73214774075
2026-09-08 18:32:00,4.6543871690118976e-07,7.111852085017745e-08,465.43871690118976,71118.52085017745
2026-09-08 18:33:00,4.6081322579993866e-07,7.202022800356644e-08,460.81322579993866,72020.22800356644
2026-09-08 18:34:00,4.574038428017957e-07,7.257398948468108e-08,457.4038428017957,72573.98948468108
2026-09-08 18:35:00,4.574265517476306e-07,7.116636169257617e-08,457.4265517476306,71166.36169257617
2026-09-08 18:36:00,4.581782206969365e-07,7.045620975532074e-08,458.1782206969365,70456.20975532074
2026-09-08 18:37:00,4.522671019913105e-07,7.118256917237886e-08,452.2671019913105,71182.56917237886
2026-09-08 18:38:00,4.4910811425324937e-07,7.198977414191177e-08,449.10811425324937,71989.77414191177
2026-09-08 18:39:00,4.4551649125423864e-07,7.247987809932965e-08,445.51649125423864,72479.87809932965
2026-09-08 18:40:00,4.4373271634867706e-07,6.60591439327618e-08,443.73271634867706,66059.1439327618
2026-09-08 18:41:00,4.414721956891299e-07,6.923934847691271e-08,441.4721956891299,69239.34847691271
2026-09-08 18:42:00,4.3832514506902953e-07,6.925634465915209e-08,438.32514506902953,69256.34465915209
2026-09-08 18:43:00,4.407455946875416e-07,6.832280519120104e-08,440.7455946875416,68322.80519120104
2026-09-08 18:44:00,4.411208465171512e-07,6.995205836801688e-08,441.1208465171512,69952.05836801688
2026-09-08 18:45:00,4.4134773702353414e-07,7.039451332957469e-08,441.34773702353414,70394.5133295747
2026-09-08 18:46:00,4.399419424316875e-07,7.009754199316376e-08,439.9419424316875,70097.54199316376
2026-09-08 18:47:00,4.416253602812503e-07,7.103206201009016e-08,441.6253602812503,71032.06201009016
2026-09-08 18:48:00,4.4139784449725994e-07,7.158542558727277e-08,441.39784449725994,71585.42558727277
2026-09-08 18:49:00,4.4067377302781097e-07,7.315455263778858e-08,440.67377302781097,73154.55263778858
2026-09-08 18:50:00,4.4013978595103254e-07,7.397718349011484e-08,440.13978595103254,73977.18349011484
2026-09-08 18:51:00,4.401852606861212e-07,7.467308904551828e-08,440.1852606861212,74673.08904551828
2026-09-08 18:52:00,4.4258410980546614e-07,7.242799426876445e-08,442.58410980546614,72427.99426876445
2026-09-08 18:53:00,4.5534949322245666e-07,7.352146269568038e-08,455.34949322245666,73521.46269568038
2026-09-08 18:54:00,4.607478274465393e-07,7.477073182826643e-08,460.7478274465393,74770.73182826643
2026-09-08 18:55:00,4.6043118118177517e-07,7.19886799060987e-08,460.4311811817752,71988.6799060987
2026-09-08 18:56:00,4.5963693651174253e-07,7.013957059598397e-08,459.63693651174253,70139.57059598397
2026-09-08 18:57:00,4.5825018446521426e-07,6.893735360335995e-08,458.25018446521426,68937.35360335995
2026-09-08 18:58:00,4.540007125797274e-07,6.574368427436639e-08,454.0007125797274,65743.68427436639
2026-09-08 18:59:00,4.541296050319943e-07,6.821491638220323e-08,454.1296050319943,68214.91638220323
2026-09-08 19:00:00,4.5252573954712716e-07,6.85773073882956e-08,452.52573954712716,68577.3073882956
2026-09-08 19:01:00,4.482760687096743e-07,6.860992129986698e-08,448.2760687096743,68609.92129986698
2026-09-08 19:02:00,4.430953879364097e-07,6.641344896252122e-08,443.0953879364097,66413.44896252122
2026-09-08 19:03:00,4.41379228277583e-07,6.511653083407509e-08,441.379228277583,65116.53083407509
2026-09-08 19:04:00,4.360614127563167e-07,6.49437339461656e-08,436.0614127563167,64943.733946165594
2026-09-08 19:05:00,4.317315926982701e-07,6.3821183005075e-08,431.7315926982701,63821.183005075
2026-09-08 19:06:00,4.260739672190539e-07,6.608523506201891e-08,426.0739672190539,66085.23506201891
2026-09-08 19:07:00,4.208811787975719e-07,6.548540198991759e-08,420.8811787975719,65485.40198991759
2026-09-08 19:08:00,4.147802883380791e-07,6.44438955532678e-08,414.7802883380791,64443.895553267794
2026-09-08 19:09:00,4.1413130702494527e-07,6.520189543834931e-08,414.1313070249453,65201.89543834931
2026-09-08 19:10:00,4.115885587907542e-07,6.308567890300765e-08,411.5885587907542,63085.67890300765
2026-09-08 19:11:00,4.069426040587132e-07,5.951379478119634e-08,406.9426040587132,59513.79478119634
2026-09-08 19:12:00,4.0435034520669433e-07,6.147400455347451e-08,404.3503452066943,61474.004553474515
2026-09-08 19:13:00,4.010445593394252e-07,6.0985279048964e-08,401.0445593394252,60985.279048964
2026-09-08 19:14:00,3.9994444023250253e-07,6.162027688105809e-08,399.94444023250253,61620.27688105809
2026-09-08 19:15:00,3.9724196199131256e-07,6.130650831437379e-08,397.24196199131256,61306.50831437379
2026-09-08 19:16:00,3.9519829897471936e-07,6.001174313041702e-08,395.19829897471936,60011.74313041702
2026-09-08 19:17:00,3.933925540877681e-07,6.140493269413128e-08,393.3925540877681,61404.932694131276
2026-09-08 19:18:00,3.9236871884895663e-07,6.124579243760309e-08,392.36871884895663,61245.792437603086
2026-09-08 19:19:00,3.8845016092636797e-07,5.955601878326888e-08,388.45016092636797,59556.01878326888
2026-09-08 19:20:00,3.892035351782397e-07,5.8025193538924213e-08,389.2035351782397,58025.19353892421
2026-09-08 19:21:00,3.88191637057389e-07,6.049211265235499e-08,388.191637057389,60492.11265235499
2026-09-08 19:22:00,3.887502657562436e-07,6.095254434512754e-08,388.7502657562436,60952.544345127535
2026-09-08 19:23:00,3.8403555890909047e-07,5.7316803747653466e-08,384.03555890909047,57316.80374765347
2026-09-08 19:24:00,3.8308220950966643e-07,5.57207542328797e-08,383.0822095096664,55720.7542328797
2026-09-08 19:25:00,3.8356279219442513e-07,5.5692453315714374e-08,383.5627921944251,55692.453315714374
2026-09-08 19:26:00,3.8132534996293543e-07,5.6627172284606786e-08,381.32534996293543,56627.172284606786
2026-09-08 19:27:00,3.7909717320872005e-07,5.56143540109133e-08,379.09717320872005,55614.3540109133
2026-09-08 19:28:00,3.7827265941814403e-07,5.724870533185822e-08,378.27265941814403,57248.70533185822
2026-09-08 19:29:00,3.7936450780762243e-07,5.671174108101695e-08,379.36450780762243,56711.74108101695
2026-09-08 19:30:00,3.7950184150759014e-07,5.8183616147289285e-08,379.50184150759014,58183.616147289285
2026-09-08 19:31:00,3.80467724880873e-07,5.5526317765952626e-08,380.467724880873,55526.317765952626
2026-09-08 19:32:00,3.790861171637516e-07,5.6274771509379207e-08,379.0861171637516,56274.77150937921
2026-09-08 19:33:00,3.8035923921597714e-07,5.752443854589728e-08,380.35923921597714,57524.43854589728
2026-09-08 19:34:00,3.7681439835068886e-07,5.6070533105412323e-08,376.81439835068886,56070.53310541232
2026-09-08 19:35:00,3.75099148186564e-07,5.407868641782443e-08,375.099148186564,54078.68641782443
2026-09-08 19:36:00,3.7356903703766875e-07,5.153660964651863e-08,373.56903703766875,51536.60964651863
2026-09-08 19:37:00,3.706259690261504e-07,5.082547005486049e-08,370.6259690261504,50825.47005486049
2026-09-08 19:38:00,3.7250356399454176e-07,5.0985981658868695e-08,372.50356399454176,50985.981658868695
2026-09-08 19:39:00,3.719822814218787e-07,5.1446217952388906e-08,371.9822814218787,51446.217952388906
2026-09-08 19:40:00,3.731646813776024e-07,5.000734404347895e-08,373.1646813776024,50007.34404347895
2026-09-08 19:41:00,3.757594413400511e-07,5.0754223934745823e-08,375.7594413400511,50754.22393474582
2026-09-08 19:42:00,3.8230766108426906e-07,5.099322919477345e-08,382.30766108426906,50993.22919477345
2026-09-08 19:43:00,3.9402772245011874e-07,5.1296083825036476e-08,394.02772245011874,51296.083825036476
2026-09-08 19:44:00,4.0549679169998853e-07,5.2230607394676554e-08,405.49679169998853,52230.607394676554
2026-09-08 19:45:00,4.056347222558543e-07,5.356072563245107e-08,405.6347222558543,53560.72563245107
2026-09-08 19:46:00,4.049219626267586e-07,5.165031069509496e-08,404.9219626267586,51650.31069509496
2026-09-08 19:47:00,4.05162751349053e-07,5.225347621262699e-08,405.162751349053,52253.47621262699
2026-09-08 19:48:00,3.991750929799309e-07,5.230288380175807e-08,399.1750929799309,52302.88380175807
2026-09-08 19:49:00,3.999034561275039e-07,5.367986588566964e-08,399.9034561275039,53679.86588566964
2026-09-08 19:50:00,3.968706039358949e-07,5.127758129219728e-08,396.8706039358949,51277.58129219728
2026-09-08 19:51:00,3.9813676266931e-07,5.1456261473958875e-08,398.13676266931,51456.261473958875
2026-09-08 19:52:00,4.022749635623768e-07,5.0666631778995e-08,402.2749635623768,50666.631778995
2026-09-08 19:53:00,4.0350261087951367e-07,4.868981662298211e-08,403.50261087951367,48689.81662298211
2026-09-08 19:54:00,4.020978963126254e-07,4.5958334027318415e-08,402.0978963126254,45958.334027318415
2026-09-08 19:55:00,4.0720215110923164e-07,5.0388013761448747e-08,407.20215110923164,50388.01376144875
2026-09-08 19:56:00,4.1271422901445476e-07,4.875876058463291e-08,412.71422901445476,48758.76058463291
2026-09-08 19:57:00,4.1838734432531055e-07,5.292015714530862e-08,418.38734432531055,52920.15714530862
2026-09-08 19:58:00,4.2056507254528697e-07,5.237364320009874e-08,420.56507254528697,52373.64320009874
2026-09-08 19:59:00,4.227599390560499e-07,5.194797836338694e-08,422.7599390560499,51947.97836338694
2026-09-08 20:00:00,4.21658086224852e-07,5.248631396170822e-08,421.658086224852,52486.31396170822
2026-09-08 20:01:00,4.2011487266790937e-07,4.9183292105681176e-08,420.11487266790937,49183.292105681176
2026-09-08 20:02:00,4.2372965936010587e-07,4.8219096271395756e-08,423.72965936010587,48219.096271395756
2026-09-08 20:03:00,4.450207313766441e-07,4.901342620655669e-08,445.0207313766441,49013.42620655669
2026-09-08 20:04:00,4.888366902378039e-07,5.3016854906218214e-08,488.83669023780385,53016.854906218214
2026-09-08 20:05:00,5.458139753500291e-07,5.714681350355022e-08,545.8139753500291,57146.81350355022
2026-09-08 20:06:00,5.771747169092123e-07,6.067713087531956e-08,577.1747169092123,60677.13087531956
2026-09-08 20:07:00,6.264127137001196e-07,6.659489315552491e-08,626.4127137001196,66594.89315552491
2026-09-08 20:08:00,6.015465601194592e-07,6.783011485822499e-08,601.5465601194592,67830.11485822499
2026-09-08 20:09:00,5.732955514758942e-07,6.315227096820308e-08,573.2955514758942,63152.27096820308
2026-09-08 20:10:00,5.379605454436387e-07,6.057464219111353e-08,537.9605454436387,60574.642191113526
2026-09-08 20:11:00,5.243577447799908e-07,6.128813367922703e-08,524.3577447799908,61288.13367922703
2026-09-08 20:12:00,5.164616254660359e-07,6.083239867393786e-08,516.4616254660359,60832.39867393786
2026-09-08 20:13:00,4.93290031045035e-07,5.727651597453587e-08,493.290031045035,57276.51597453587
2026-09-08 20:14:00,4.761642742323602e-07,5.792713153596196e-08,476.1642742323602,57927.13153596196
2026-09-08 20:15:00,4.72357413627833e-07,5.7848637879942544e-08,472.357413627833,57848.637879942544
2026-09-08 20:16:00,5.001592739972693e-07,5.875191533277757e-08,500.15927399726934,58751.91533277757
2026-09-08 20:17:00,5.640583253807563e-07,6.215432790668274e-08,564.0583253807563,62154.32790668274
2026-09-08 20:18:00,6.45073157556908e-07,6.726410362034585e-08,645.073157556908,67264.10362034585
2026-09-08 20:19:00,6.528292715302086e-07,6.476985703329774e-08,652.8292715302086,64769.85703329774
2026-09-08 20:20:00,6.151871048132307e-07,6.007306296851311e-08,615.1871048132307,60073.06296851311
2026-09-08 20:21:00,5.847177817486227e-07,5.637385669388095e-08,584.7177817486227,56373.85669388095
2026-09-08 20:22:00,5.588764224739862e-07,5.329362906536517e-08,558.8764224739862,53293.62906536517
2026-09-08 20:23:00,5.344308533494768e-07,5.5525458009242357e-08,534.4308533494768,55525.45800924236
2026-09-08 20:24:00,5.092592232358584e-07,5.008784853544057e-08,509.25922323585837,50087.84853544057
2026-09-08 20:25:00,4.96974450925336e-07,4.940912745610149e-08,496.974450925336,49409.12745610149
2026-09-08 20:26:00,4.816775458493794e-07,4.5994021036221966e-08,481.6775458493794,45994.021036221966
2026-09-08 20:27:00,4.596115559252212e-07,4.163484135233375e-08,459.6115559252212,41634.84135233375
2026-09-08 20:28:00,4.4731476123160974e-07,4.331212721808697e-08,447.31476123160974,43312.12721808697
2026-09-08 20:29:00,4.448958179636975e-07,4.7521169221909076e-08,444.8958179636975,47521.16922190908
2026-09-08 20:30:00,4.410203473526053e-07,4.856522650698025e-08,441.0203473526053,48565.22650698025
2026-09-08 20:31:00,4.3216886069785687e-07,4.820380183900852e-08,432.16886069785687,48203.80183900852
2026-09-08 20:32:00,4.2526068000370287e-07,4.733606928652989e-08,425.2606800037029,47336.06928652989
2026-09-08 20:33:00,4.322457130001567e-07,5.2941622641355934e-08,432.2457130001567,52941.622641355934
2026-09-08 20:34:00,4.331665195422829e-07,5.1708163084640546e-08,433.1665195422829,51708.163084640546
2026-09-08 20:35:00,4.3976109509458183e-07,5.463668273364419e-08,439.76109509458183,54636.68273364419
2026-09-08 20:36:00,4.6222243099691696e-07,5.6917137669643125e-08,462.22243099691696,56917.137669643125
2026-09-08 20:37:00,5.246308774076169e-07,6.00327112465493e-08,524.6308774076169,60032.7112465493
2026-09-08 20:38:00,6.709103672619676e-07,6.962118703768283e-08,670.9103672619676,69621.18703768283
2026-09-08 20:39:00,8.432706977146154e-07,8.346086133315112e-08,843.2706977146154,83460.86133315112
2026-09-08 20:40:00,9.942996257450432e-07,9.140289591869077e-08,994.2996257450432,91402.89591869077
2026-09-08 20:41:00,1.1263525721005863e-06,1.0094525748627348e-07,1126.3525721005863,100945.25748627348
2026-09-08 20:42:00,1.2364597523628618e-06,1.0480566459136753e-07,1236.4597523628618,104805.66459136753
2026-09-08 20:43:00,1.2699675835392554e-06,1.0096410818505319e-07,1269.9675835392554,100964.10818505319
2026-09-08 20:44:00,1.24299947401596e-06,9.116045873724943e-08,1242.99947401596,91160.45873724943
2026-09-08 20:45:00,1.179307901111315e-06,7.695896186987738e-08,1179.307901111315,76958.96186987738
2026-09-08 20:46:00,1.1011724154741387e-06,6.367655913663839e-08,1101.1724154741387,63676.55913663839
2026-09-08 20:47:00,1.0301854445060599e-06,5.6736023879011555e-08,1030.1854445060599,56736.023879011555
2026-09-08 20:48:00,9.638346227802685e-07,4.887717608426101e-08,963.8346227802685,48877.17608426101
2026-09-08 20:49:00,9.05121453342872e-07,4.302697220737173e-08,905.121453342872,43026.97220737173
2026-09-08 20:50:00,8.618108040536754e-07,4.2935784705377955e-08,861.8108040536754,42935.784705377955
2026-09-08 20:51:00,8.277933716271946e-07,4.643114692726158e-08,827.7933716271946,46431.14692726158
2026-09-08 20:52:00,7.987679282450699e-07,4.891662186423673e-08,798.7679282450699,48916.62186423673
2026-09-08 20:53:00,7.624821591889486e-07,4.7482043186164447e-08,762.4821591889486,47482.04318616445
2026-09-08 20:54:00,7.305202984753123e-07,4.466521019708125e-08,730.5202984753123,44665.21019708125
2026-09-08 20:55:00,7.065401064210164e-07,4.591605318182701e-08,706.5401064210164,45916.05318182701
2026-09-08 20:56:00,6.918482995388331e-07,4.373733730744789e-08,691.8482995388331,43737.33730744789
2026-09-08 20:57:00,6.780637136216683e-07,4.1556667440545425e-08,678.0637136216683,41556.667440545425
2026-09-08 20:58:00,6.635070235461171e-07,3.7099255223438377e-08,663.5070235461171,37099.25522343838
2026-09-08 20:59:00,6.436852686420025e-07,3.5375300910800433e-08,643.6852686420025,35375.30091080043
2026-09-08 21:00:00,6.226277946552727e-07,2.996931058873997e-08,622.6277946552727,29969.310588739972
2026-09-08 21:01:00,6.07127958573983e-07,3.0905393799685044e-08,607.127958573983,30905.393799685044
2026-09-08 21:02:00,5.913878453611687e-07,2.960983813693474e-08,591.3878453611687,29609.83813693474
2026-09-08 21:03:00,5.82070526888856e-07,3.1146541346060985e-08,582.070526888856,31146.541346060985
2026-09-08 21:04:00,5.748889861934003e-07,3.043637519795084e-08,574.8889861934003,30436.375197950838
2026-09-08 21:05:00,5.616375347017311e-07,3.121234115610605e-08,561.637534701731,31212.34115610605
2026-09-08 21:06:00,5.519908086171199e-07,3.488441890908689e-08,551.9908086171199,34884.41890908689
2026-09-08 21:07:00,5.388428121477773e-07,3.615185306671265e-08,538.8428121477773,36151.85306671265
2026-09-08 21:08:00,5.208073616813635e-07,3.4619642264033246e-08,520.8073616813635,34619.642264033246
2026-09-08 21:09:00,5.133651939104311e-07,3.5428609379550835e-08,513.3651939104311,35428.609379550835
2026-09-08 21:10:00,5.000688361178618e-07,3.152359084879208e-08,500.0688361178618,31523.590848792082
2026-09-08 21:11:00,4.98844030971668e-07,3.5859940794580325e-08,498.84403097166796,35859.940794580325
2026-09-08 21:12:00,4.882862754129746e-07,3.019874483811691e-08,488.28627541297465,30198.74483811691
2026-09-08 21:13:00,4.874474939242646e-07,3.143474458511264e-08,487.44749392426456,31434.74458511264
2026-09-08 21:14:00,4.962586785950407e-07,3.616649735249666e-08,496.2586785950407,36166.49735249666
2026-09-08 21:15:00,4.990899356016598e-07,3.4886564748148885e-08,499.0899356016598,34886.564748148885
2026-09-08 21:16:00,5.140156531524553e-07,4.241757523004708e-08,514.0156531524553,42417.57523004708
2026-09-08 21:17:00,5.149009894012124e-07,3.754503907771323e-08,514.9009894012124,37545.03907771323
2026-09-08 21:18:00,5.370234248402994e-07,4.365474737255681e-08,537.0234248402994,43654.74737255681
2026-09-08 21:19:00,5.323409482116404e-07,3.478209364971008e-08,532.3409482116404,34782.09364971008
2026-09-08 21:20:00,5.254346433503088e-07,3.084797484120827e-08,525.4346433503088,30847.97484120827
2026-09-08 21:21:00,5.346207103684719e-07,3.053419206366925e-08,534.6207103684719,30534.192063669252
2026-09-08 21:22:00,5.517036356650351e-07,3.358690037202905e-08,551.7036356650351,33586.90037202905
2026-09-08 21:23:00,5.650609864460421e-07,3.4791462155681074e-08,565.0609864460421,34791.462155681074
2026-09-08 21:24:00,5.877587909708382e-07,3.8872414620527707e-08,587.7587909708382,38872.41462052771
2026-09-08 21:25:00,6.024680487826117e-07,3.6312151507900126e-08,602.4680487826117,36312.151507900126
2026-09-08 21:26:00,6.256671554183413e-07,3.901827128061086e-08,625.6671554183413,39018.27128061086
2026-09-08 21:27:00,6.35262210835208e-07,3.5746676729786486e-08,635.262210835208,35746.676729786486
2026-09-08 21:28:00,6.610529226236395e-07,3.880094467945128e-08,661.0529226236395,38800.94467945128
2026-09-08 21:29:00,6.904017482156632e-07,4.5319527686160654e-08,690.4017482156632,45319.527686160654
2026-09-08 21:30:00,7.018717838036537e-07,4.79153250410036e-08,701.8717838036537,47915.3250410036
2026-09-08 21:31:00,7.156034484978591e-07,4.7964530125454985e-08,715.6034484978591,47964.530125454985
2026-09-08 21:32:00,7.544193749708938e-07,5.28692822854282e-08,754.4193749708938,52869.2822854282
2026-09-08 21:33:00,7.704252311668824e-07,5.2286818430502535e-08,770.4252311668824,52286.818430502535
2026-09-08 21:34:00,8.087981768767349e-07,6.038662547780405e-08,808.7981768767349,60386.625477804046
2026-09-08 21:35:00,8.2708953641486e-07,5.605671304920179e-08,827.08953641486,56056.71304920179
2026-09-08 21:36:00,8.348970368388109e-07,5.379422418627655e-08,834.8970368388109,53794.22418627655
2026-09-08 21:37:00,8.401163995586103e-07,5.230984712056852e-08,840.1163995586103,52309.84712056852
2026-09-08 21:38:00,8.400946853726055e-07,5.338631936524507e-08,840.0946853726055,53386.31936524507
2026-09-08 21:39:00,8.518840672877559e-07,5.5587687342040226e-08,851.8840672877559,55587.687342040226
2026-09-08 21:40:00,8.693098720868875e-07,5.766155197761691e-08,869.3098720868875,57661.55197761691
2026-09-08 21:41:00,8.834605296215159e-07,5.9274992025848405e-08,883.4605296215159,59274.992025848405
2026-09-08 21:42:00,9.13095504984085e-07,6.207854852391392e-08,913.095504984085,62078.54852391392
2026-09-08 21:43:00,9.636062259232858e-07,6.641314342914484e-08,963.6062259232858,66413.14342914484
2026-09-08 21:44:00,1.0502023997105425e-06,7.231255949591286e-08,1050.2023997105425,72312.55949591286
2026-09-08 21:45:00,1.1158060715388274e-06,7.569740745339004e-08,1115.8060715388274,75697.40745339004
2026-09-08 21:46:00,1.186537929243059e-06,8.177295285349828e-08,1186.537929243059,81772.95285349828
2026-09-08 21:47:00,1.2178511497040745e-06,8.242180626893969e-08,1217.8511497040745,82421.80626893969
2026-09-08 21:48:00,1.2290859103814e-06,8.250575689316975e-08,1229.0859103814,82505.75689316975
2026-09-08 21:49:00,1.2267323654668871e-06,7.760197462403085e-08,1226.7323654668871,77601.97462403085
2026-09-08 21:50:00,1.2118827044105274e-06,7.909376620318653e-08,1211.8827044105274,79093.76620318653
2026-09-08 21:51:00,1.1900624485861044e-06,7.925387279783536e-08,1190.0624485861044,79253.87279783536
2026-09-08 21:52:00,1.1608867680479307e-06,7.669205359661646e-08,1160.8867680479307,76692.05359661646
2026-09-08 21:53:00,1.1378371027603862e-06,7.577491345500675e-08,1137.8371027603862,75774.91345500675
2026-09-08 21:54:00,1.114826090997667e-06,7.527327738898748e-08,1114.826090997667,75273.27738898748
2026-09-08 21:55:00,1.0839574997589807e-06,7.249061440006699e-08,1083.9574997589807,72490.61440006699
2026-09-08 21:56:00,1.053996470545826e-06,7.095586340710724e-08,1053.996470545826,70955.86340710724
2026-09-08 21:57:00,1.0335305660191807e-06,6.912489425303647e-08,1033.5305660191807,69124.89425303647
2026-09-08 21:58:00,1.0146404747501947e-06,6.910907757173845e-08,1014.6404747501947,69109.07757173845
2026-09-08 21:59:00,9.88503984444833e-07,6.553931086727971e-08,988.5039844448329,65539.31086727971
2026-09-08 22:00:00,9.62475724008982e-07,6.509607430871256e-08,962.4757240089821,65096.07430871256
2026-09-08 22:01:00,9.300970873482584e-07,6.165069521557598e-08,930.0970873482584,61650.69521557598
2026-09-08 22:02:00,9.001159924082458e-07,6.04506169565866e-08,900.1159924082458,60450.6169565866
2026-09-08 22:03:00,8.708953487257531e-07,5.792101021029339e-08,870.8953487257531,57921.01021029339
2026-09-08 22:04:00,8.487319291816675e-07,5.747815734480355e-08,848.7319291816675,57478.15734480355
2026-09-08 22:05:00,8.306642484967597e-07,5.798817426239111e-08,830.6642484967597,57988.17426239111
2026-09-08 22:06:00,8.070676358329365e-07,5.545661352357456e-08,807.0676358329365,55456.61352357456
2026-09-08 22:07:00,7.888759228080744e-07,5.289927429430463e-08,788.8759228080744,52899.27429430463
2026-09-08 22:08:00,7.727136335233808e-07,5.3326306925782774e-08,772.7136335233808,53326.306925782774
2026-09-08 22:09:00,7.556997161373147e-07,5.7328570335357654e-08,755.6997161373147,57328.570335357654
2026-09-08 22:10:00,7.418016707561037e-07,5.578092654445754e-08,741.8016707561037,55780.92654445754
2026-09-08 22:11:00,7.283348963937897e-07,5.382148060562031e-08,728.3348963937897,53821.48060562031
2026-09-08 22:12:00,7.14491022790753e-07,5.2714156595357053e-08,714.491022790753,52714.15659535705
2026-09-08 22:13:00,7.018118139967555e-07,5.2339633072051583e-08,701.8118139967555,52339.63307205158
2026-09-08 22:14:00,6.909580179126351e-07,4.9951978553508525e-08,690.9580179126351,49951.978553508525
2026-09-08 22:15:00,6.789678081986494e-07,5.007929004818834e-08,678.9678081986494,50079.29004818834
2026-09-08 22:16:00,6.684349500574172e-07,4.76943640137506e-08,668.4349500574172,47694.3640137506
2026-09-08 22:17:00,6.616626819777593e-07,4.459615254859273e-08,661.6626819777593,44596.15254859273
2026-09-08 22:18:00,6.751874934707303e-07,4.964091715464747e-08,675.1874934707303,49640.91715464747
2026-09-08 22:19:00,7.862258257773647e-07,5.8391922408418395e-08,786.2258257773647,58391.922408418395
2026-09-08 22:20:00,1.0591905947876512e-06,8.051969047073726e-08,1059.1905947876512,80519.69047073726
2026-09-08 22:21:00,1.3224952226664755e-06,1.1129966992484697e-07,1322.4952226664755,111299.66992484697
2026-09-08 22:22:00,1.8349868469158537e-06,1.6597823560005054e-07,1834.9868469158537,165978.23560005054
2026-09-08 22:23:00,2.5337169518024893e-06,2.390794975326571e-07,2533.7169518024893,239079.49753265711
2026-09-08 22:24:00,2.7050161861552624e-06,2.3982559582691465e-07,2705.0161861552624,239825.59582691465
2026-09-08 22:25:00,2.4951350496849045e-06,2.0960250424195692e-07,2495.1350496849045,209602.50424195692
2026-09-08 22:26:00,2.2908586743142223e-06,1.8295502002274588e-07,2290.8586743142223,182955.02002274588
2026-09-08 22:27:00,2.083546860376373e-06,1.5924895535590622e-07,2083.546860376373,159248.95535590622
2026-09-08 22:28:00,1.789282691788685e-06,1.1796860377444318e-07,1789.282691788685,117968.60377444318
2026-09-08 22:29:00,1.5015340295576607e-06,9.07987995901749e-08,1501.5340295576607,90798.7995901749
2026-09-08 22:30:00,1.2908692497148877e-06,7.696220194475245e-08,1290.8692497148877,76962.20194475245
2026-09-08 22:31:00,1.147989564742602e-06,6.856518552922353e-08,1147.989564742602,68565.18552922353
2026-09-08 22:32:00,1.0437299806653755e-06,5.9502724525373196e-08,1043.7299806653755,59502.724525373196
2026-09-08 22:33:00,9.563076446283958e-07,5.450910478543847e-08,956.3076446283958,54509.10478543847
2026-09-08 22:34:00,8.803274909041647e-07,4.927512620156449e-08,880.3274909041647,49275.12620156449
2026-09-08 22:35:00,8.180644499589107e-07,4.726608793248488e-08,818.0644499589107,47266.08793248488
2026-09-08 22:36:00,7.757731168567261e-07,4.595470670665236e-08,775.7731168567261,45954.70670665236
2026-09-08 22:37:00,7.419043868139852e-07,4.651002427635831e-08,741.9043868139852,46510.02427635831
2026-09-08 22:38:00,7.153214482968906e-07,4.390230756712299e-08,715.3214482968906,43902.30756712299
2026-09-08 22:39:00,6.936007252988929e-07,4.271570830383098e-08,693.6007252988929,42715.70830383098
2026-09-08 22:40:00,6.743593417013471e-07,4.0882202512193544e-08,674.3593417013471,40882.202512193544
2026-09-08 22:41:00,6.598489790121675e-07,4.113915252901279e-08,659.8489790121675,41139.15252901279
2026-09-08 22:42:00,6.43460452920408e-07,4.1946943696302696e-08,643.460452920408,41946.9436963027
2026-09-08 22:43:00,6.331060262709798e-07,4.1788783988749856e-08,633.1060262709798,41788.783988749856
2026-09-08 22:44:00,6.225952802196844e-07,4.2756294504897596e-08,622.5952802196844,42756.294504897596
2026-09-08 22:45:00,6.130398446657637e-07,4.54167192742716e-08,613.0398446657637,45416.7192742716
2026-09-08 22:46:00,6.040828566256096e-07,4.627020544489824e-08,604.0828566256096,46270.20544489824
2026-09-08 22:47:00,5.972191843284236e-07,4.620830296175882e-08,597.2191843284236,46208.30296175882
2026-09-08 22:48:00,5.86686439874029e-07,4.360214589382849e-08,586.686439874029,43602.14589382849
2026-09-08 22:49:00,5.782650305263815e-07,4.200548886501565e-08,578.2650305263815,42005.48886501565
2026-09-08 22:50:00,5.681051788997138e-07,4.148492038780205e-08,568.1051788997138,41484.92038780205
2026-09-08 22:51:00,5.604809416581702e-07,4.291070965223298e-08,560.4809416581702,42910.70965223298
2026-09-08 22:52:00,5.541402856579225e-07,4.1125041150280595e-08,554.1402856579225,41125.041150280595
2026-09-08 22:53:00,5.481498419612763e-07,4.095047856367273e-08,548.1498419612763,40950.47856367273
2026-09-08 22:54:00,5.413553481048439e-07,3.995639730192124e-08,541.3553481048439,39956.39730192124
2026-09-08 22:55:00,5.347307023839676e-07,3.954692928687109e-08,534.7307023839676,39546.92928687109
2026-09-08 22:56:00,5.300377097228193e-07,3.8298619386978316e-08,530.0377097228193,38298.61938697832
2026-09-08 22:57:00,5.255747623778007e-07,3.918821533943628e-08,525.5747623778007,39188.21533943628
2026-09-08 22:58:00,5.196077950131439e-07,3.997921993459386e-08,519.6077950131439,39979.21993459386
2026-09-08 22:59:00,5.127648705638421e-07,3.550266214347175e-08,512.7648705638421,35502.66214347175
2026-09-08 23:00:00,5.122563493387133e-07,3.575863871674301e-08,512.2563493387133,35758.63871674301
2026-09-08 23:01:00,5.102351110508607e-07,4.8128821816817435e-08,510.2351110508607,48128.821816817435
2026-09-08 23:02:00,5.074427349427424e-07,3.9370366522462064e-08,507.4427349427424,39370.36652246206
2026-09-08 23:03:00,5.085872203380859e-07,4.0157672742680006e-08,508.5872203380859,40157.672742680006
2026-09-08 23:04:00,5.069198891760607e-07,3.807344128858858e-08,506.9198891760607,38073.44128858858
2026-09-08 23:05:00,5.086808414489496e-07,3.7867053492846026e-08,508.68084144894965,37867.053492846026
2026-09-08 23:06:00,5.063108119429671e-07,3.741383025612777e-08,506.3108119429671,37413.83025612777
2026-09-08 23:07:00,5.036395691604412e-07,3.852076702060003e-08,503.63956916044117,38520.76702060003
2026-09-08 23:08:00,4.992314757146232e-07,3.917117297191908e-08,499.23147571462323,39171.17297191908
2026-09-08 23:09:00,4.967319000570569e-07,3.833389072838145e-08,496.7319000570569,38333.89072838145
2026-09-08 23:10:00,4.95346228035487e-07,3.846139051688624e-08,495.346228035487,38461.39051688624
2026-09-08 23:11:00,4.938913775731635e-07,3.860373709585474e-08,493.8913775731635,38603.73709585474
2026-09-08 23:12:00,4.922567882204021e-07,3.6296718519679416e-08,492.2567882204021,36296.718519679416
2026-09-08 23:13:00,4.891906542070501e-07,3.734330888960358e-08,489.1906542070501,37343.30888960358
2026-09-08 23:14:00,4.86815565636789e-07,3.6726866881053866e-08,486.81556563678896,36726.866881053866
2026-09-08 23:15:00,4.841911618314043e-07,3.702854201037553e-08,484.1911618314043,37028.54201037553
2026-09-08 23:16:00,4.870243515142647e-07,4.293108091246722e-08,487.0243515142647,42931.08091246722
2026-09-08 23:17:00,4.891047638011514e-07,4.221974236884307e-08,489.1047638011514,42219.74236884307
2026-09-08 23:18:00,4.895050551567692e-07,4.32028741670365e-08,489.50505515676923,43202.8741670365
2026-09-08 23:19:00,4.879024686488265e-07,4.29972644155896e-08,487.90246864882647,42997.2644155896
2026-09-08 23:20:00,4.862349101131258e-07,3.99955020213838e-08,486.2349101131258,39995.5020213838
2026-09-08 23:21:00,4.881234190179384e-07,3.930134084839665e-08,488.12341901793843,39301.34084839665
2026-09-08 23:22:00,4.827800239581848e-07,3.871478071459933e-08,482.78002395818476,38714.78071459933
2026-09-08 23:23:00,4.875811328020063e-07,4.1629622415939593e-08,487.5811328020063,41629.62241593959
2026-09-08 23:24:00,5.038313020122587e-07,4.414108545347517e-08,503.8313020122587,44141.08545347517
2026-09-08 23:25:00,5.251573611531057e-07,4.5124995295964254e-08,525.1573611531057,45124.995295964254
2026-09-08 23:26:00,5.579364596997038e-07,4.713306367420955e-08,557.9364596997038,47133.06367420955
2026-09-08 23:27:00,6.099285769778362e-07,4.9161229753735824e-08,609.9285769778362,49161.229753735824
2026-09-08 23:28:00,7.3380869025641e-07,6.205277003346055e-08,733.80869025641,62052.77003346055
2026-09-08 23:29:00,9.070973874258925e-07,7.633632748138552e-08,907.0973874258925,76336.32748138552
2026-09-08 23:30:00,1.090481305254798e-06,9.028968861457543e-08,1090.481305254798,90289.68861457543
2026-09-08 23:31:00,1.2957972330696066e-06,1.0926831350843713e-07,1295.7972330696066,109268.31350843713
2026-09-08 23:32:00,1.5213123560897657e-06,1.3304079971021565e-07,1521.3123560897657,133040.79971021565
2026-09-08 23:33:00,1.8015130081039388e-06,1.7000670027300657e-07,1801.5130081039388,170006.70027300657
2026-09-08 23:34:00,2.249367980766692e-06,2.338386195788189e-07,2249.367980766692,233838.6195788189
2026-09-08 23:35:00,2.6869183784583583e-06,2.896394448725914e-07,2686.9183784583583,289639.4448725914
2026-09-08 23:36:00,3.067389116040431e-06,3.2453186804559664e-07,3067.389116040431,324531.86804559664
2026-09-08 23:37:00,3.3606561373744626e-06,3.430680237670458e-07,3360.6561373744626,343068.0237670458
2026-09-08 23:38:00,3.4990982840099605e-06,3.378193866865331e-07,3499.0982840099605,337819.3866865331
2026-09-08 23:39:00,3.5162290714652045e-06,3.1578903758600063e-07,3516.2290714652045,315789.03758600063
2026-09-08 23:40:00,3.4703564324445324e-06,2.869725506116083e-07,3470.3564324445324,286972.5506116083
2026-09-08 23:41:00,3.3548019473528257e-06,2.566720809227263e-07,3354.8019473528257,256672.0809227263
2026-09-08 23:42:00,3.214530124751036e-06,2.29039073929016e-07,3214.530124751036,229039.073929016
2026-09-08 23:43:00,3.036891939700581e-06,2.0079333751255035e-07,3036.891939700581,200793.33751255035
2026-09-08 23:44:00,2.8400875180523144e-06,1.7529727358578384e-07,2840.0875180523144,175297.27358578384
2026-09-08 23:45:00,2.6245299977745162e-06,1.4692325578380405e-07,2624.5299977745162,146923.25578380405
2026-09-08 23:46:00,2.4449727789033204e-06,1.2767847579198133e-07,2444.9727789033204,127678.47579198133
2026-09-08 23:47:00,2.2808333142165793e-06,1.1412265621402184e-07,2280.8333142165793,114122.65621402184
2026-09-08 23:48:00,2.152648221454001e-06,1.0654826354539182e-07,2152.648221454001,106548.26354539182
2026-09-08 23:49:00,2.0430147742445115e-06,1.0069939548884577e-07,2043.0147742445115,100699.39548884577
2026-09-08 23:50:00,1.963539943972137e-06,9.908361420229994e-08,1963.5399439721368,99083.61420229994
2026-09-08 23:51:00,1.8976297724293545e-06,9.783569510091183e-08,1897.6297724293545,97835.69510091183
2026-09-08 23:52:00,1.8227300415674108e-06,9.565558656277062e-08,1822.7300415674108,95655.58656277062
2026-09-08 23:53:00,1.7491540802438976e-06,9.03544474795126e-08,1749.1540802438976,90354.4474795126
2026-09-08 23:54:00,1.6644565903334296e-06,8.853792365925983e-08,1664.4565903334296,88537.92365925983
2026-09-08 23:55:00,1.5717188261987758e-06,8.005889640116948e-08,1571.7188261987758,80058.89640116948
2026-09-08 23:56:00,1.486533619754482e-06,7.604489837831352e-08,1486.533619754482,76044.89837831352
2026-09-08 23:57:00,1.4011267239766312e-06,7.169369808934789e-08,1401.1267239766312,71693.69808934789
2026-09-08 23:58:00,1.3221106200944632e-06,6.819929865287122e-08,1322.1106200944632,68199.29865287122
2026-09-08 23:59:00,1.2955141528436798e-06,6.737705149362228e-08,1295.5141528436798,67377.05149362228
2026-09-09 00:00:00,1.2978908898730879e-06,7.180674543860732e-08,1297.8908898730879,71806.74543860732
2026-09-09 00:01:00,1.299753876082832e-06,7.552257130782891e-08,1299.753876082832,75522.57130782891
2026-09-09 00:02:00,1.3000959597775363e-06,7.427406956139748e-08,1300.0959597775363,74274.06956139748
2026-09-09 00:03:00,1.28849399061437e-06,7.399190593559979e-08,1288.49399061437,73991.90593559979
2026-09-09 00:04:00,1.2687737580563407e-06,6.937357710512515e-08,1268.7737580563407,69373.57710512515
2026-09-09 00:05:00,1.2390624988256604e-06,6.739636404518023e-08,1239.0624988256604,67396.36404518023
2026-09-09 00:06:00,1.2141366596551961e-06,6.70800375246472e-08,1214.1366596551961,67080.0375246472
2026-09-09 00:07:00,1.1993615771643817e-06,6.864662083216899e-08,1199.3615771643817,68646.62083216899
2026-09-09 00:08:00,1.190700118058885e-06,6.820337716817448e-08,1190.700118058885,68203.37716817448
2026-09-09 00:09:00,1.1837225883937208e-06,6.765097282368515e-08,1183.7225883937208,67650.97282368515
2026-09-09 00:10:00,1.1923046940864879e-06,6.985001022030701e-08,1192.3046940864879,69850.01022030701
2026-09-09 00:11:00,1.1923052625206765e-06,7.159037096471366e-08,1192.3052625206765,71590.37096471366
2026-09-09 00:12:00,1.1826899708466954e-06,7.201779084198279e-08,1182.6899708466954,72017.79084198279
2026-09-09 00:13:00,1.1720418342520134e-06,6.98369078122596e-08,1172.0418342520134,69836.9078122596
2026-09-09 00:14:00,1.171472717942379e-06,7.144938507508414e-08,1171.472717942379,71449.38507508414
2026-09-09 00:15:00,1.1610147794272052e-06,6.762089554968043e-08,1161.0147794272052,67620.89554968043
2026-09-09 00:16:00,1.1403632242945605e-06,6.921891326783225e-08,1140.3632242945605,69218.91326783225
2026-09-09 00:17:00,1.1127908692287747e-06,6.504519234340478e-08,1112.7908692287747,65045.19234340478
2026-09-09 00:18:00,1.0851371143871802e-06,6.238807515046574e-08,1085.1371143871802,62388.07515046574
2026-09-09 00:19:00,1.0641775816111476e-06,6.238768435196107e-08,1064.1775816111476,62387.68435196107
2026-09-09 00:20:00,1.0556773304415401e-06,5.976374950478203e-08,1055.67733044154,59763.74950478203
2026-09-09 00:21:00,1.0581434253253974e-06,6.102865768298216e-08,1058.1434253253974,61028.65768298216
2026-09-09 00:22:00,1.0480174523763708e-06,5.8119645984788804e-08,1048.0174523763708,58119.6459847888
2026-09-09 00:23:00,1.038445702761237e-06,5.833971172819474e-08,1038.445702761237,58339.71172819474
2026-09-09 00:24:00,1.0442548727951362e-06,6.096617255479941e-08,1044.2548727951362,60966.172554799414
2026-09-09 00:25:00,1.0567360959612415e-06,6.316578549103724e-08,1056.7360959612415,63165.78549103724
2026-09-09 00:26:00,1.0636574643285712e-06,6.59330368080191e-08,1063.6574643285712,65933.0368080191
2026-09-09 00:27:00,1.076753505913075e-06,6.913003858244338e-08,1076.753505913075,69130.03858244338
2026-09-09 00:28:00,1.0941544132947456e-06,7.343145824734165e-08,1094.1544132947456,73431.45824734165
2026-09-09 00:29:00,1.1024644663848449e-06,7.061753848347507e-08,1102.4644663848449,70617.53848347507
2026-09-09 00:30:00,1.1104211807833053e-06,6.97638569135961e-08,1110.4211807833053,69763.8569135961
2026-09-09 00:31:00,1.1082165656262077e-06,6.952700459805783e-08,1108.2165656262077,69527.00459805783
2026-09-09 00:32:00,1.1060452607125626e-06,6.704347299546498e-08,1106.0452607125626,67043.47299546498
2026-09-09 00:33:00,1.101648422263679e-06,6.704522093059495e-08,1101.648422263679,67045.22093059495
2026-09-09 00:34:00,1.0935210639217985e-06,6.807268704278613e-08,1093.5210639217985,68072.68704278613
2026-09-09 00:35:00,1.0852917284864816e-06,6.441895550324261e-08,1085.2917284864816,64418.955503242614
2026-09-09 00:36:00,1.0697090147004928e-06,6.739259106325335e-08,1069.7090147004928,67392.59106325335
2026-09-09 00:37:00,1.051946014740679e-06,6.462690294029017e-08,1051.946014740679,64626.902940290165
2026-09-09 00:38:00,1.0379633295087842e-06,6.400792784688747e-08,1037.9633295087842,64007.92784688747
2026-09-09 00:39:00,1.0275315389662865e-06,5.943919134665521e-08,1027.5315389662865,59439.19134665521
2026-09-09 00:40:00,1.0147094826606917e-06,6.048208689435342e-08,1014.7094826606917,60482.086894353415
2026-09-09 00:41:00,1.0083122106152587e-06,5.8823136583896485e-08,1008.3122106152587,58823.136583896485
2026-09-09 00:42:00,1.0004116575146327e-06,5.437781780415207e-08,1000.4116575146327,54377.81780415207
2026-09-09 00:43:00,9.8992222774541e-07,5.4932744575353354e-08,989.92222774541,54932.744575353354
2026-09-09 00:44:00,9.741708026922424e-07,5.44760183629478e-08,974.1708026922424,54476.0183629478
2026-09-09 00:45:00,9.591325351721025e-07,5.638900191229368e-08,959.1325351721025,56389.00191229368
2026-09-09 00:46:00,9.443355111216079e-07,5.5773721641116936e-08,944.3355111216079,55773.721641116936
2026-09-09 00:47:00,9.347643867840816e-07,5.692752580443994e-08,934.7643867840816,56927.52580443994
2026-09-09 00:48:00,9.209673521581863e-07,5.64385871371087e-08,920.9673521581863,56438.5871371087
2026-09-09 00:49:00,9.097930160351098e-07,5.569386374304486e-08,909.7930160351098,55693.86374304486
2026-09-09 00:50:00,8.979064318737073e-07,5.677169667706039e-08,897.9064318737073,56771.69667706039
2026-09-09 00:51:00,8.873588512869901e-07,5.5996899561705504e-08,887.3588512869901,55996.899561705504
2026-09-09 00:52:00,8.744690376261133e-07,5.435143179965962e-08,874.4690376261133,54351.43179965962
2026-09-09 00:53:00,8.639904649498931e-07,5.3593225857184734e-08,863.9904649498931,53593.225857184734
2026-09-09 00:54:00,8.527045451955928e-07,5.3309122449718416e-08,852.7045451955928,53309.122449718416
2026-09-09 00:55:00,8.443388423984288e-07,5.235995459429432e-08,844.3388423984288,52359.95459429432
2026-09-09 00:56:00,8.320761821778433e-07,5.12541831199087e-08,832.0761821778433,51254.1831199087
2026-09-09 00:57:00,8.246765901276376e-07,5.204479691656161e-08,824.6765901276376,52044.79691656161
2026-09-09 00:58:00,8.186200375348562e-07,5.1397886835502504e-08,818.6200375348562,51397.886835502504
2026-09-09 00:59:00,8.139806482176937e-07,5.316735851579324e-08,813.9806482176937,53167.35851579324
2026-09-09 01:00:00,8.10072720014432e-07,5.0290754671777904e-08,810.072720014432,50290.754671777904
2026-09-09 01:01:00,8.064359349191363e-07,4.682740240014027e-08,806.4359349191363,46827.40240014027
2026-09-09 01:02:00,8.029020932553976e-07,4.8552337261753564e-08,802.9020932553976,48552.337261753564
2026-09-09 01:03:00,7.966375505930046e-07,4.6747544502068195e-08,796.6375505930046,46747.544502068195
2026-09-09 01:04:00,7.952770033625711e-07,5.129009039706034e-08,795.2770033625711,51290.09039706034
2026-09-09 01:05:00,7.910132922006596e-07,5.090914001470992e-08,791.0132922006596,50909.14001470992
2026-09-09 01:06:00,7.859443940105848e-07,4.980239509677631e-08,785.9443940105848,49802.39509677631
2026-09-09 01:07:00,7.895042131167429e-07,4.8982094824623346e-08,789.5042131167429,48982.094824623346
2026-09-09 01:08:00,7.855948069845908e-07,4.874543080291005e-08,785.5948069845908,48745.43080291005
2026-09-09 01:09:00,7.814346076884249e-07,4.9124828649382835e-08,781.4346076884249,49124.828649382835
2026-09-09 01:10:00,7.731592859272496e-07,4.700467925999874e-08,773.1592859272496,47004.67925999874
2026-09-09 01:11:00,7.684442948630021e-07,4.90627272142774e-08,768.4442948630021,49062.7272142774
2026-09-09 01:12:00,7.646910944458796e-07,4.823795407560283e-08,764.6910944458796,48237.95407560283
2026-09-09 01:13:00,7.595197075715987e-07,4.762132022051446e-08,759.5197075715987,47621.32022051446
2026-09-09 01:14:00,7.530766765739827e-07,4.724328306338066e-08,753.0766765739827,47243.28306338066
2026-09-09 01:15:00,7.460765232281119e-07,4.6105878226399e-08,746.0765232281119,46105.878226399
2026-09-09 01:16:00,7.417214646920911e-07,4.461741198724667e-08,741.7214646920911,44617.41198724667
2026-09-09 01:17:00,7.359484470725874e-07,4.776580198040392e-08,735.9484470725874,47765.80198040392
2026-09-09 01:18:00,7.27081840068422e-07,4.779646189945197e-08,727.081840068422,47796.46189945197
2026-09-09 01:19:00,7.180146326390968e-07,4.8147331455083986e-08,718.0146326390968,48147.331455083986
2026-09-09 01:20:00,7.098974492691923e-07,4.6152745625249736e-08,709.8974492691923,46152.745625249736
2026-09-09 01:21:00,7.00317343671486e-07,4.454104995943453e-08,700.317343671486,44541.04995943453
2026-09-09 01:22:00,6.92828848514182e-07,4.35780123098084e-08,692.828848514182,43578.0123098084
2026-09-09 01:23:00,6.853491072433826e-07,4.506395612224878e-08,685.3491072433826,45063.95612224878
2026-09-09 01:24:00,6.784608217458299e-07,4.3165623964114275e-08,678.4608217458299,43165.623964114275
2026-09-09 01:25:00,6.692567922073067e-07,4.402222231192354e-08,669.2567922073067,44022.22231192354
2026-09-09 01:26:00,6.621523311878263e-07,4.448030921366808e-08,662.1523311878263,44480.30921366808
2026-09-09 01:27:00,6.564227987837512e-07,4.5175251983664566e-08,656.4227987837512,45175.251983664566
2026-09-09 01:28:00,6.461719408434874e-07,4.251949192735083e-08,646.1719408434874,42519.49192735083
2026-09-09 01:29:00,6.412946618183923e-07,4.168006739746488e-08,641.2946618183923,41680.06739746488
2026-09-09 01:30:00,6.33304011898872e-07,4.4874745697143226e-08,633.304011898872,44874.745697143226
2026-09-09 01:31:00,6.22281788764667e-07,4.473531234339134e-08,622.281788764667,44735.31234339134
2026-09-09 01:32:00,6.173144129206776e-07,4.6490519878261694e-08,617.3144129206776,46490.51987826169
2026-09-09 01:33:00,6.123015054981806e-07,4.5256470571075624e-08,612.3015054981806,45256.470571075624
2026-09-09 01:34:00,6.046873863851943e-07,4.740863346341939e-08,604.6873863851943,47408.63346341939
2026-09-09 01:35:00,5.967091283309855e-07,4.547983678548917e-08,596.7091283309855,45479.83678548917
2026-09-09 01:36:00,5.8917430578731e-07,4.623998606234636e-08,589.17430578731,46239.98606234636
2026-09-09 01:37:00,5.843539270244946e-07,4.5289848316087955e-08,584.3539270244946,45289.848316087955
2026-09-09 01:38:00,5.78249682803289e-07,4.484641280555479e-08,578.249682803289,44846.41280555479
2026-09-09 01:39:00,5.74828675325989e-07,4.5732313935786806e-08,574.828675325989,45732.313935786806
2026-09-09 01:40:00,5.683755830432347e-07,4.511839435394904e-08,568.3755830432347,45118.39435394904
2026-09-09 01:41:00,5.643355507345404e-07,4.300979483673473e-08,564.3355507345404,43009.79483673473
2026-09-09 01:42:00,5.6371334267169e-07,4.4357083339718884e-08,563.71334267169,44357.08333971888
2026-09-09 01:43:00,5.617258125312219e-07,4.500709849253326e-08,561.7258125312219,45007.09849253326
2026-09-09 01:44:00,5.602382202596345e-07,4.617885807078892e-08,560.2382202596345,46178.85807078892
2026-09-09 01:45:00,5.548953367906506e-07,4.42643219855654e-08,554.8953367906506,44264.3219855654
2026-09-09 01:46:00,5.551332264985831e-07,4.4706400359473264e-08,555.1332264985831,44706.400359473264
2026-09-09 01:47:00,5.668744620379584e-07,4.5101803181069045e-08,566.8744620379584,45101.803181069045
2026-09-09 01:48:00,5.894827950214676e-07,4.355278804268892e-08,589.4827950214676,43552.78804268892
2026-09-09 01:49:00,6.026787104929099e-07,4.428013866686342e-08,602.6787104929099,44280.13866686342
2026-09-09 01:50:00,5.985543225506262e-07,4.565769984310464e-08,598.5543225506262,45657.69984310464
2026-09-09 01:51:00,5.887004590476863e-07,4.550011922788144e-08,588.7004590476863,45500.11922788144
2026-09-09 01:52:00,5.846419526278623e-07,4.38702798533086e-08,584.6419526278623,43870.2798533086
2026-09-09 01:53:00,5.751861067437858e-07,4.323840485653818e-08,575.1861067437858,43238.40485653818
2026-09-09 01:54:00,5.631833914776507e-07,4.287463539753844e-08,563.1833914776507,42874.63539753844
2026-09-09 01:55:00,5.529989266506163e-07,4.260537167510847e-08,552.9989266506163,42605.37167510847
2026-09-09 01:56:00,5.414605084297364e-07,4.023119615226278e-08,541.4605084297364,40231.19615226278
2026-09-09 01:57:00,5.349729690351523e-07,4.004392550882585e-08,534.9729690351523,40043.92550882585
2026-09-09 01:58:00,5.255599830888968e-07,4.023197419655844e-08,525.5599830888968,40231.97419655844
2026-09-09 01:59:00,5.196844767851871e-07,3.937867631975678e-08,519.6844767851871,39378.67631975678
2026-09-09 02:00:00,5.132521891937358e-07,4.116687435384847e-08,513.2521891937358,41166.87435384847
2026-09-09 02:01:00,5.057851808487612e-07,4.2970501823447194e-08,505.78518084876123,42970.50182344719
2026-09-09 02:02:00,5.003952878723794e-07,4.09595166672716e-08,500.3952878723794,40959.5166672716
2026-09-09 02:03:00,4.953390657647105e-07,4.165717726323237e-08,495.33906576471054,41657.17726323237
2026-09-09 02:04:00,4.939067821396748e-07,4.1514638837725215e-08,493.90678213967476,41514.638837725215
2026-09-09 02:05:00,4.911910309601808e-07,3.980726859253991e-08,491.1910309601808,39807.26859253991
2026-09-09 02:06:00,4.900771273241844e-07,3.999706166268879e-08,490.0771273241844,39997.06166268879
2026-09-09 02:07:00,4.867119969276246e-07,4.0423319802584956e-08,486.71199692762457,40423.319802584956
2026-09-09 02:08:00,4.839060920858174e-07,3.772030865434317e-08,483.90609208581736,37720.30865434317
2026-09-09 02:09:00,4.798585564458335e-07,3.6485481302861444e-08,479.8585564458335,36485.481302861444
2026-09-09 02:10:00,4.766874042161362e-07,3.8114546185852305e-08,476.6874042161362,38114.546185852305
2026-09-09 02:11:00,4.770314490087912e-07,3.9651823158237676e-08,477.03144900879124,39651.823158237676
2026-09-09 02:12:00,4.7588173401891254e-07,4.0899553965800806e-08,475.88173401891254,40899.553965800806
2026-09-09 02:13:00,4.745407125028578e-07,4.167474187966036e-08,474.5407125028578,41674.74187966036
2026-09-09 02:14:00,4.72552414976235e-07,3.966686534795372e-08,472.552414976235,39666.86534795372
2026-09-09 02:15:00,4.7010522052914894e-07,3.765471490169148e-08,470.10522052914894,37654.71490169148
2026-09-09 02:16:00,4.6509524054272333e-07,3.7008774711466685e-08,465.09524054272333,37008.774711466685
2026-09-09 02:17:00,4.6500525741066667e-07,3.757912736546132e-08,465.0052574106667,37579.12736546132
2026-09-09 02:18:00,4.608884012213821e-07,4.1087989899324384e-08,460.8884012213821,41087.989899324384
2026-09-09 02:19:00,4.585485271491052e-07,4.237065454049116e-08,458.5485271491052,42370.65454049116
2026-09-09 02:20:00,4.5536751258623553e-07,4.3431892748913015e-08,455.36751258623553,43431.892748913015
2026-09-09 02:21:00,4.5732096509709663e-07,4.297166711353384e-08,457.32096509709663,42971.66711353384
2026-09-09 02:22:00,4.5552664573733637e-07,4.2372207076368795e-08,455.52664573733637,42372.207076368795
2026-09-09 02:23:00,4.532638229193253e-07,4.2070727346299464e-08,453.2638229193253,42070.72734629946
2026-09-09 02:24:00,4.537317579433875e-07,4.286347987658701e-08,453.7317579433875,42863.47987658701
2026-09-09 02:25:00,4.513882174705941e-07,4.387358032431621e-08,451.3882174705941,43873.58032431621
2026-09-09 02:26:00,4.4564828272086743e-07,4.256083485643103e-08,445.6482827208674,42560.83485643103
2026-09-09 02:27:00,4.435360949628375e-07,4.2831651114738634e-08,443.5360949628375,42831.65111473863
2026-09-09 02:28:00,4.4194482029524806e-07,4.134493281071627e-08,441.94482029524806,41344.93281071627
2026-09-09 02:29:00,4.3848874042851094e-07,4.3257916360062154e-08,438.48874042851094,43257.916360062154
2026-09-09 02:30:00,4.365557231267303e-07,4.43642704794911e-08,436.5557231267303,44364.2704794911
2026-09-09 02:31:00,4.33657362464146e-07,4.292499511393544e-08,433.657362464146,42924.99511393544
2026-09-09 02:32:00,4.295541771170974e-07,4.292499511393544e-08,429.5541771170974,42924.99511393544
2026-09-09 02:33:00,4.2646161091397516e-07,4.1959239638345025e-08,426.46161091397516,41959.239638345025
2026-09-09 02:34:00,4.2376916553621413e-07,4.2197839889013267e-08,423.76916553621413,42197.83988901327
2026-09-09 02:35:00,4.215302169541246e-07,4.098018990816854e-08,421.5302169541246,40980.18990816854
2026-09-09 02:36:00,4.1823517449302017e-07,4.162981781519193e-08,418.23517449302017,41629.81781519193
2026-09-09 02:37:00,4.139969291827583e-07,4.295973710100043e-08,413.9969291827583,42959.73710100043
2026-09-09 02:38:00,4.118930405638821e-07,4.240500572905148e-08,411.8930405638821,42405.00572905148
2026-09-09 02:39:00,4.107103563910641e-07,4.102841444364458e-08,410.7103563910641,41028.41444364458
2026-09-09 02:40:00,4.0790521893541154e-07,4.218532723143653e-08,407.90521893541154,42185.32723143653
2026-09-09 02:41:00,4.053578663842927e-07,4.242120965614049e-08,405.3578663842927,42421.20965614049
2026-09-09 02:42:00,4.0385791066910315e-07,4.261139352479404e-08,403.85791066910315,42611.39352479404
2026-09-09 02:43:00,4.013895420484914e-07,4.3732399035434355e-08,401.3895420484914,43732.399035434355
2026-09-09 02:44:00,3.98857537220465e-07,4.300757439068548e-08,398.857537220465,43007.57439068548
2026-09-09 02:45:00,3.981181748713425e-07,3.9258555517562854e-08,398.1181748713425,39258.555517562854
2026-09-09 02:46:00,3.950464417812327e-07,3.941380555261276e-08,395.0464417812327,39413.80555261276
2026-09-09 02:47:00,3.926518559183023e-07,3.907505430333913e-08,392.6518559183023,39075.05430333913
2026-09-09 02:48:00,3.9236854831870005e-07,3.9766739234892157e-08,392.36854831870005,39766.73923489216
2026-09-09 02:49:00,3.921580855603679e-07,3.94897980982023e-08,392.1580855603679,39489.7980982023
2026-09-09 02:50:00,3.9184001821013226e-07,4.155075217227022e-08,391.84001821013226,41550.75217227022
2026-09-09 02:51:00,3.8980567751423223e-07,4.2483161877271414e-08,389.80567751423223,42483.161877271414
2026-09-09 02:52:00,3.8792515510976955e-07,4.3547466077598074e-08,387.92515510976955,43547.466077598074
2026-09-09 02:53:00,3.8706542682120926e-07,4.1500864966792506e-08,387.06542682120926,41500.864966792506
2026-09-09 02:54:00,3.895718805324577e-07,4.1110197912530566e-08,389.5718805324577,41110.197912530566
2026-09-09 02:55:00,3.8743112895645027e-07,4.225470107144247e-08,387.43112895645027,42254.70107144247
2026-09-09 02:56:00,3.842434921352833e-07,4.374239992444018e-08,384.2434921352833,43742.39992444018
2026-09-09 02:57:00,3.831860624359251e-07,4.2957847057323306e-08,383.1860624359251,42957.847057323306
2026-09-09 02:58:00,3.7912988659627445e-07,4.3809052385768155e-08,379.12988659627445,43809.052385768155
2026-09-09 02:59:00,3.8084695574980287e-07,4.205876535934294e-08,380.8469557498029,42058.76535934294
2026-09-09 03:00:00,3.8021124737497303e-07,4.097809735981173e-08,380.211247374973,40978.09735981173
2026-09-09 03:01:00,3.8025828530408035e-07,4.1419859542202175e-08,380.25828530408035,41419.859542202175
2026-09-09 03:02:00,3.780712631851202e-07,4.0716312099675633e-08,378.0712631851202,40716.31209967563
2026-09-09 03:03:00,3.7768205629618024e-07,4.0731467976229396e-08,377.68205629618024,40731.467976229396
2026-09-09 03:04:00,3.794581289184862e-07,4.148470367226764e-08,379.4581289184862,41484.70367226764
2026-09-09 03:05:00,3.775400045924471e-07,4.1712159060125487e-08,377.5400045924471,41712.15906012549
2026-09-09 03:06:00,3.7901034488641017e-07,3.947122806380321e-08,379.01034488641017,39471.22806380321
2026-09-09 03:07:00,3.828199623967521e-07,4.076379056527912e-08,382.8199623967521,40763.79056527912
2026-09-09 03:08:00,3.8293754300866567e-07,4.3087133860808535e-08,382.93754300866567,43087.133860808535
2026-09-09 03:09:00,3.8365519117178337e-07,4.002792408641653e-08,383.6551911717834,40027.92408641653
2026-09-09 03:10:00,3.857240358229319e-07,4.061633518404051e-08,385.7240358229319,40616.33518404051
2026-09-09 03:11:00,3.8738093621759617e-07,4.059896951957853e-08,387.3809362175962,40598.96951957853
2026-09-09 03:12:00,3.871095088925358e-07,4.108881057618419e-08,387.1095088925358,41088.81057618419
2026-09-09 03:13:00,3.896506655109988e-07,3.9094107506798537e-08,389.6506655109988,39094.10750679854
2026-09-09 03:14:00,3.906040433321323e-07,4.061673664068621e-08,390.6040433321323,40616.73664068621
2026-09-09 03:15:00,3.8885050912540464e-07,4.285666577175107e-08,388.85050912540464,42856.66577175107
2026-09-09 03:16:00,3.8856791206853813e-07,4.416518706307215e-08,388.56791206853813,44165.18706307215
2026-09-09 03:17:00,3.833827975086024e-07,4.33145856959527e-08,383.3827975086024,43314.5856959527
2026-09-09 03:18:00,3.7846712075406685e-07,4.391916164081522e-08,378.46712075406685,43919.16164081522
2026-09-09 03:19:00,3.749536006125709e-07,4.595020541842132e-08,374.9536006125709,45950.20541842132
2026-09-09 03:20:00,3.7363551541602646e-07,4.434556544197221e-08,373.63551541602646,44345.56544197221
2026-09-09 03:21:00,3.757980380214576e-07,4.311744561391606e-08,375.7980380214576,43117.44561391606
2026-09-09 03:22:00,3.7506762851080566e-07,4.3197847077180995e-08,375.06762851080566,43197.847077180995
2026-09-09 03:23:00,3.741507157428714e-07,4.254358643152045e-08,374.1507157428714,42543.58643152045
2026-09-09 03:24:00,3.809369104601501e-07,4.3052601483850594e-08,380.9369104601501,43052.601483850594
2026-09-09 03:25:00,3.934698611374188e-07,4.478572179777984e-08,393.4698611374188,44785.72179777984
2026-09-09 03:26:00,3.8503949895130063e-07,4.4507775243118886e-08,385.03949895130063,44507.775243118886
2026-09-09 03:27:00,3.771141336983419e-07,4.494913596886363e-08,377.1141336983419,44949.13596886363
2026-09-09 03:28:00,3.7121176887922047e-07,4.404945386227155e-08,371.2117688792205,44049.45386227155
2026-09-09 03:29:00,3.662365202217188e-07,4.367152683926179e-08,366.2365202217188,43671.52683926179
2026-09-09 03:30:00,3.6362581568027963e-07,4.293485744710779e-08,363.62581568027963,42934.85744710779
2026-09-09 03:31:00,3.597225202156551e-07,4.1348187096446054e-08,359.7225202156551,41348.187096446054
2026-09-09 03:32:00,3.602142157888011e-07,4.083876703475653e-08,360.2142157888011,40838.76703475653
2026-09-09 03:33:00,3.600989941787702e-07,4.054667002151291e-08,360.0989941787702,40546.67002151291
2026-09-09 03:34:00,3.5785024010692723e-07,4.0543657320313287e-08,357.85024010692723,40543.65732031329
2026-09-09 03:35:00,3.583209604585136e-07,4.1673004602671426e-08,358.3209604585136,41673.004602671426
2026-09-09 03:36:00,3.5724059443964506e-07,4.108539641833886e-08,357.24059443964506,41085.39641833886
2026-09-09 03:37:00,3.5792101016340894e-07,4.0331155304329513e-08,357.92101016340894,40331.15530432951
2026-09-09 03:38:00,3.5583980206865817e-07,3.9725779998889266e-08,355.8398020686582,39725.779998889266
2026-09-09 03:39:00,3.55604839796797e-07,3.769714496115739e-08,355.604839796797,37697.14496115739
2026-09-09 03:40:00,3.5697760836228554e-07,3.92321197750789e-08,356.97760836228554,39232.1197750789
2026-09-09 03:41:00,3.575202356387308e-07,4.096825279020777e-08,357.5202356387308,40968.25279020777
2026-09-09 03:42:00,3.5508651308191475e-07,3.9544996610629823e-08,355.08651308191475,39544.99661062982
2026-09-09 03:43:00,3.572942830487591e-07,4.145648802023061e-08,357.2942830487591,41456.48802023061
2026-09-09 03:44:00,3.573771891751676e-07,3.834839290561831e-08,357.3771891751676,38348.39290561831
2026-09-09 03:45:00,3.5569695455706096e-07,3.774422197011518e-08,355.69695455706096,37744.22197011518
2026-09-09 03:46:00,3.572370701476757e-07,3.759676658887656e-08,357.2370701476757,37596.76658887656
2026-09-09 03:47:00,3.556007186489296e-07,3.343891918916597e-08,355.6007186489296,33438.91918916597
2026-09-09 03:48:00,3.562597612472018e-07,3.3946729871559e-08,356.2597612472018,33946.729871559
2026-09-09 03:49:00,3.556708918495133e-07,3.970499662386828e-08,355.6708918495133,39704.99662386828
2026-09-09 03:50:00,3.566813120414736e-07,3.4877530197263695e-08,356.6813120414736,34877.530197263695
2026-09-09 03:51:00,3.569286093352275e-07,3.566328743431768e-08,356.9286093352275,35663.28743431768
2026-09-09 03:52:00,3.6156131955067394e-07,3.775756951540643e-08,361.56131955067394,37757.56951540643
2026-09-09 03:53:00,3.617014101564564e-07,3.6840315686959e-08,361.7014101564564,36840.315686959
2026-09-09 03:54:00,3.628882154771418e-07,3.605415699325931e-08,362.8882154771418,36054.15699325931
2026-09-09 03:55:00,3.679794531308289e-07,3.82302474122298e-08,367.9794531308289,38230.2474122298
2026-09-09 03:56:00,3.7646702821803046e-07,3.657591918226899e-08,376.46702821803046,36575.91918226899
2026-09-09 03:57:00,3.817468154920789e-07,3.777071455601799e-08,381.7468154920789,37770.71455601799
2026-09-09 03:58:00,3.7846609757252736e-07,3.8228638032933304e-08,378.46609757252736,38228.638032933304
2026-09-09 03:59:00,3.722329608990549e-07,3.747459942360365e-08,372.2329608990549,37474.59942360365
2026-09-09 04:00:00,3.688701326609589e-07,3.4954918959329007e-08,368.8701326609589,34954.91895932901
2026-09-09 04:01:00,3.6734118680215033e-07,3.534719539288744e-08,367.34118680215033,35347.19539288744
2026-09-09 04:02:00,3.664375753942295e-07,3.5692593769454106e-08,366.4375753942295,35692.593769454106
2026-09-09 04:03:00,3.6373185707816447e-07,3.6901944611145154e-08,363.73185707816447,36901.944611145154
2026-09-09 04:04:00,3.6384767554409336e-07,3.7734576352477234e-08,363.84767554409336,37734.576352477234
2026-09-09 04:05:00,3.630010780852899e-07,3.5787550700661086e-08,363.0010780852899,35787.550700661086
2026-09-09 04:06:00,3.6242593637325626e-07,3.554313110498697e-08,362.42593637325626,35543.13110498697
2026-09-09 04:07:00,3.618721109432954e-07,3.7439868094679696e-08,361.8721109432954,37439.868094679696
2026-09-09 04:08:00,3.601317075663246e-07,3.622891142640583e-08,360.1317075663246,36228.91142640583
2026-09-09 04:09:00,3.5927180874750775e-07,3.596551678697324e-08,359.27180874750775,35965.51678697324
2026-09-09 04:10:00,3.599994329306355e-07,3.601319420454274e-08,359.9994329306355,36013.19420454274
2026-09-09 04:11:00,3.568032127532206e-07,3.583522811823059e-08,356.8032127532206,35835.22811823059
2026-09-09 04:12:00,3.5646047535919934e-07,3.722415087281661e-08,356.46047535919934,37224.15087281661
2026-09-09 04:13:00,3.558135688308539e-07,3.926914615703936e-08,355.8135688308539,39269.14615703936
2026-09-09 04:14:00,3.54354796172629e-07,3.871204867778033e-08,354.354796172629,38712.04867778033
2026-09-09 04:15:00,3.539201145486004e-07,3.961233474569781e-08,353.9201145486004,39612.33474569781
2026-09-09 04:16:00,3.5230848993705877e-07,3.9431554910152045e-08,352.30848993705877,39431.554910152045
2026-09-09 04:17:00,3.5015480648326047e-07,3.9216846658973736e-08,350.1548064832605,39216.846658973736
2026-09-09 04:18:00,3.483554280592216e-07,3.81529403625791e-08,348.3554280592216,38152.9403625791
2026-09-09 04:19:00,3.4943658988595416e-07,3.947762650113873e-08,349.43658988595416,39477.62650113873
2026-09-09 04:20:00,3.5135255416207656e-07,3.936249015623616e-08,351.35255416207656,39362.49015623616
2026-09-09 04:21:00,3.496705858196947e-07,3.878923493516595e-08,349.6705858196947,38789.23493516595
2026-09-09 04:22:00,3.49600412619111e-07,3.787338798133533e-08,349.600412619111,37873.38798133533
2026-09-09 04:23:00,3.479525219063362e-07,3.741345722119149e-08,347.9525219063362,37413.45722119149
2026-09-09 04:24:00,3.476497454357741e-07,3.651658531111934e-08,347.6497454357741,36516.58531111934
2026-09-09 04:25:00,3.4921120573017106e-07,3.5810625576004895e-08,349.21120573017106,35810.625576004895
2026-09-09 04:26:00,3.4864507370002684e-07,3.515435409440215e-08,348.64507370002684,35154.35409440215
2026-09-09 04:27:00,3.479301824427239e-07,3.474772825029504e-08,347.9301824427239,34747.72825029504
2026-09-09 04:28:00,3.4271843674105185e-07,3.44992905354502e-08,342.71843674105185,34499.2905354502
2026-09-09 04:29:00,2.8144538077867765e-07,3.552825944552751e-08,281.44538077867765,35528.25944552751
2026-09-09 04:30:00,8.944910234731651e-08,3.305886764337629e-08,89.44910234731651,33058.86764337629
2026-09-09 04:31:00,6.501014837567709e-08,3.172598539435967e-08,65.01014837567709,31725.985394359668
2026-09-09 04:32:00,0.0,0.0,0.0,0.0
2026-09-09 04:33:00,0.0,0.0,0.0,0.0
2026-09-09 04:34:00,0.0,0.0,0.0,0.0
2026-09-09 04:35:00,0.0,0.0,0.0,0.0
2026-09-09 04:36:00,0.0,0.0,0.0,0.0
2026-09-09 04:37:00,0.0,0.0,0.0,0.0
2026-09-09 04:38:00,0.0,0.0,0.0,0.0
2026-09-09 04:39:00,0.0,0.0,0.0,0.0
2026-09-09 04:40:00,0.0,0.0,0.0,0.0
2026-09-09 04:41:00,0.0,0.0,0.0,0.0
2026-09-09 04:42:00,0.0,0.0,0.0,0.0
2026-09-09 04:43:00,0.0,0.0,0.0,0.0
2026-09-09 04:44:00,0.0,0.0,0.0,0.0
2026-09-09 04:45:00,0.0,0.0,0.0,0.0
2026-09-09 04:46:00,0.0,0.0,0.0,0.0
2026-09-09 04:47:00,0.0,0.0,0.0,0.0
2026-09-09 04:48:00,0.0,0.0,0.0,0.0
2026-09-09 04:49:00,0.0,0.0,0.0,0.0
2026-09-09 04:50:00,0.0,0.0,0.0,0.0
2026-09-09 04:51:00,0.0,0.0,0.0,0.0
2026-09-09 04:52:00,0.0,0.0,0.0,0.0
2026-09-09 04:53:00,0.0,0.0,0.0,0.0
2026-09-09 04:54:00,0.0,0.0,0.0,0.0
2026-09-09 04:55:00,0.0,0.0,0.0,0.0
2026-09-09 04:56:00,0.0,0.0,0.0,0.0
2026-09-09 04:57:00,0.0,0.0,0.0,0.0
2026-09-09 04:58:00,0.0,0.0,0.0,0.0
2026-09-09 04:59:00,0.0,0.0,0.0,0.0
2026-09-09 05:00:00,0.0,0.0,0.0,0.0
2026-09-09 05:01:00,0.0,0.0,0.0,0.0
2026-09-09 05:02:00,0.0,0.0,0.0,0.0
2026-09-09 05:03:00,0.0,0.0,0.0,0.0
2026-09-09 05:04:00,0.0,0.0,0.0,0.0
2026-09-09 05:05:00,0.0,0.0,0.0,0.0
2026-09-09 05:06:00,0.0,0.0,0.0,0.0
2026-09-09 05:07:00,0.0,0.0,0.0,0.0
2026-09-09 05:08:00,0.0,0.0,0.0,0.0
2026-09-09 05:09:00,0.0,0.0,0.0,0.0
2026-09-09 05:10:00,0.0,0.0,0.0,0.0
2026-09-09 05:11:00,0.0,0.0,0.0,0.0
2026-09-09 05:12:00,0.0,0.0,0.0,0.0
2026-09-09 05:13:00,0.0,0.0,0.0,0.0
2026-09-09 05:14:00,0.0,0.0,0.0,0.0
2026-09-09 05:15:00,0.0,0.0,0.0,0.0
2026-09-09 05:16:00,0.0,0.0,0.0,0.0
2026-09-09 05:17:00,0.0,0.0,0.0,0.0
2026-09-09 05:18:00,0.0,0.0,0.0,0.0
2026-09-09 05:19:00,0.0,0.0,0.0,0.0
2026-09-09 05:20:00,0.0,0.0,0.0,0.0
2026-09-09 05:21:00,0.0,0.0,0.0,0.0
2026-09-09 05:22:00,0.0,0.0,0.0,0.0
2026-09-09 05:23:00,0.0,0.0,0.0,0.0
2026-09-09 05:24:00,7.611538421770092e-08,3.850674445970981e-08,76.11538421770092,38506.74445970981
2026-09-09 05:25:00,9.127489164484359e-08,3.8239651445337586e-08,91.27489164484359,38239.651445337586
2026-09-09 05:26:00,1.3631988338147494e-07,3.7292871013505646e-08,136.31988338147494,37292.871013505646
2026-09-09 05:27:00,2.628291326800536e-07,3.8731439389039224e-08,262.8291326800536,38731.439389039224
2026-09-09 05:28:00,3.6111796930526907e-07,3.854504271316728e-08,361.11796930526907,38545.04271316728
2026-09-09 05:29:00,3.666438885829848e-07,3.7740996106094826e-08,366.6438885829848,37740.996106094826
2026-09-09 05:30:00,3.654628812910232e-07,3.563284423080404e-08,365.4628812910232,35632.84423080404
2026-09-09 05:31:00,3.6205676678946475e-07,3.578612606247589e-08,362.05676678946475,35786.12606247589
2026-09-09 05:32:00,3.614602519519394e-07,3.6644262735308075e-08,361.4602519519394,36644.262735308075
2026-09-09 05:33:00,3.6001611647407117e-07,3.623006250563776e-08,360.01611647407117,36230.06250563776
2026-09-09 05:34:00,3.604665437251242e-07,3.837265083461716e-08,360.4665437251242,38372.65083461716
2026-09-09 05:35:00,3.5963918776360515e-07,3.6875672293490425e-08,359.63918776360515,36875.672293490425
2026-09-09 05:36:00,3.6044238527210837e-07,3.622420052806774e-08,360.44238527210837,36224.20052806774
2026-09-09 05:37:00,3.616494552716176e-07,3.8706176042069274e-08,361.6494552716176,38706.17604206927
2026-09-09 05:38:00,3.614766796999902e-07,3.6423490001880054e-08,361.4766796999902,36423.490001880054
2026-09-09 05:39:00,3.5773501849689637e-07,3.7868328917056715e-08,357.7350184968964,37868.328917056715
2026-09-09 05:40:00,3.57095444769584e-07,3.785202196127102e-08,357.095444769584,37852.02196127102
2026-09-09 05:41:00,3.575743505734863e-07,3.9014377506418896e-08,357.5743505734863,39014.377506418896
2026-09-09 05:42:00,3.5647440199682023e-07,3.952024485442962e-08,356.47440199682023,39520.24485442962
2026-09-09 05:43:00,3.5751608606915397e-07,3.892960620532904e-08,357.51608606915397,38929.60620532904
2026-09-09 05:44:00,3.58462898475409e-07,4.0170888837565144e-08,358.462898475409,40170.888837565144
2026-09-09 05:45:00,3.670600676741742e-07,3.9498964099493605e-08,367.0600676741742,39498.964099493605
2026-09-09 05:46:00,3.821876930487633e-07,4.1100751246858636e-08,382.1876930487633,41100.751246858636
2026-09-09 05:47:00,3.8432506244134856e-07,4.044607493369767e-08,384.32506244134856,40446.07493369767
2026-09-09 05:48:00,3.778118582431489e-07,3.8726547302303516e-08,377.8118582431489,38726.547302303516
2026-09-09 05:49:00,3.718901950833242e-07,3.751749488856149e-08,371.8901950833242,37517.49488856149
2026-09-09 05:50:00,3.643063166691718e-07,3.7156247856273694e-08,364.3063166691718,37156.247856273694
2026-09-09 05:51:00,3.6259615399103495e-07,3.6534821390432626e-08,362.59615399103495,36534.821390432626
2026-09-09 05:52:00,3.650656594800239e-07,3.535920001240811e-08,365.0656594800239,35359.20001240811
2026-09-09 05:53:00,3.6864304320261e-07,3.57725831179323e-08,368.64304320261,35772.5831179323
2026-09-09 05:54:00,3.7646401551683084e-07,3.986293251045936e-08,376.46401551683084,39862.93251045936
2026-09-09 05:55:00,3.8167621596585377e-07,3.960451877560445e-08,381.67621596585377,39604.51877560445
2026-09-09 05:56:00,3.918437982974865e-07,4.1425455066246286e-08,391.8437982974865,41425.455066246286
2026-09-09 05:57:00,4.1828451458059135e-07,4.329403680003452e-08,418.28451458059135,43294.03680003452
2026-09-09 05:58:00,4.929512442686246e-07,4.827408162100255e-08,492.9512442686246,48274.08162100255
2026-09-09 05:59:00,5.989180635879165e-07,5.523258650441676e-08,598.9180635879165,55232.58650441676
2026-09-09 06:00:00,6.798773597438412e-07,6.127368834540903e-08,679.8773597438412,61273.68834540903
2026-09-09 06:01:00,7.56248880406929e-07,6.610573421994559e-08,756.248880406929,66105.73421994559
2026-09-09 06:02:00,8.139697342812724e-07,6.967891863496334e-08,813.9697342812724,69678.91863496334
2026-09-09 06:03:00,8.801838475847035e-07,7.455859929450526e-08,880.1838475847035,74558.59929450526
2026-09-09 06:04:00,1.029548684527981e-06,8.755606017984974e-08,1029.548684527981,87556.06017984974
2026-09-09 06:05:00,1.388772830068774e-06,1.230842627819584e-07,1388.772830068774,123084.26278195839
2026-09-09 06:06:00,1.6072456219262676e-06,1.402044205178754e-07,1607.2456219262676,140204.4205178754
2026-09-09 06:07:00,1.6263320503639989e-06,1.330924561671054e-07,1626.3320503639989,133092.4561671054
2026-09-09 06:08:00,1.612642222426075e-06,1.2645158165014436e-07,1612.642222426075,126451.58165014436
2026-09-09 06:09:00,1.6256309436357697e-06,1.259974879985748e-07,1625.6309436357697,125997.4879985748
2026-09-09 06:10:00,1.6296045259878156e-06,1.2241699209880608e-07,1629.6045259878156,122416.99209880608
2026-09-09 06:11:00,1.6136214071593713e-06,1.1836252866714858e-07,1613.6214071593713,118362.52866714858
2026-09-09 06:12:00,1.6143834500326193e-06,1.1566635294002481e-07,1614.3834500326193,115666.35294002481
2026-09-09 06:13:00,1.603739519850933e-06,1.1342543615455725e-07,1603.739519850933,113425.43615455725
2026-09-09 06:14:00,1.5745540622447152e-06,1.0696598451431782e-07,1574.5540622447152,106965.98451431782
2026-09-09 06:15:00,1.5164289379754337e-06,1.0081380708015786e-07,1516.4289379754337,100813.80708015786
2026-09-09 06:16:00,1.444774170522578e-06,9.307660064905576e-08,1444.774170522578,93076.60064905576
2026-09-09 06:17:00,1.383025733048271e-06,8.697386988387734e-08,1383.025733048271,86973.86988387734
2026-09-09 06:18:00,1.3228432180767413e-06,8.224615299923244e-08,1322.8432180767413,82246.15299923244
2026-09-09 06:19:00,1.2664726227740175e-06,7.537418156289277e-08,1266.4726227740175,75374.18156289277
2026-09-09 06:20:00,1.207808054459747e-06,7.301852633645467e-08,1207.808054459747,73018.52633645467
2026-09-09 06:21:00,1.149177137449442e-06,6.810863339978823e-08,1149.177137449442,68108.63339978823
2026-09-09 06:22:00,1.0967693242491805e-06,6.264058782790016e-08,1096.7693242491805,62640.58782790016
2026-09-09 06:23:00,1.0475314411451109e-06,6.031819310692299e-08,1047.5314411451109,60318.19310692299
2026-09-09 06:24:00,1.0054212680188357e-06,5.990715123971313e-08,1005.4212680188357,59907.15123971313
2026-09-09 06:25:00,9.653131201048382e-07,5.792654889091864e-08,965.3131201048382,57926.54889091864
2026-09-09 06:26:00,9.342991234007059e-07,5.6582454277531724e-08,934.2991234007059,56582.454277531724
2026-09-09 06:27:00,9.123908739638864e-07,5.422185722636641e-08,912.3908739638864,54221.85722636641
2026-09-09 06:28:00,8.90472790615604e-07,5.443203576760425e-08,890.472790615604,54432.03576760425
2026-09-09 06:29:00,8.640804480819497e-07,5.270848646432569e-08,864.0804480819497,52708.48646432569
2026-09-09 06:30:00,8.390784387302119e-07,5.1362910369334713e-08,839.0784387302119,51362.91036933471
2026-09-09 06:31:00,8.070628041423333e-07,5.162014815596194e-08,807.0628041423333,51620.14815596194
2026-09-09 06:32:00,7.772819685669674e-07,4.72783519001041e-08,777.2819685669674,47278.3519001041
2026-09-09 06:33:00,7.489614972655545e-07,4.607928616451318e-08,748.9614972655545,46079.28616451318
2026-09-09 06:34:00,7.182411536632571e-07,4.496239469631291e-08,718.2411536632571,44962.39469631291
2026-09-09 06:35:00,6.890474537613045e-07,4.3040618180612e-08,689.0474537613045,43040.618180612
2026-09-09 06:36:00,6.641741379098676e-07,4.380414964089141e-08,664.1741379098676,43804.14964089141
2026-09-09 06:37:00,6.418204634428548e-07,4.2998305360697486e-08,641.8204634428548,42998.305360697486
2026-09-09 06:38:00,6.19133970758412e-07,4.263078068333925e-08,619.133970758412,42630.78068333925
2026-09-09 06:39:00,5.958121960247809e-07,4.6321190438902704e-08,595.8121960247809,46321.190438902704
2026-09-09 06:40:00,5.767878406004456e-07,4.2102300312762964e-08,576.7878406004456,42102.30031276296
2026-09-09 06:41:00,5.585145572695183e-07,4.2060442240199336e-08,558.5145572695183,42060.442240199336
2026-09-09 06:42:00,5.408022616393282e-07,3.937768866535407e-08,540.8022616393282,39377.68866535407
2026-09-09 06:43:00,5.238524067863182e-07,3.927331349018459e-08,523.8524067863182,39273.31349018459
2026-09-09 06:44:00,5.086208147986326e-07,3.99921340488163e-08,508.62081479863264,39992.1340488163
2026-09-09 06:45:00,4.93845845994656e-07,3.85930185586858e-08,493.845845994656,38593.0185586858
2026-09-09 06:46:00,4.806033189197478e-07,3.853517682728125e-08,480.60331891974784,38535.17682728125
2026-09-09 06:47:00,4.7034166072990047e-07,3.820931127052063e-08,470.34166072990047,38209.31127052063
2026-09-09 06:48:00,4.5989813202140795e-07,3.8231416255030126e-08,459.89813202140795,38231.416255030126
2026-09-09 06:49:00,4.51626334552202e-07,3.712977658665295e-08,451.626334552202,37129.77658665295
2026-09-09 06:50:00,4.459275544377306e-07,3.577752494265951e-08,445.9275544377306,35777.52494265951
2026-09-09 06:51:00,4.406578284488205e-07,3.6446682116775264e-08,440.6578284488205,36446.682116775264
2026-09-09 06:52:00,4.3626477008729125e-07,3.5772238504705456e-08,436.26477008729125,35772.238504705456
2026-09-09 06:53:00,4.3146351913492254e-07,3.37071170974923e-08,431.46351913492254,33707.1170974923
2026-09-09 06:54:00,4.2354380980214046e-07,3.301595086213638e-08,423.54380980214046,33015.95086213638
2026-09-09 06:55:00,4.1774018200158025e-07,3.3005445487788165e-08,417.74018200158025,33005.445487788165
2026-09-09 06:56:00,4.123904489006236e-07,3.516080582244285e-08,412.3904489006236,35160.80582244285
2026-09-09 06:57:00,4.086928697688563e-07,3.227349765211329e-08,408.6928697688563,32273.497652113292
2026-09-09 06:58:00,4.034557150589535e-07,3.211827603877282e-08,403.4557150589535,32118.27603877282
2026-09-09 06:59:00,3.99278576423967e-07,3.187046004882177e-08,399.278576423967,31870.46004882177
2026-09-09 07:00:00,3.9533992435281107e-07,3.1622271023934445e-08,395.33992435281107,31622.271023934445
2026-09-09 07:01:00,3.926058411707345e-07,3.213221688724843e-08,392.6058411707345,32132.216887248433
2026-09-09 07:02:00,3.883248211877799e-07,3.2594520860129705e-08,388.3248211877799,32594.520860129705
2026-09-09 07:03:00,3.870823945817392e-07,3.225209965762588e-08,387.0823945817392,32252.099657625877
2026-09-09 07:04:00,3.838715088022582e-07,3.4439509022377024e-08,383.8715088022582,34439.509022377024
2026-09-09 07:05:00,3.8330986740220396e-07,3.3747475924883474e-08,383.30986740220396,33747.475924883474
2026-09-09 07:06:00,3.8107762634354003e-07,3.187039254726187e-08,381.07762634354003,31870.392547261872
2026-09-09 07:07:00,3.769910392747988e-07,3.353579813847318e-08,376.9910392747988,33535.79813847318
2026-09-09 07:08:00,3.727207626980089e-07,3.396566228275333e-08,372.7207626980089,33965.66228275333
2026-09-09 07:09:00,3.7094187632646936e-07,3.4016615302334685e-08,370.94187632646936,34016.615302334685
2026-09-09 07:10:00,3.6951573179067054e-07,3.4795313297308894e-08,369.51573179067054,34795.313297308894
2026-09-09 07:11:00,3.6882951803818287e-07,3.546399440779169e-08,368.82951803818287,35463.99440779169
2026-09-09 07:12:00,3.67826061165033e-07,3.471038212410349e-08,367.826061165033,34710.38212410349
2026-09-09 07:13:00,3.6601358033294673e-07,3.6723136531691125e-08,366.01358033294673,36723.136531691125
2026-09-09 07:14:00,3.635404368651507e-07,3.625151023811668e-08,363.5404368651507,36251.51023811668
2026-09-09 07:15:00,3.610688281696639e-07,3.581311958100741e-08,361.0688281696639,35813.11958100741
2026-09-09 07:16:00,3.5862072422787605e-07,3.4584580532737164e-08,358.62072422787605,34584.58053273716
2026-09-09 07:17:00,3.5694330335900304e-07,3.434980300198731e-08,356.94330335900304,34349.80300198731
2026-09-09 07:18:00,3.5428016076366475e-07,3.46723894040224e-08,354.28016076366475,34672.3894040224
2026-09-09 07:19:00,3.525815941429755e-07,3.436012363522423e-08,352.5815941429755,34360.12363522423
2026-09-09 07:20:00,3.5128385889038327e-07,3.4256341763239107e-08,351.28385889038327,34256.34176323911
2026-09-09 07:21:00,3.506311827550235e-07,3.612643695305451e-08,350.6311827550235,36126.43695305451
2026-09-09 07:22:00,3.510478450152732e-07,3.6336089692667883e-08,351.0478450152732,36336.08969266788
2026-09-09 07:23:00,3.4988602237717714e-07,3.436531770262263e-08,349.88602237717714,34365.31770262263
2026-09-09 07:24:00,3.486753996639891e-07,3.270744741712406e-08,348.6753996639891,32707.447417124058
2026-09-09 07:25:00,3.478639882814605e-07,3.274324456015165e-08,347.8639882814605,32743.244560151652
2026-09-09 07:26:00,3.493289568723412e-07,3.24963167486203e-08,349.3289568723412,32496.316748620302
2026-09-09 07:27:00,3.486769060145889e-07,3.645488888537329e-08,348.6769060145889,36454.88888537329
2026-09-09 07:28:00,3.4924221381515963e-07,3.763019051916672e-08,349.24221381515963,37630.19051916672
2026-09-09 07:29:00,3.522537213029864e-07,3.6608188480613535e-08,352.2537213029864,36608.188480613535
2026-09-09 07:30:00,3.547635856193665e-07,3.719823737924344e-08,354.7635856193665,37198.23737924344
2026-09-09 07:31:00,3.642895762823173e-07,3.699705430904032e-08,364.2895762823173,36997.05430904032
2026-09-09 07:32:00,3.757165245588112e-07,3.850609076039291e-08,375.7165245588112,38506.09076039291
2026-09-09 07:33:00,3.788394167258957e-07,3.72129740355831e-08,378.8394167258957,37212.9740355831
2026-09-09 07:34:00,3.7729057567048585e-07,3.794659164668701e-08,377.29057567048585,37946.59164668701
2026-09-09 07:35:00,3.747165351342119e-07,3.755537392180486e-08,374.7165351342119,37555.37392180486
2026-09-09 07:36:00,3.7304332067833457e-07,3.764119327342996e-08,373.04332067833457,37641.19327342996
2026-09-09 07:37:00,3.7379140849225223e-07,3.845367047006221e-08,373.79140849225223,38453.67047006221
2026-09-09 07:38:00,3.734244842235057e-07,4.054675883935488e-08,373.4244842235057,40546.75883935488
2026-09-09 07:39:00,3.757994022635103e-07,3.906649226337322e-08,375.7994022635103,39066.49226337322
2026-09-09 07:40:00,3.776508208375162e-07,3.834504980204656e-08,377.6508208375162,38345.04980204656
2026-09-09 07:41:00,3.757391198178084e-07,3.862097841533796e-08,375.7391198178084,38620.97841533796
2026-09-09 07:42:00,3.7273471775733924e-07,3.699776485177608e-08,372.73471775733924,36997.76485177608
2026-09-09 07:43:00,3.6870702047053783e-07,3.719367214216618e-08,368.7070204705378,37193.67214216618
2026-09-09 07:44:00,3.6505588241197984e-07,3.794443870219766e-08,365.05588241197984,37944.43870219766
2026-09-09 07:45:00,3.6201771536070737e-07,3.902624712281977e-08,362.01771536070737,39026.24712281977
2026-09-09 07:46:00,3.595149280499754e-07,3.847981844273818e-08,359.5149280499754,38479.81844273818
2026-09-09 07:47:00,3.5739930126510444e-07,4.027482702895213e-08,357.39930126510444,40274.82702895213
2026-09-09 07:48:00,3.577515883534943e-07,4.254469487818824e-08,357.7515883534943,42544.69487818824
2026-09-09 07:49:00,3.560101333732746e-07,3.96093362553529e-08,356.0101333732746,39609.3362553529
2026-09-09 07:50:00,3.5369106399230077e-07,3.9428478260106203e-08,353.69106399230077,39428.4782601062
2026-09-09 07:51:00,3.535641326379846e-07,3.832767347944355e-08,353.5641326379846,38327.67347944355
2026-09-09 07:52:00,3.5133302844769787e-07,3.853910968132368e-08,351.33302844769787,38539.10968132368
2026-09-09 07:53:00,3.5064090297964867e-07,3.951376825739317e-08,350.6409029796487,39513.76825739317
2026-09-09 07:54:00,3.518349558362388e-07,3.9506307558667686e-08,351.8349558362388,39506.307558667686
2026-09-09 07:55:00,3.5206301163270837e-07,4.109689299980346e-08,352.06301163270837,41096.89299980346
2026-09-09 07:56:00,3.5308735846228956e-07,4.118523122542683e-08,353.08735846228956,41185.23122542683
2026-09-09 07:57:00,3.5112006457893585e-07,4.2743415917811944e-08,351.12006457893585,42743.415917811944
2026-09-09 07:58:00,3.493553037969832e-07,3.783030777526619e-08,349.3553037969832,37830.30777526619
2026-09-09 07:59:00,3.5232565664955473e-07,3.4424751049755287e-08,352.32565664955473,34424.75104975529
2026-09-09 08:00:00,3.509276211843826e-07,3.4639217716403436e-08,350.9276211843826,34639.21771640344
2026-09-09 08:01:00,3.484829278477264e-07,3.4995473185972514e-08,348.4829278477264,34995.473185972514
2026-09-09 08:02:00,3.474247307622136e-07,3.7375535555383976e-08,347.4247307622136,37375.535555383976
2026-09-09 08:03:00,3.4640390822460176e-07,3.882570354107884e-08,346.40390822460176,38825.70354107884
2026-09-09 08:04:00,3.468271358997299e-07,4.0038614201876044e-08,346.8271358997299,40038.614201876044
2026-09-09 08:05:00,3.475546748177294e-07,4.0015038393903524e-08,347.5546748177294,40015.038393903524
2026-09-09 08:06:00,3.454978241279605e-07,4.0293450354056404e-08,345.4978241279605,40293.450354056404
2026-09-09 08:07:00,3.4639933232938347e-07,4.073204351584536e-08,346.39933232938347,40732.04351584536
2026-09-09 08:08:00,3.462406539256335e-07,4.150001586822327e-08,346.2406539256335,41500.01586822327
2026-09-09 08:09:00,3.462656650299323e-07,4.032436251577565e-08,346.2656650299323,40324.36251577565
2026-09-09 08:10:00,3.4577814744807256e-07,4.128304453843157e-08,345.77814744807256,41283.04453843157
2026-09-09 08:11:00,3.4656460456972127e-07,4.031262079706721e-08,346.56460456972127,40312.62079706721
2026-09-09 08:12:00,3.486601087843155e-07,4.141566734006119e-08,348.6601087843155,41415.66734006119
2026-09-09 08:13:00,3.4652580893634877e-07,3.894411193527958e-08,346.52580893634877,38944.11193527958
2026-09-09 08:14:00,3.455150476838753e-07,3.9222452841158884e-08,345.5150476838753,39222.45284115888
2026-09-09 08:15:00,3.4515340985308285e-07,4.005547182828195e-08,345.15340985308285,40055.47182828195
2026-09-09 08:16:00,3.4357501021986536e-07,4.047707236054521e-08,343.57501021986536,40477.07236054521
2026-09-09 08:17:00,3.4462476605767733e-07,3.9239566262949666e-08,344.62476605767733,39239.566262949666
2026-09-09 08:18:00,3.4137616466978216e-07,3.991550912019193e-08,341.37616466978216,39915.50912019193
2026-09-09 08:19:00,3.4195826970062626e-07,3.856578700833779e-08,341.95826970062626,38565.78700833779
2026-09-09 08:20:00,3.411782927287277e-07,3.74715405371262e-08,341.1782927287277,37471.5405371262
2026-09-09 08:21:00,3.4005557836280786e-07,4.119971919180898e-08,340.05557836280786,41199.71919180898
2026-09-09 08:22:00,3.392183884898259e-07,4.149696408717318e-08,339.2183884898259,41496.96408717318
2026-09-09 08:23:00,3.3729799042703235e-07,3.9244547167527344e-08,337.29799042703235,39244.547167527344
2026-09-09 08:24:00,3.398968715373485e-07,3.941764603609954e-08,339.8968715373485,39417.64603609954
2026-09-09 08:25:00,3.406254620585969e-07,4.1024307506631885e-08,340.6254620585969,41024.307506631885
2026-09-09 08:26:00,3.425523971145594e-07,3.9124291362213626e-08,342.5523971145594,39124.291362213626
2026-09-09 08:27:00,3.417029006413941e-07,3.987925012438609e-08,341.7029006413941,39879.25012438609
2026-09-09 08:28:00,3.398432966150722e-07,4.11896436958159e-08,339.8432966150722,41189.6436958159
2026-09-09 08:29:00,3.388125833225786e-07,4.148664345393627e-08,338.8125833225786,41486.64345393627
2026-09-09 08:30:00,3.3963499390665675e-07,4.145129750554588e-08,339.63499390665675,41451.29750554588
2026-09-09 08:31:00,3.398206729343656e-07,4.06409377262662e-08,339.8206729343656,40640.9377262662
2026-09-09 08:32:00,3.4328371611991315e-07,3.723960517731939e-08,343.28371611991315,37239.60517731939
2026-09-09 08:33:00,3.481870862742653e-07,3.7725452983750074e-08,348.1870862742653,37725.452983750074
2026-09-09 08:34:00,3.7204588920758397e-07,3.898853861983298e-08,372.04588920758397,38988.53861983298
2026-09-09 08:35:00,3.993820314462937e-07,4.0155040181844015e-08,399.3820314462937,40155.040181844015
2026-09-09 08:36:00,4.0776649257168174e-07,4.072218828810037e-08,407.76649257168174,40722.18828810037
2026-09-09 08:37:00,4.091360210622952e-07,4.0213976149061637e-08,409.1360210622952,40213.97614906164
2026-09-09 08:38:00,4.071610817391047e-07,4.060543901118763e-08,407.1610817391047,40605.43901118763
2026-09-09 08:39:00,3.947180289287644e-07,4.2123236454472135e-08,394.7180289287644,42123.236454472135
2026-09-09 08:40:00,3.852861709674471e-07,4.0286039393322426e-08,385.2861709674471,40286.039393322426
2026-09-09 08:41:00,3.778546613375511e-07,4.0361896935792174e-08,377.8546613375511,40361.896935792174
2026-09-09 08:42:00,3.730955029368488e-07,4.0406675338999776e-08,373.0955029368488,40406.675338999776
2026-09-09 08:43:00,3.683959732825315e-07,4.080222026914271e-08,368.3959732825315,40802.22026914271
2026-09-09 08:44:00,3.6391085700415715e-07,4.151240773353493e-08,363.91085700415715,41512.40773353493
2026-09-09 08:45:00,3.59244353376198e-07,3.926544422938605e-08,359.244353376198,39265.44422938605
2026-09-09 08:46:00,3.575997880034265e-07,3.949924831658791e-08,357.5997880034265,39499.24831658791
2026-09-09 08:47:00,3.583460284062312e-07,3.929355330001272e-08,358.3460284062312,39293.55330001272
2026-09-09 08:48:00,3.5734950643018237e-07,4.15518783825064e-08,357.3495064301824,41551.8783825064
2026-09-09 08:49:00,3.5861765468325757e-07,4.068074588303716e-08,358.61765468325757,40680.74588303716
2026-09-09 08:50:00,3.6086518662159506e-07,4.0602127882038985e-08,360.86518662159506,40602.127882038985
2026-09-09 08:51:00,3.6475938713920186e-07,4.305228884504686e-08,364.75938713920186,43052.28884504686
2026-09-09 08:52:00,3.734642177732894e-07,4.316308732654761e-08,373.4642177732894,43163.08732654761
2026-09-09 08:53:00,3.9988162825466134e-07,4.381108098527875e-08,399.88162825466134,43811.08098527875
2026-09-09 08:54:00,4.820748245037976e-07,4.917129103887419e-08,482.0748245037976,49171.29103887419
2026-09-09 08:55:00,6.556762741638522e-07,6.321573664536118e-08,655.6762741638522,63215.736645361176
2026-09-09 08:56:00,8.694917710272421e-07,7.688282721574069e-08,869.4917710272421,76882.82721574069
2026-09-09 08:57:00,1.0573140798442182e-06,9.116430987887725e-08,1057.3140798442182,91164.30987887725
2026-09-09 08:58:00,1.271830001314811e-06,1.0943156070197801e-07,1271.830001314811,109431.56070197801
2026-09-09 08:59:00,1.5189294799711206e-06,1.3755328609477147e-07,1518.9294799711206,137553.28609477147
2026-09-09 09:00:00,1.7803972696128767e-06,1.6665485702560545e-07,1780.3972696128767,166654.85702560545
2026-09-09 09:01:00,2.0979964574507903e-06,1.9814791585304192e-07,2097.9964574507903,198147.91585304192
2026-09-09 09:02:00,2.4297553409269312e-06,2.3577401009333698e-07,2429.7553409269312,235774.01009333698
2026-09-09 09:03:00,2.7833887088490883e-06,2.7579028483160073e-07,2783.3887088490883,275790.28483160073
2026-09-09 09:04:00,3.089191295657656e-06,3.0073294965404784e-07,3089.191295657656,300732.94965404784
2026-09-09 09:05:00,3.295928763691336e-06,3.1013098578114295e-07,3295.928763691336,310130.98578114295
2026-09-09 09:06:00,3.4380586839688476e-06,3.0816667617727944e-07,3438.0586839688476,308166.67617727944
2026-09-09 09:07:00,3.5160858260496752e-06,2.985360367802059e-07,3516.0858260496752,298536.0367802059
2026-09-09 09:08:00,3.5274590572953457e-06,2.874670599339879e-07,3527.4590572953457,287467.0599339879
2026-09-09 09:09:00,3.4602023788465885e-06,2.718566349813045e-07,3460.2023788465885,271856.6349813045
2026-09-09 09:10:00,3.3453932246629847e-06,2.517562336379342e-07,3345.3932246629847,251756.2336379342
2026-09-09 09:11:00,3.217495077478816e-06,2.3244362523655582e-07,3217.495077478816,232443.62523655582
2026-09-09 09:12:00,3.10645282297628e-06,2.2006376809713402e-07,3106.45282297628,220063.76809713402
2026-09-09 09:13:00,2.964231953228591e-06,2.0347235363260552e-07,2964.231953228591,203472.35363260552
2026-09-09 09:14:00,2.8349952572170878e-06,1.9221150182602287e-07,2834.995257217088,192211.50182602287
2026-09-09 09:15:00,2.708220563363284e-06,1.802590645638702e-07,2708.220563363284,180259.0645638702
2026-09-09 09:16:00,2.5860649657261092e-06,1.6992930795822758e-07,2586.064965726109,169929.30795822758
2026-09-09 09:17:00,2.4734308681217954e-06,1.6219780718529364e-07,2473.4308681217954,162197.80718529364
2026-09-09 09:18:00,2.363537532801274e-06,1.52853388613039e-07,2363.537532801274,152853.388613039
2026-09-09 09:19:00,2.263284841319546e-06,1.4349298282922973e-07,2263.284841319546,143492.98282922973
2026-09-09 09:20:00,2.1805142296216218e-06,1.374830134182048e-07,2180.514229621622,137483.0134182048
2026-09-09 09:21:00,2.0994866645196453e-06,1.3095394990614295e-07,2099.4866645196453,130953.94990614295
2026-09-09 09:22:00,2.021800810325658e-06,1.2649609004711238e-07,2021.800810325658,126496.09004711238
2026-09-09 09:23:00,1.9450264971965225e-06,1.2056878517796576e-07,1945.0264971965225,120568.78517796576
2026-09-09 09:24:00,1.8743011196420412e-06,1.1663495058655826e-07,1874.3011196420412,116634.95058655826
2026-09-09 09:25:00,1.8072207694785902e-06,1.1046719805563043e-07,1807.2207694785902,110467.19805563043
2026-09-09 09:26:00,1.7500016156191123e-06,1.0732417621284185e-07,1750.0016156191123,107324.17621284185
2026-09-09 09:27:00,1.6984267858788371e-06,1.0397042871090889e-07,1698.426785878837,103970.42871090889
2026-09-09 09:28:00,1.6463581005154992e-06,1.0044799836350649e-07,1646.3581005154992,100447.99836350649
2026-09-09 09:29:00,1.5975377891663811e-06,9.812497125949449e-08,1597.5377891663811,98124.97125949449
2026-09-09 09:30:00,1.5508932165175793e-06,9.30850916347481e-08,1550.8932165175793,93085.0916347481
2026-09-09 09:31:00,1.5041421193018323e-06,9.041389859021365e-08,1504.1421193018323,90413.89859021365
2026-09-09 09:32:00,1.4681831999041606e-06,8.774574666858825e-08,1468.1831999041606,87745.74666858825
2026-09-09 09:33:00,1.4428300119107007e-06,8.642123106028521e-08,1442.8300119107007,86421.23106028521
2026-09-09 09:34:00,1.4227956626200466e-06,8.479467794586526e-08,1422.7956626200466,84794.67794586526
2026-09-09 09:35:00,1.409980086464202e-06,8.454416189351832e-08,1409.980086464202,84544.16189351832
2026-09-09 09:36:00,1.3889515457776724e-06,8.24327983650619e-08,1388.9515457776724,82432.7983650619
2026-09-09 09:37:00,1.361060867566266e-06,8.063132383995253e-08,1361.060867566266,80631.32383995253
2026-09-09 09:38:00,1.3337543123270734e-06,7.91183225601344e-08,1333.7543123270734,79118.3225601344
2026-09-09 09:39:00,1.3101744116283953e-06,7.746107399952962e-08,1310.1744116283953,77461.07399952962
2026-09-09 09:40:00,1.2885390106021077e-06,7.627870957094274e-08,1288.5390106021077,76278.70957094274
2026-09-09 09:41:00,1.2625370118257706e-06,7.70089840784749e-08,1262.5370118257706,77008.9840784749
2026-09-09 09:42:00,1.240450387740566e-06,7.608270635728331e-08,1240.450387740566,76082.70635728331
2026-09-09 09:43:00,1.2159277957835002e-06,7.442602623086714e-08,1215.9277957835002,74426.02623086714
2026-09-09 09:44:00,1.1931905419260147e-06,6.873651869909736e-08,1193.1905419260147,68736.51869909736
2026-09-09 09:45:00,1.1734547342712176e-06,7.139828994695563e-08,1173.4547342712176,71398.28994695563
2026-09-09 09:46:00,1.1546968607945018e-06,6.767041327293555e-08,1154.6968607945018,67670.41327293555
2026-09-09 09:47:00,1.1334831242493237e-06,6.79437022199636e-08,1133.4831242493237,67943.7022199636
2026-09-09 09:48:00,1.1165942623847513e-06,6.61812293856201e-08,1116.5942623847513,66181.2293856201
2026-09-09 09:49:00,1.0965402452711714e-06,6.715045230976102e-08,1096.5402452711714,67150.45230976102
2026-09-09 09:50:00,1.079223011402064e-06,6.421034015602345e-08,1079.223011402064,64210.34015602345
2026-09-09 09:51:00,1.058831344380451e-06,6.405961983091402e-08,1058.831344380451,64059.619830914016
2026-09-09 09:52:00,1.0428364021208836e-06,6.28625471676969e-08,1042.8364021208836,62862.5471676969
2026-09-09 09:53:00,1.0276957027599565e-06,6.285323195243109e-08,1027.6957027599565,62853.23195243109
2026-09-09 09:54:00,1.015727093545138e-06,6.37616395238183e-08,1015.7270935451379,63761.6395238183
2026-09-09 09:55:00,1.0031016017819638e-06,6.416620124127803e-08,1003.1016017819638,64166.20124127803
2026-09-09 09:56:00,9.905734259518795e-07,6.285783626935881e-08,990.5734259518795,62857.83626935881
2026-09-09 09:57:00,9.781372227735119e-07,6.31636964953941e-08,978.1372227735119,63163.696495394106
2026-09-09 09:58:00,9.678049082140205e-07,6.685502995651404e-08,967.8049082140205,66855.02995651404
2026-09-09 09:59:00,9.568602763465606e-07,6.406296648719945e-08,956.8602763465606,64062.96648719945
2026-09-09 10:00:00,9.440718145015126e-07,6.236013661009565e-08,944.0718145015126,62360.13661009565
2026-09-09 10:01:00,9.345584430775489e-07,6.129110374786251e-08,934.5584430775489,61291.10374786251
2026-09-09 10:02:00,9.248171295439533e-07,6.128119167669865e-08,924.8171295439533,61281.191676698654
2026-09-09 10:03:00,9.151325457423809e-07,6.120782813923142e-08,915.1325457423809,61207.828139231424
2026-09-09 10:04:00,9.050277753885894e-07,6.153025111643728e-08,905.0277753885894,61530.251116437285
2026-09-09 10:05:00,8.965378128777957e-07,6.025578613844118e-08,896.5378128777957,60255.78613844118
2026-09-09 10:06:00,8.893895255823736e-07,6.209734237927478e-08,889.3895255823736,62097.34237927478
2026-09-09 10:07:00,8.807534186416888e-07,6.114073869412096e-08,880.7534186416888,61140.738694120955
2026-09-09 10:08:00,8.720587061361584e-07,5.867985208851678e-08,872.0587061361584,58679.85208851678
2026-09-09 10:09:00,8.652839369460708e-07,5.751476095383623e-08,865.2839369460708,57514.76095383623
2026-09-09 10:10:00,8.583853627897042e-07,5.5702344070596155e-08,858.3853627897042,55702.344070596155
2026-09-09 10:11:00,8.530236073056585e-07,5.2595083843698376e-08,853.0236073056585,52595.083843698376
2026-09-09 10:12:00,8.472052286379039e-07,5.0988468558443856e-08,847.2052286379039,50988.468558443856
2026-09-09 10:13:00,8.412835086346604e-07,5.140540082493317e-08,841.2835086346604,51405.40082493317
2026-09-09 10:14:00,8.333988148478966e-07,5.169923156245204e-08,833.3988148478966,51699.23156245204
2026-09-09 10:15:00,8.262492201538407e-07,5.510526079888223e-08,826.2492201538407,55105.26079888223
2026-09-09 10:16:00,8.210244004658307e-07,5.6047369412226544e-08,821.0244004658307,56047.369412226544
2026-09-09 10:17:00,8.147060270857764e-07,5.553226856136462e-08,814.7060270857764,55532.26856136462
2026-09-09 10:18:00,8.063110499278991e-07,5.528948321398275e-08,806.3110499278991,55289.48321398275
2026-09-09 10:19:00,8.009459975255595e-07,5.638612421421385e-08,800.9459975255595,56386.12421421385
2026-09-09 10:20:00,7.971178206389595e-07,5.621955168066961e-08,797.1178206389595,56219.55168066961
2026-09-09 10:21:00,7.924022042971046e-07,5.366393907024758e-08,792.4022042971046,53663.93907024758
2026-09-09 10:22:00,7.904043854978227e-07,5.509501121991889e-08,790.4043854978227,55095.01121991889
2026-09-09 10:23:00,7.873599656704755e-07,5.49595000620684e-08,787.3599656704755,54959.5000620684
2026-09-09 10:24:00,7.890703273005784e-07,5.291326132805807e-08,789.0703273005784,52913.26132805807
2026-09-09 10:25:00,8.099094088720449e-07,5.212965348277976e-08,809.9094088720449,52129.65348277976
2026-09-09 10:26:00,9.035680932356627e-07,5.9506906069373144e-08,903.5680932356627,59506.906069373144
2026-09-09 10:27:00,1.1229420806557755e-06,7.779992472478625e-08,1122.9420806557755,77799.92472478625
2026-09-09 10:28:00,1.3997449741509627e-06,9.150716806516357e-08,1399.7449741509627,91507.16806516357
2026-09-09 10:29:00,1.933266503328923e-06,1.544002117270793e-07,1933.2665033289231,154400.2117270793
2026-09-09 10:30:00,2.900820163631579e-06,2.8024408038618276e-07,2900.820163631579,280244.08038618276
2026-09-09 10:31:00,3.2393725177826127e-06,3.180338410402328e-07,3239.3725177826127,318033.8410402328
2026-09-09 10:32:00,3.2962959721771767e-06,3.174453695464763e-07,3296.2959721771767,317445.3695464763
2026-09-09 10:33:00,3.136811528747785e-06,2.734360293743521e-07,3136.811528747785,273436.0293743521
2026-09-09 10:34:00,2.864428779503214e-06,2.188790801938012e-07,2864.428779503214,218879.0801938012
2026-09-09 10:35:00,2.550880935814348e-06,1.68573109249337e-07,2550.880935814348,168573.109249337
2026-09-09 10:36:00,2.250946408821619e-06,1.338352433322143e-07,2250.946408821619,133835.2433322143
2026-09-09 10:37:00,1.9885774236172438e-06,1.1201586858078372e-07,1988.5774236172438,112015.86858078372
2026-09-09 10:38:00,1.7763167079465347e-06,9.448331184103154e-08,1776.3167079465347,94483.31184103154
2026-09-09 10:39:00,1.6101556639114278e-06,8.510019000596003e-08,1610.1556639114278,85100.19000596003
2026-09-09 10:40:00,1.4787178770347964e-06,7.89716025906273e-08,1478.7178770347964,78971.6025906273
2026-09-09 10:41:00,1.366492369925254e-06,7.622885789260181e-08,1366.492369925254,76228.85789260181
2026-09-09 10:42:00,1.276228204005747e-06,7.135032831229182e-08,1276.228204005747,71350.32831229182
2026-09-09 10:43:00,1.2027878710796358e-06,6.753168690920575e-08,1202.7878710796358,67531.68690920575
2026-09-09 10:44:00,1.1388038956283708e-06,6.668517471553059e-08,1138.8038956283708,66685.1747155306
2026-09-09 10:45:00,1.0840770983122638e-06,6.033841515318272e-08,1084.0770983122638,60338.41515318272
2026-09-09 10:46:00,1.0363839919591555e-06,5.808559677689118e-08,1036.3839919591555,58085.59677689118
2026-09-09 10:47:00,9.996479093388189e-07,5.859948259967496e-08,999.6479093388189,58599.48259967496
2026-09-09 10:48:00,9.678270771473763e-07,5.6033591988580156e-08,967.8270771473763,56033.591988580156
2026-09-09 10:49:00,9.363101867165824e-07,5.251584767052009e-08,936.3101867165824,52515.84767052009
2026-09-09 10:50:00,9.081122129828145e-07,5.0958941955059345e-08,908.1122129828145,50958.941955059345
2026-09-09 10:51:00,8.823821531223075e-07,4.940318731883053e-08,882.3821531223075,49403.18731883053
2026-09-09 10:52:00,8.608466828263772e-07,4.857498225874224e-08,860.8466828263772,48574.98225874224
2026-09-09 10:53:00,8.421401958003116e-07,5.423012794381066e-08,842.1401958003116,54230.12794381066
2026-09-09 10:54:00,8.271859996966668e-07,5.406581848887981e-08,827.1859996966668,54065.81848887981
2026-09-09 10:55:00,8.153352268891467e-07,5.538843694807838e-08,815.3352268891467,55388.43694807838
2026-09-09 10:56:00,8.027671469790221e-07,5.459051877210186e-08,802.7671469790221,54590.51877210186
2026-09-09 10:57:00,7.945554898469709e-07,5.102743116935926e-08,794.5554898469709,51027.43116935926
2026-09-09 10:58:00,7.853864190110471e-07,4.929653840690662e-08,785.3864190110471,49296.53840690662
2026-09-09 10:59:00,7.776314987495425e-07,4.992669744297018e-08,777.6314987495425,49926.69744297018
2026-09-09 11:00:00,7.706535143370274e-07,4.634261330238587e-08,770.6535143370274,46342.61330238587
2026-09-09 11:01:00,7.630329719177098e-07,4.60376874400481e-08,763.0329719177098,46037.6874400481
2026-09-09 11:02:00,7.61389571835025e-07,4.5699206197014064e-08,761.389571835025,45699.206197014064
2026-09-09 11:03:00,7.538702107012796e-07,4.2388027310380494e-08,753.8702107012796,42388.027310380494
2026-09-09 11:04:00,7.52921778257587e-07,4.5609752419295546e-08,752.921778257587,45609.752419295546
2026-09-09 11:05:00,7.44343708447559e-07,4.06837727950915e-08,744.343708447559,40683.7727950915
2026-09-09 11:06:00,7.417921210617351e-07,4.047297608167355e-08,741.7921210617351,40472.97608167355
2026-09-09 11:07:00,7.321594921450014e-07,4.1290810770533426e-08,732.1594921450014,41290.810770533426
2026-09-09 11:08:00,7.271617050719215e-07,4.1251684734788796e-08,727.1617050719215,41251.684734788796
2026-09-09 11:09:00,7.252144200720068e-07,4.162781763739076e-08,725.2144200720068,41627.81763739076
2026-09-09 11:10:00,7.216963240352925e-07,4.078397708440207e-08,721.6963240352925,40783.97708440207
2026-09-09 11:11:00,7.233515475491004e-07,4.329454128537691e-08,723.3515475491004,43294.54128537691
2026-09-09 11:12:00,7.23333300811646e-07,4.028271405331907e-08,723.333300811646,40282.71405331907
2026-09-09 11:13:00,7.223055717986426e-07,3.967708295249395e-08,722.3055717986426,39677.08295249395
2026-09-09 11:14:00,7.206416512417491e-07,4.0400401246643014e-08,720.6416512417491,40400.401246643014
2026-09-09 11:15:00,7.156795049922948e-07,4.0600053097250566e-08,715.6795049922948,40600.053097250566
2026-09-09 11:16:00,7.086972004799463e-07,3.991706876149692e-08,708.6972004799463,39917.06876149692
2026-09-09 11:17:00,7.048486736493942e-07,4.225153560355466e-08,704.8486736493942,42251.53560355466
2026-09-09 11:18:00,6.996596084718476e-07,4.275207743376086e-08,699.6596084718476,42752.07743376086
2026-09-09 11:19:00,6.937536909390474e-07,4.1923282623201885e-08,693.7536909390474,41923.282623201885
2026-09-09 11:20:00,6.87703675339435e-07,4.1651709636880696e-08,687.703675339435,41651.709636880696
2026-09-09 11:21:00,6.832203780504642e-07,4.1156788199714356e-08,683.2203780504642,41156.788199714356
2026-09-09 11:22:00,6.790757538510661e-07,4.0248334443049316e-08,679.0757538510661,40248.334443049316
2026-09-09 11:23:00,6.78232083828334e-07,4.062542302563088e-08,678.232083828334,40625.42302563088
2026-09-09 11:24:00,6.771684866180294e-07,4.277008969211238e-08,677.1684866180294,42770.08969211238
2026-09-09 11:25:00,6.735052124895446e-07,4.120119712069936e-08,673.5052124895446,41201.19712069936
2026-09-09 11:26:00,6.706572435177804e-07,3.9502694448856346e-08,670.6572435177804,39502.694448856346
2026-09-09 11:27:00,6.683683864139311e-07,3.962518135836035e-08,668.3683864139311,39625.18135836035
2026-09-09 11:28:00,6.64476999645558e-07,4.088663274615101e-08,664.476999645558,40886.63274615101
2026-09-09 11:29:00,6.62926368022454e-07,4.012283127963201e-08,662.926368022454,40122.83127963201
2026-09-09 11:30:00,6.60260866425233e-07,4.267948838787561e-08,660.260866425233,42679.48838787561
2026-09-09 11:31:00,6.605062594644551e-07,4.171007361719603e-08,660.5062594644551,41710.07361719603
2026-09-09 11:32:00,6.575913857886917e-07,4.372974515831629e-08,657.5913857886917,43729.74515831629
2026-09-09 11:33:00,6.531781195917574e-07,4.277788079320999e-08,653.1781195917574,42777.88079320999
2026-09-09 11:34:00,6.51458208267286e-07,4.209431025969934e-08,651.458208267286,42094.31025969934
2026-09-09 11:35:00,6.475309533016116e-07,4.197801217742381e-08,647.5309533016116,41978.01217742381
2026-09-09 11:36:00,6.443902407227142e-07,4.3208210342982056e-08,644.3902407227142,43208.210342982056
2026-09-09 11:37:00,6.407142336684046e-07,4.288745358849155e-08,640.7142336684046,42887.45358849155
2026-09-09 11:38:00,6.370253800014325e-07,4.4447293845450986e-08,637.0253800014325,44447.293845450986
2026-09-09 11:39:00,6.339312221825821e-07,4.382814822179171e-08,633.9312221825821,43828.14822179171
2026-09-09 11:40:00,6.316994358712691e-07,4.289113064714911e-08,631.6994358712691,42891.13064714911
2026-09-09 11:41:00,6.27784743301163e-07,4.614485149545544e-08,627.784743301163,46144.85149545544
2026-09-09 11:42:00,6.282357389864046e-07,4.495496597201054e-08,628.2357389864046,44954.96597201054
2026-09-09 11:43:00,6.24501751644857e-07,4.444325796271187e-08,624.501751644857,44443.25796271187
2026-09-09 11:44:00,6.220093382580671e-07,4.6733536152032684e-08,622.0093382580671,46733.536152032684
2026-09-09 11:45:00,6.206404350450612e-07,4.840524070459651e-08,620.6404350450612,48405.24070459651
2026-09-09 11:46:00,6.184880021464778e-07,4.9049660333366774e-08,618.4880021464778,49049.66033336677
2026-09-09 11:47:00,6.145853035377513e-07,5.053253460118867e-08,614.5853035377513,50532.53460118867
2026-09-09 11:48:00,6.130680958449375e-07,5.0052648248311016e-08,613.0680958449375,50052.648248311016
2026-09-09 11:49:00,6.147120075183921e-07,5.0522896088978086e-08,614.712007518392,50522.89608897809
2026-09-09 11:50:00,6.123894991105772e-07,5.078810971781422e-08,612.3894991105772,50788.10971781422
2026-09-09 11:51:00,6.098642870711046e-07,4.960015331789691e-08,609.8642870711046,49600.15331789691
2026-09-09 11:52:00,6.088356485633994e-07,4.986343782320546e-08,608.8356485633994,49863.43782320546
2026-09-09 11:53:00,6.040237963134132e-07,5.0634767490009835e-08,604.0237963134132,50634.767490009835
2026-09-09 11:54:00,6.00407645379164e-07,5.2104137893138613e-08,600.407645379164,52104.13789313861
2026-09-09 11:55:00,5.95389053614781e-07,5.238304012777917e-08,595.389053614781,52383.04012777917
2026-09-09 11:56:00,5.933738407293276e-07,5.514760559321985e-08,593.3738407293276,55147.60559321985
2026-09-09 11:57:00,5.907785407543997e-07,5.6456688213302186e-08,590.7785407543997,56456.688213302186
2026-09-09 11:58:00,5.865123284820584e-07,5.441272321604629e-08,586.5123284820584,54412.72321604629
2026-09-09 11:59:00,5.814046630803205e-07,5.276378090002254e-08,581.4046630803205,52763.78090002254
2026-09-09 12:00:00,5.791401349597436e-07,4.8332719160271154e-08,579.1401349597436,48332.719160271154
2026-09-09 12:01:00,5.769991275883513e-07,5.030569738551094e-08,576.9991275883513,50305.69738551094
2026-09-09 12:02:00,5.712211645914067e-07,5.371834177481105e-08,571.2211645914067,53718.34177481105
2026-09-09 12:03:00,5.695089839719003e-07,5.47076197676688e-08,569.5089839719003,54707.6197676688
2026-09-09 12:04:00,5.69928943150444e-07,5.465959418415878e-08,569.928943150444,54659.59418415878
2026-09-09 12:05:00,5.709475203730108e-07,5.5003109622475677e-08,570.9475203730108,55003.10962247568
2026-09-09 12:06:00,5.687167572432372e-07,5.838489158804805e-08,568.7167572432372,58384.89158804805
2026-09-09 12:07:00,5.670544851454906e-07,5.873014430335388e-08,567.0544851454906,58730.14430335388
2026-09-09 12:08:00,5.616263933916343e-07,5.8961212801023066e-08,561.6263933916343,58961.212801023066
2026-09-09 12:09:00,5.56201996460004e-07,6.046124667591357e-08,556.201996460004,60461.24667591357
2026-09-09 12:10:00,5.530938551601139e-07,5.765675226143685e-08,553.0938551601139,57656.75226143685
2026-09-09 12:11:00,5.498641826306994e-07,5.5947051436078254e-08,549.8641826306994,55947.051436078254
2026-09-09 12:12:00,5.482919505084283e-07,5.5405628529570095e-08,548.2919505084283,55405.628529570095
2026-09-09 12:13:00,5.468211838888237e-07,5.747311249137965e-08,546.8211838888237,57473.11249137965
2026-09-09 12:14:00,5.464559080792242e-07,6.058736801151099e-08,546.4559080792242,60587.36801151099
2026-09-09 12:15:00,5.477345439430792e-07,5.899994448554935e-08,547.7345439430792,58999.94448554935
2026-09-09 12:16:00,5.466741299642308e-07,6.042012046236778e-08,546.6741299642308,60420.12046236778
2026-09-09 12:17:00,5.443756094791752e-07,6.20624973635131e-08,544.3756094791752,62062.4973635131
2026-09-09 12:18:00,5.436658625512791e-07,6.120340145798764e-08,543.6658625512791,61203.40145798764
2026-09-09 12:19:00,5.461866976474994e-07,6.324118118072874e-08,546.1866976474994,63241.181180728745
2026-09-09 12:20:00,5.469914299283118e-07,6.447253042551893e-08,546.9914299283118,64472.530425518926
2026-09-09 12:21:00,5.457017664411978e-07,6.427751486626221e-08,545.7017664411978,64277.51486626221
2026-09-09 12:22:00,5.419716444521328e-07,6.853015577235055e-08,541.9716444521328,68530.15577235055
2026-09-09 12:23:00,5.394102799982647e-07,6.730843438162992e-08,539.4102799982647,67308.43438162992
2026-09-09 12:24:00,5.393617357185576e-07,6.717881007034521e-08,539.3617357185576,67178.81007034521
2026-09-09 12:25:00,5.389490524976281e-07,6.700135202208912e-08,538.9490524976281,67001.35202208912
2026-09-09 12:26:00,5.355714165489189e-07,6.582920519804247e-08,535.5714165489189,65829.20519804247
2026-09-09 12:27:00,5.343831617210526e-07,6.525363005494e-08,534.3831617210526,65253.630054940004
2026-09-09 12:28:00,5.285162387735909e-07,6.541005603821759e-08,528.5162387735909,65410.05603821759
2026-09-09 12:29:00,5.249897299108852e-07,6.24336990995289e-08,524.9897299108852,62433.699099528894
2026-09-09 12:30:00,5.21384208695963e-07,6.244719941150834e-08,521.384208695963,62447.199411508336
2026-09-09 12:31:00,5.16651482485031e-07,6.00388787574957e-08,516.651482485031,60038.878757495695
2026-09-09 12:32:00,5.13034024152148e-07,6.172831490403041e-08,513.034024152148,61728.31490403041
2026-09-09 12:33:00,5.128265456733061e-07,6.191520895981739e-08,512.8265456733061,61915.20895981739
2026-09-09 12:34:00,5.128782163410506e-07,6.502578742129117e-08,512.8782163410506,65025.78742129117
2026-09-09 12:35:00,5.160914611224143e-07,7.084267394930066e-08,516.0914611224143,70842.67394930066
2026-09-09 12:36:00,5.215564442551113e-07,7.436737092803014e-08,521.5564442551113,74367.37092803014
2026-09-09 12:37:00,5.172562396182911e-07,7.352543462957328e-08,517.2562396182911,73525.43462957328
2026-09-09 12:38:00,5.136401455274608e-07,7.221113662581047e-08,513.6401455274608,72211.13662581047
2026-09-09 12:39:00,5.133512104293914e-07,7.087773923331042e-08,513.3512104293914,70877.73923331042
2026-09-09 12:40:00,5.091089860798093e-07,7.131807677751567e-08,509.10898607980926,71318.07677751567
2026-09-09 12:41:00,5.071722739558027e-07,7.169321492028757e-08,507.17227395580267,71693.21492028757
2026-09-09 12:42:00,5.062833565716574e-07,7.360465303918318e-08,506.28335657165735,73604.65303918318
2026-09-09 12:43:00,5.052108917880105e-07,7.239855648322191e-08,505.2108917880105,72398.55648322191
2026-09-09 12:44:00,5.037879304836679e-07,7.152653580533297e-08,503.7879304836679,71526.53580533297
2026-09-09 12:45:00,5.032972580920614e-07,7.117664324596262e-08,503.2972580920614,71176.64324596262
2026-09-09 12:46:00,5.023399580750265e-07,6.970321209109898e-08,502.3399580750265,69703.21209109898
2026-09-09 12:47:00,4.994954565518128e-07,7.136101487503765e-08,499.4954565518128,71361.01487503765
2026-09-09 12:48:00,4.973094291926827e-07,7.02818283571105e-08,497.3094291926827,70281.8283571105
2026-09-09 12:49:00,4.987152237845294e-07,7.201793295052994e-08,498.71522378452937,72017.93295052994
2026-09-09 12:50:00,5.001556928618811e-07,7.495665244050542e-08,500.1556928618811,74956.65244050542
2026-09-09 12:51:00,5.008802759220998e-07,7.74368942302317e-08,500.8802759220998,77436.8942302317
2026-09-09 12:52:00,5.020698949920188e-07,7.868250406772859e-08,502.0698949920188,78682.50406772859
2026-09-09 12:53:00,5.015670581087761e-07,8.000835549637486e-08,501.5670581087761,80008.35549637486
2026-09-09 12:54:00,5.007683512303629e-07,8.182411903590037e-08,500.7683512303629,81824.11903590037
2026-09-09 12:55:00,4.99752673022158e-07,7.996955986300236e-08,499.752673022158,79969.55986300236
2026-09-09 12:56:00,4.964874165125366e-07,7.947615188186319e-08,496.4874165125366,79476.15188186319
2026-09-09 12:57:00,4.936786126563675e-07,8.200539269864748e-08,493.6786126563675,82005.39269864748
2026-09-09 12:58:00,4.963708875038719e-07,7.944161239947789e-08,496.3708875038719,79441.61239947789
2026-09-09 12:59:00,4.962289494869765e-07,7.793345702111765e-08,496.2289494869765,77933.45702111765
2026-09-09 13:00:00,4.979622190148802e-07,7.846539773481709e-08,497.96221901488025,78465.39773481709
2026-09-09 13:01:00,4.962337811775797e-07,7.721514094782833e-08,496.23378117757966,77215.14094782833
2026-09-09 13:02:00,4.937998028253787e-07,7.885847708166693e-08,493.7998028253787,78858.47708166693
2026-09-09 13:03:00,4.93795994316315e-07,8.149591224082542e-08,493.79599431631505,81495.91224082542
2026-09-09 13:04:00,4.89838384964969e-07,8.211060986695884e-08,489.838384964969,82110.60986695884
2026-09-09 13:05:00,4.936193249704957e-07,8.672487439298493e-08,493.61932497049565,86724.87439298493
2026-09-09 13:06:00,4.929230499328696e-07,8.643728222068603e-08,492.9230499328696,86437.28222068603
2026-09-09 13:07:00,4.912059807793412e-07,8.719568000969957e-08,491.2059807793412,87195.68000969957
2026-09-09 13:08:00,4.920649985251657e-07,8.670052409343043e-08,492.0649985251657,86700.52409343043
2026-09-09 13:09:00,4.934611865792249e-07,9.019397140264118e-08,493.4611865792249,90193.97140264118
2026-09-09 13:10:00,4.925474286210374e-07,9.020532587555863e-08,492.5474286210374,90205.32587555863
2026-09-09 13:11:00,4.932145429847878e-07,9.331762385045295e-08,493.21454298478784,93317.62385045295
2026-09-09 13:12:00,4.963054607287631e-07,9.407602874489385e-08,496.30546072876314,94076.02874489385
2026-09-09 13:13:00,4.971866474079434e-07,9.27736678590918e-08,497.1866474079434,92773.6678590918
2026-09-09 13:14:00,4.950141487825022e-07,9.194967276471289e-08,495.01414878250216,91949.67276471289
2026-09-09 13:15:00,4.970905251866498e-07,9.125007238708349e-08,497.09052518664976,91250.07238708349
2026-09-09 13:16:00,5.011896746509592e-07,9.124600097720759e-08,501.1896746509592,91246.00097720759
2026-09-09 13:17:00,5.038359631726053e-07,9.097499287236133e-08,503.83596317260526,90974.99287236133
2026-09-09 13:18:00,5.04754098074045e-07,8.948575214162702e-08,504.75409807404503,89485.75214162702
2026-09-09 13:19:00,5.054341727372957e-07,9.237817266694037e-08,505.43417273729574,92378.17266694037
2026-09-09 13:20:00,5.061118599769543e-07,9.063412420573513e-08,506.1118599769543,90634.12420573513
2026-09-09 13:21:00,5.045277475801413e-07,9.06931205690853e-08,504.5277475801413,90693.1205690853
2026-09-09 13:22:00,5.062779564468656e-07,9.18475109301653e-08,506.2779564468656,91847.5109301653
2026-09-09 13:23:00,5.05260913996608e-07,9.663438760298959e-08,505.260913996608,96634.38760298959
2026-09-09 13:24:00,5.055445058133046e-07,9.226852881738523e-08,505.54450581330457,92268.52881738523
2026-09-09 13:25:00,5.066786457064154e-07,9.400579159546396e-08,506.6786457064154,94005.79159546396
2026-09-09 13:26:00,5.026869303037529e-07,9.485772523021296e-08,502.6869303037529,94857.72523021296
2026-09-09 13:27:00,5.009658252674853e-07,9.293911773511354e-08,500.96582526748534,92939.11773511354
2026-09-09 13:28:00,4.97838584578858e-07,9.138758372273514e-08,497.838584578858,91387.58372273514
2026-09-09 13:29:00,4.959479156241287e-07,9.590713290208441e-08,495.94791562412865,95907.13290208441
2026-09-09 13:30:00,4.948646505908982e-07,9.648884002899649e-08,494.86465059089824,96488.84002899649
2026-09-09 13:31:00,4.940998223901261e-07,9.874725748204582e-08,494.09982239012606,98747.25748204582
2026-09-09 13:32:00,4.943597105011577e-07,9.838192482902741e-08,494.3597105011577,98381.92482902741
2026-09-09 13:33:00,4.875590207120695e-07,9.394970135190306e-08,487.55902071206947,93949.70135190306
2026-09-09 13:34:00,4.852946631217492e-07,9.461145822342587e-08,485.2946631217492,94611.45822342587
2026-09-09 13:35:00,4.781980464940716e-07,9.202933881624631e-08,478.1980464940716,92029.33881624631
2026-09-09 13:36:00,4.7471905872953357e-07,8.826411601603468e-08,474.7190587295336,88264.11601603468
2026-09-09 13:37:00,4.7468165575992316e-07,8.400625972626585e-08,474.68165575992316,84006.25972626585
2026-09-09 13:38:00,4.7038176376190677e-07,8.346501090272795e-08,470.38176376190677,83465.01090272795
2026-09-09 13:39:00,4.712180725618964e-07,8.630707526435799e-08,471.2180725618964,86307.07526435799
2026-09-09 13:40:00,4.778919446835062e-07,9.269875533846061e-08,477.89194468350615,92698.75533846061
2026-09-09 13:41:00,4.8015812126323e-07,9.531706268717244e-08,480.15812126323,95317.06268717244
2026-09-09 13:42:00,4.742800285839621e-07,9.417654922572183e-08,474.2800285839621,94176.54922572183
2026-09-09 13:43:00,4.72254924943627e-07,9.55347942976914e-08,472.254924943627,95534.7942976914
2026-09-09 13:44:00,4.6593089564339607e-07,9.088036989624015e-08,465.93089564339607,90880.36989624015
2026-09-09 13:45:00,4.594841698235541e-07,8.518441063642967e-08,459.4841698235541,85184.41063642967
2026-09-09 13:46:00,4.5529927206189313e-07,8.103842930040628e-08,455.29927206189313,81038.42930040628
2026-09-09 13:47:00,4.547373464447446e-07,8.074868418361802e-08,454.7373464447446,80748.68418361802
2026-09-09 13:48:00,4.541570888250135e-07,7.821751069059246e-08,454.1570888250135,78217.51069059246
2026-09-09 13:49:00,4.5200525278232817e-07,7.848269945043285e-08,452.00525278232817,78482.69945043285
2026-09-09 13:50:00,4.5059258013679937e-07,8.08518194617136e-08,450.59258013679937,80851.8194617136
2026-09-09 13:51:00,4.4782771624340967e-07,8.046932009619923e-08,447.82771624340967,80469.32009619923
2026-09-09 13:52:00,4.4821226197200303e-07,8.09260427558911e-08,448.21226197200303,80926.0427558911
2026-09-09 13:53:00,4.4720877667714376e-07,8.019519981417034e-08,447.20877667714376,80195.19981417034
2026-09-09 13:54:00,4.50775075933052e-07,8.175828014600484e-08,450.775075933052,81758.28014600484
2026-09-09 13:55:00,4.491921004046162e-07,8.396943229627141e-08,449.1921004046162,83969.4322962714
2026-09-09 13:56:00,4.4799654119742627e-07,8.488463265621249e-08,447.99654119742627,84884.63265621249
2026-09-09 13:57:00,4.4472039917309303e-07,8.312631649687319e-08,444.720399173093,83126.31649687319
2026-09-09 13:58:00,4.4498881379695376e-07,8.301113041397912e-08,444.98881379695376,83011.13041397912
2026-09-09 13:59:00,4.431243780800287e-07,8.191942413304787e-08,443.1243780800287,81919.42413304787
2026-09-09 14:00:00,4.438240921444958e-07,8.034857046368415e-08,443.8240921444958,80348.57046368415
2026-09-09 14:01:00,4.4305929236543307e-07,7.839987858915265e-08,443.05929236543307,78399.87858915265
2026-09-09 14:02:00,4.4330801074465853e-07,7.869902418633501e-08,443.30801074465853,78699.02418633501
2026-09-09 14:03:00,4.4374783669809403e-07,7.988173678086241e-08,443.74783669809403,79881.73678086241
2026-09-09 14:04:00,4.4546106892084936e-07,8.424389363881346e-08,445.46106892084936,84243.89363881346
2026-09-09 14:05:00,4.433779849932762e-07,8.191580747052285e-08,443.3779849932762,81915.80747052285
2026-09-09 14:06:00,4.4487660488812253e-07,8.07436606464762e-08,444.87660488812253,80743.6606464762
2026-09-09 14:07:00,4.478408470731665e-07,8.297140396962277e-08,447.8408470731665,82971.40396962277
2026-09-09 14:08:00,4.4945079480385175e-07,8.306221843668027e-08,449.45079480385175,83062.21843668027
2026-09-09 14:09:00,4.4944695787307865e-07,8.114457727970148e-08,449.44695787307865,81144.57727970148
2026-09-09 14:10:00,4.5155931616136513e-07,7.669848400837509e-08,451.55931616136513,76698.48400837509
2026-09-09 14:11:00,4.503075103912124e-07,7.63489680366547e-08,450.3075103912124,76348.9680366547
2026-09-09 14:12:00,4.4721326730723376e-07,7.427433246220971e-08,447.21326730723376,74274.33246220971
2026-09-09 14:13:00,4.4465377868618816e-07,7.514208277825674e-08,444.65377868618816,75142.08277825674
2026-09-09 14:14:00,4.4121586029177706e-07,7.379225763770592e-08,441.21586029177706,73792.25763770592
2026-09-09 14:15:00,4.3845236064044e-07,7.396468504339282e-08,438.45236064044,73964.68504339282
2026-09-09 14:16:00,4.4001723153996863e-07,7.905379106887267e-08,440.01723153996863,79053.79106887267
2026-09-09 14:17:00,4.3959593654108176e-07,8.174176002739841e-08,439.59593654108176,81741.76002739841
2026-09-09 14:18:00,4.3868223542631313e-07,8.43785912252315e-08,438.6822354263131,84378.5912252315
2026-09-09 14:19:00,4.386234877529205e-07,8.369654835860274e-08,438.6234877529205,83696.54835860274
2026-09-09 14:20:00,4.4034939605808177e-07,8.613048407823953e-08,440.34939605808177,86130.48407823953
2026-09-09 14:21:00,4.3549113115659566e-07,8.08586406719769e-08,435.49113115659566,80858.6406719769
2026-09-09 14:22:00,4.319435902289115e-07,7.886443853521996e-08,431.9435902289115,78864.43853521996
2026-09-09 14:23:00,4.333944048084959e-07,7.968279192027694e-08,433.3944048084959,79682.79192027694
2026-09-09 14:24:00,4.310626593451161e-07,7.737187956990965e-08,431.0626593451161,77371.87956990965
2026-09-09 14:25:00,4.285812167381664e-07,7.6466662335406e-08,428.5812167381664,76466.662335406
2026-09-09 14:26:00,4.313753549922694e-07,7.719226147173686e-08,431.3753549922694,77192.26147173686
2026-09-09 14:27:00,4.2962270185853413e-07,7.734808349368905e-08,429.6227018585341,77348.08349368905
2026-09-09 14:28:00,4.263570190232713e-07,8.052343503095472e-08,426.3570190232713,80523.43503095472
2026-09-09 14:29:00,4.272664853033348e-07,7.707571114679013e-08,427.2664853033348,77075.71114679013
2026-09-09 14:30:00,4.284801491394319e-07,7.614002583977708e-08,428.4801491394319,76140.02583977708
2026-09-09 14:31:00,4.2361071450613963e-07,7.626168496699393e-08,423.61071450613963,76261.68496699393
2026-09-09 14:32:00,4.2173513747911784e-07,7.281357028432467e-08,421.73513747911784,72813.57028432467
2026-09-09 14:33:00,4.213335103031568e-07,7.379027522347315e-08,421.3335103031568,73790.27522347315
2026-09-09 14:34:00,4.247731908435526e-07,7.807217627942009e-08,424.7731908435526,78072.17627942009
2026-09-09 14:35:00,4.2637427100089553e-07,7.837112292463644e-08,426.37427100089553,78371.12292463644
2026-09-09 14:36:00,4.268264035545144e-07,7.824205994211297e-08,426.8264035545144,78242.05994211297
2026-09-09 14:37:00,4.265507413947489e-07,7.604069196531782e-08,426.5507413947489,76040.69196531782
2026-09-09 14:38:00,4.287426520477311e-07,7.877513752418963e-08,428.7426520477311,78775.13752418963
2026-09-09 14:39:00,4.288307025035465e-07,7.70008057315863e-08,428.8307025035465,77000.8057315863
2026-09-09 14:40:00,4.2708961700554937e-07,7.573336802124686e-08,427.08961700554937,75733.36802124686
2026-09-09 14:41:00,4.239373936343327e-07,7.466979212722435e-08,423.9373936343327,74669.79212722435
2026-09-09 14:42:00,4.2675270606196136e-07,7.658004363975124e-08,426.75270606196136,76580.04363975124
2026-09-09 14:43:00,4.253647318819276e-07,7.629398623976158e-08,425.3647318819276,76293.98623976158
2026-09-09 14:44:00,4.2492956708883867e-07,7.769831711357256e-08,424.92956708883867,77698.31711357256
2026-09-09 14:45:00,4.229942760503036e-07,7.389932221713025e-08,422.9942760503036,73899.32221713025
2026-09-09 14:46:00,4.2147087242483394e-07,7.372495502977472e-08,421.47087242483394,73724.95502977472
2026-09-09 14:47:00,4.212844260109705e-07,7.750033859110772e-08,421.2844260109705,77500.33859110772
2026-09-09 14:48:00,4.2175719272563583e-07,7.828646886309798e-08,421.75719272563583,78286.46886309798
2026-09-09 14:49:00,4.23791874482049e-07,8.078561819502283e-08,423.791874482049,80785.61819502283
2026-09-09 14:50:00,4.249481264650967e-07,8.030801268432697e-08,424.9481264650967,80308.01268432697
2026-09-09 14:51:00,4.2561643454064324e-07,8.016332486704414e-08,425.61643454064324,80163.32486704414
2026-09-09 14:52:00,4.2618182760634227e-07,7.611146912722688e-08,426.18182760634227,76111.46912722688
2026-09-09 14:53:00,4.2632902363948233e-07,7.549405722784286e-08,426.32902363948233,75494.05722784286
2026-09-09 14:54:00,4.300189289097034e-07,7.618587005708832e-08,430.0189289097034,76185.87005708832
2026-09-09 14:55:00,4.311632437747903e-07,7.743164331941443e-08,431.1632437747903,77431.64331941443
2026-09-09 14:56:00,4.351519180545438e-07,7.622883657631974e-08,435.1519180545438,76228.83657631974
2026-09-09 14:57:00,4.4702562718157424e-07,7.832868220702949e-08,447.02562718157424,78328.68220702949
2026-09-09 14:58:00,4.557744830435695e-07,8.044511901061924e-08,455.7744830435695,80445.11901061924
2026-09-09 14:59:00,4.6606950832028815e-07,8.034768939069181e-08,466.06950832028815,80347.68939069181
2026-09-09 15:00:00,4.7547931103508745e-07,8.314597721437167e-08,475.47931103508745,83145.97721437167
2026-09-09 15:01:00,4.842381713388022e-07,8.288863284633408e-08,484.2381713388022,82888.63284633408
2026-09-09 15:02:00,4.863034632762719e-07,7.921597244830991e-08,486.30346327627194,79215.97244830991
2026-09-09 15:03:00,4.905660375698062e-07,7.97699257759632e-08,490.5660375698062,79769.9257759632
2026-09-09 15:04:00,4.957671535521513e-07,8.387763728023856e-08,495.7671535521513,83877.63728023856
2026-09-09 15:05:00,4.953450911671098e-07,8.189905997824098e-08,495.3450911671098,81899.05997824098
2026-09-09 15:06:00,4.998552185497829e-07,7.770563570375089e-08,499.8552185497829,77705.63570375089
2026-09-09 15:07:00,5.009671326661191e-07,8.143629770529515e-08,500.96713266611914,81436.29770529515
2026-09-09 15:08:00,5.131370244271238e-07,8.064256462603225e-08,513.1370244271238,80642.56462603225
2026-09-09 15:09:00,5.139848440194328e-07,8.17450143131282e-08,513.9848440194328,81745.0143131282
2026-09-09 15:10:00,5.038664880885335e-07,8.128360917680766e-08,503.8664880885335,81283.60917680766
2026-09-09 15:11:00,4.933964419251424e-07,8.287889841085416e-08,493.3964419251424,82878.89841085416
2026-09-09 15:12:00,4.881201789430634e-07,8.399930351288276e-08,488.12017894306337,83999.30351288276
2026-09-09 15:13:00,4.810290192835964e-07,8.543974416852507e-08,481.0290192835964,85439.74416852507
2026-09-09 15:14:00,4.738296297546185e-07,8.456498079567609e-08,473.8296297546185,84564.98079567609
2026-09-09 15:15:00,4.684630141582602e-07,8.415180730025895e-08,468.4630141582602,84151.80730025895
2026-09-09 15:16:00,4.6060614522502874e-07,8.490786029824449e-08,460.60614522502874,84907.86029824449
2026-09-09 15:17:00,4.580590484692948e-07,9.143876411599194e-08,458.0590484692948,91438.76411599194
2026-09-09 15:18:00,4.533842172804725e-07,9.276380552591945e-08,453.3842172804725,92763.80552591945
2026-09-09 15:19:00,4.4732450987794437e-07,9.30783699004678e-08,447.32450987794437,93078.3699004678
2026-09-09 15:20:00,4.4591359937840025e-07,9.347220952804491e-08,445.91359937840025,93472.20952804491
2026-09-09 15:21:00,4.411494103351288e-07,9.456157101794815e-08,441.1494103351288,94561.57101794815
2026-09-09 15:22:00,4.3916750769312785e-07,9.414605983693036e-08,439.16750769312785,94146.05983693036
2026-09-09 15:23:00,4.3437094632281514e-07,9.338668860436883e-08,434.37094632281514,93386.68860436883
2026-09-09 15:24:00,4.33934445709383e-07,9.354016583529301e-08,433.934445709383,93540.16583529301
2026-09-09 15:25:00,4.327961278249859e-07,9.35542274760337e-08,432.7961278249859,93554.2274760337
2026-09-09 15:26:00,4.2918009057757445e-07,9.704783110464632e-08,429.18009057757445,97047.83110464632
2026-09-09 15:27:00,4.271772127140139e-07,9.767794750814573e-08,427.1772127140139,97677.94750814573
2026-09-09 15:28:00,4.207744268569513e-07,9.443173354384271e-08,420.7744268569513,94431.73354384271
2026-09-09 15:29:00,4.1858046984089015e-07,9.4969095698616e-08,418.58046984089015,94969.095698616
2026-09-09 15:30:00,4.168956309058558e-07,9.567808945121214e-08,416.8956309058558,95678.08945121214
2026-09-09 15:31:00,4.1337034417665564e-07,9.607153828028459e-08,413.37034417665564,96071.53828028459
2026-09-09 15:32:00,4.0998219219545717e-07,9.551680335562196e-08,409.9821921954572,95516.80335562196
2026-09-09 15:33:00,4.066595522544958e-07,9.228640607261696e-08,406.6595522544958,92286.40607261696
2026-09-09 15:34:00,4.075559161265119e-07,9.342360129949157e-08,407.5559161265119,93423.60129949157
2026-09-09 15:35:00,4.0573510773356247e-07,9.441767190310202e-08,405.7351077335625,94417.67190310202
2026-09-09 15:36:00,4.050071140682121e-07,9.501810183110138e-08,405.0071140682121,95018.10183110138
2026-09-09 15:37:00,4.030158038403897e-07,9.14254982831153e-08,403.0158038403897,91425.4982831153
2026-09-09 15:38:00,4.0358008845942095e-07,9.211730400693341e-08,403.58008845942095,92117.30400693341
2026-09-09 15:39:00,4.0294341374647047e-07,9.107323961643488e-08,402.94341374647047,91073.23961643488
2026-09-09 15:40:00,4.02235684759944e-07,9.034258141582541e-08,402.235684759944,90342.5814158254
2026-09-09 15:41:00,4.003377966910193e-07,8.964686060153326e-08,400.3377966910193,89646.86060153326
2026-09-09 15:42:00,3.991852395301976e-07,9.27263243966081e-08,399.1852395301976,92726.3243966081
2026-09-09 15:43:00,4.014110288608208e-07,9.354680940987237e-08,401.4110288608208,93546.80940987237
2026-09-09 15:44:00,3.9895508052723017e-07,9.226472741374891e-08,398.95508052723017,92264.72741374891
2026-09-09 15:45:00,3.9757770764481393e-07,9.287940372360026e-08,397.5777076448139,92879.40372360026
2026-09-09 15:46:00,3.9714294075565704e-07,9.382544163827333e-08,397.14294075565704,93825.44163827333
2026-09-09 15:47:00,3.9806317886359466e-07,9.390413424625876e-08,398.06317886359466,93904.13424625876
2026-09-09 15:48:00,3.9826525721764483e-07,9.581533788605157e-08,398.26525721764483,95815.33788605157
2026-09-09 15:49:00,3.9945675212038623e-07,9.652511323565705e-08,399.4567521203862,96525.11323565705
2026-09-09 15:50:00,3.993987718331482e-07,9.748872287218546e-08,399.3987718331482,97488.72287218546
2026-09-09 15:51:00,4.0025892644734995e-07,9.66625748333172e-08,400.25892644734995,96662.5748333172
2026-09-09 15:52:00,3.971765352162038e-07,9.275364476479808e-08,397.1765352162038,92753.64476479808
2026-09-09 15:53:00,3.9640232785131957e-07,9.330584305189404e-08,396.40232785131957,93305.84305189404
2026-09-09 15:54:00,3.966849249081861e-07,9.369968267947115e-08,396.6849249081861,93699.68267947115
2026-09-09 15:55:00,3.9679764540778706e-07,9.37777855369859e-08,396.79764540778706,93777.7855369859
2026-09-09 15:56:00,3.970683053466928e-07,9.538888434690307e-08,397.0683053466928,95388.88434690307
2026-09-09 15:57:00,3.9914613125802134e-07,9.782241505718048e-08,399.14613125802134,97822.41505718048
2026-09-09 15:58:00,3.979384928243235e-07,9.816743329338351e-08,397.9384928243235,98167.43329338351
2026-09-09 15:59:00,3.9805195228836965e-07,9.930599986773814e-08,398.05195228836965,99305.99986773814
2026-09-09 16:00:00,3.9773084381522494e-07,9.76581944200916e-08,397.73084381522494,97658.1944200916
2026-09-09 16:01:00,3.9343478874798166e-07,9.799052236303396e-08,393.43478874798166,97990.52236303396
2026-09-09 16:02:00,3.885316175455955e-07,9.811235912593474e-08,388.5316175455955,98112.35912593474
2026-09-09 16:03:00,3.8642741628791555e-07,9.856946547870393e-08,386.42741628791555,98569.46547870393
2026-09-09 16:04:00,3.817544040884968e-07,9.319022353793116e-08,381.7544040884968,93190.22353793116
2026-09-09 16:05:00,3.7882131209698855e-07,8.931449002602676e-08,378.82131209698855,89314.49002602676
2026-09-09 16:06:00,3.770115029055887e-07,9.132040190706903e-08,377.0115029055887,91320.40190706903
2026-09-09 16:07:00,3.76761050802088e-07,9.128837774596832e-08,376.761050802088,91288.37774596832
2026-09-09 16:08:00,3.772368870613718e-07,9.326383576535591e-08,377.2368870613718,93263.8357653559
2026-09-09 16:09:00,3.7616527492900786e-07,9.052431693135077e-08,376.16527492900786,90524.31693135077
2026-09-09 16:10:00,3.7525543916672177e-07,9.003343137692355e-08,375.25543916672177,90033.43137692355
2026-09-09 16:11:00,3.753878274892486e-07,9.37302928605277e-08,375.3878274892486,93730.2928605277
2026-09-09 16:12:00,3.7555736298600095e-07,9.357115970942687e-08,375.55736298600095,93571.15970942687
2026-09-09 16:13:00,3.7721596868323104e-07,9.655962429633291e-08,377.21596868323104,96559.62429633291
2026-09-09 16:14:00,3.7570262634289975e-07,9.418544522077354e-08,375.70262634289975,94185.44522077354
2026-09-09 16:15:00,3.728585511453275e-07,9.214242879806989e-08,372.8585511453275,92142.42879806989
2026-09-09 16:16:00,3.73526262364976e-07,9.215531093786922e-08,373.526262364976,92155.31093786922
2026-09-09 16:17:00,3.7884421999478946e-07,9.047762716818397e-08,378.84421999478946,90477.62716818397
2026-09-09 16:18:00,3.8010256275811116e-07,9.025288250086305e-08,380.10256275811116,90252.88250086305
2026-09-09 16:19:00,3.749643440187356e-07,8.854376432054778e-08,374.9643440187356,88543.76432054778
2026-09-09 16:20:00,3.7085868598296656e-07,8.83828619180349e-08,370.85868598296656,88382.8619180349
2026-09-09 16:21:00,3.6747152876159817e-07,8.906275894560167e-08,367.47152876159817,89062.75894560167
2026-09-09 16:22:00,3.674679192045005e-07,8.728763845056164e-08,367.4679192045005,87287.63845056164
2026-09-09 16:23:00,3.6350056120681984e-07,8.573687892976523e-08,363.50056120681984,85736.87892976523
2026-09-09 16:24:00,3.621126154484955e-07,8.230341563830734e-08,362.1126154484955,82303.41563830734
2026-09-09 16:25:00,3.635528003087529e-07,8.364445847064417e-08,363.5528003087529,83644.45847064417
2026-09-09 16:26:00,3.65368634902552e-07,8.882940250032334e-08,365.368634902552,88829.40250032334
2026-09-09 16:27:00,3.6764060951099964e-07,9.071034412500012e-08,367.64060951099964,90710.34412500012
2026-09-09 16:28:00,3.688322749439976e-07,9.390343791437772e-08,368.8322749439976,93903.43791437772
2026-09-09 16:29:00,3.6699046290777915e-07,8.964831721414157e-08,366.99046290777915,89648.31721414157
2026-09-09 16:30:00,3.622371593792195e-07,8.928200401214781e-08,362.2371593792195,89282.00401214781
2026-09-09 16:31:00,3.6521171864478674e-07,8.984805077716373e-08,365.21171864478674,89848.05077716373
2026-09-09 16:32:00,3.6346045817481354e-07,8.77909869245741e-08,363.46045817481354,87790.9869245741
2026-09-09 16:33:00,3.629008631378383e-07,8.449849531189102e-08,362.9008631378383,84498.49531189102
2026-09-09 16:34:00,3.6266027336750994e-07,8.743833035396165e-08,362.66027336750994,87438.33035396165
2026-09-09 16:35:00,3.64329110880135e-07,8.713586652220329e-08,364.329110880135,87135.86652220329
2026-09-09 16:36:00,3.6424785321287345e-07,8.616932234417618e-08,364.24785321287345,86169.32234417618
2026-09-09 16:37:00,3.6248388823878486e-07,8.308283838687203e-08,362.48388823878486,83082.83838687203
2026-09-09 16:38:00,3.597754414386145e-07,7.809724422713771e-08,359.7754414386145,78097.24422713771
2026-09-09 16:39:00,3.618882828959613e-07,7.833331494566664e-08,361.8882828959613,78333.31494566664
2026-09-09 16:40:00,3.6220251331542386e-07,7.780727173667401e-08,362.20251331542386,77807.27173667401
2026-09-09 16:41:00,3.607695191476523e-07,7.794864131938084e-08,360.7695191476523,77948.64131938084
2026-09-09 16:42:00,3.619346387040423e-07,7.700981541347574e-08,361.9346387040423,77009.81541347574
2026-09-09 16:43:00,3.5950259302808263e-07,7.457433071067499e-08,359.50259302808263,74574.33071067499
2026-09-09 16:44:00,3.596253179694031e-07,7.749795827294292e-08,359.6253179694031,77497.95827294292
2026-09-09 16:45:00,3.564636017472367e-07,7.654683997770917e-08,356.4636017472367,76546.83997770917
2026-09-09 16:46:00,3.5752870530814107e-07,7.750829666974823e-08,357.52870530814107,77508.29666974823
2026-09-09 16:47:00,0.0,0.0,0.0,0.0
2026-09-09 16:48:00,3.5103957429782895e-07,7.048765837680548e-08,351.03957429782895,70487.65837680548
2026-09-09 16:49:00,3.5003100151698163e-07,6.37877164422207e-08,350.03100151698163,63787.7164422207
2026-09-09 16:50:00,3.4519914038355637e-07,5.986375839484026e-08,345.19914038355637,59863.75839484026
2026-09-09 16:51:00,3.4194479781035625e-07,5.90374078512923e-08,341.94479781035625,59037.4078512923
2026-09-09 16:52:00,3.3839666002677404e-07,5.572968930778188e-08,338.39666002677404,55729.68930778188
2026-09-09 16:53:00,3.3670301036181627e-07,5.4116252812264065e-08,336.70301036181627,54116.252812264065
2026-09-09 16:54:00,3.3889349992932694e-07,5.5378407637363125e-08,338.89349992932694,55378.407637363125
2026-09-09 16:55:00,3.334236566843174e-07,5.1595229422218836e-08,333.4236566843174,51595.229422218836
2026-09-09 16:56:00,3.334325526793691e-07,5.439213168756396e-08,333.4325526793691,54392.13168756396
2026-09-09 16:57:00,3.3051898640223953e-07,5.03391035522327e-08,330.51898640223953,50339.1035522327
2026-09-09 16:58:00,3.313014929062774e-07,5.14128366546629e-08,331.3014929062774,51412.8366546629
2026-09-09 16:59:00,3.327077706671844e-07,5.1678579637837174e-08,332.7077706671844,51678.579637837174
2026-09-09 17:00:00,3.3153580147882167e-07,5.169302497165518e-08,331.53580147882167,51693.02497165518
2026-09-09 17:01:00,3.2818107342791336e-07,4.753143656444081e-08,328.18107342791336,47531.43656444081
2026-09-09 17:02:00,3.2949699857454107e-07,4.5646775248542326e-08,329.49699857454107,45646.775248542326
2026-09-09 17:03:00,3.299146840163303e-07,4.616576987359622e-08,329.9146840163303,46165.76987359622
2026-09-09 17:04:00,3.2835512797646516e-07,4.5008647475697217e-08,328.35512797646516,45008.64747569722
2026-09-09 17:05:00,3.2686207873666717e-07,4.402373932066439e-08,326.8620787366672,44023.73932066439
2026-09-09 17:06:00,3.2944203098850267e-07,4.440332546096215e-08,329.44203098850267,44403.32546096215
2026-09-09 17:07:00,3.27801416233342e-07,4.427268152085162e-08,327.801416233342,44272.68152085162
2026-09-09 17:08:00,3.2417432294096216e-07,3.917833524269554e-08,324.17432294096216,39178.33524269554
2026-09-09 17:09:00,3.222287432436133e-07,3.492165134844072e-08,322.2287432436133,34921.65134844072
2026-09-09 17:10:00,3.256385525673977e-07,3.5823365607257074e-08,325.6385525673977,35823.365607257074
2026-09-09 17:11:00,3.267029171638569e-07,3.827074479545445e-08,326.7029171638569,38270.74479545445
2026-09-09 17:12:00,3.255292426729284e-07,3.6970689620829944e-08,325.5292426729284,36970.689620829944
2026-09-09 17:13:00,3.2563019658482517e-07,3.6542285641871786e-08,325.63019658482517,36542.285641871786
2026-09-09 17:14:00,3.280498788171826e-07,4.032115441532369e-08,328.0498788171826,40321.15441532369
2026-09-09 17:15:00,3.304079996269138e-07,3.8053382667158075e-08,330.4079996269138,38053.382667158075
2026-09-09 17:16:00,3.312492253826349e-07,3.944539272993097e-08,331.2492253826349,39445.39272993097
2026-09-09 17:17:00,3.3184969083777105e-07,3.858936636902399e-08,331.84969083777105,38589.36636902399
2026-09-09 17:18:00,3.3197338211721217e-07,3.517172331157781e-08,331.97338211721217,35171.72331157781
2026-09-09 17:19:00,3.315956575988821e-07,3.6544982151553995e-08,331.5956575988821,36544.982151553995
2026-09-09 17:20:00,3.3010431366164994e-07,3.503990697595327e-08,330.10431366164994,35039.90697595327
2026-09-09 17:21:00,3.2963720286716125e-07,3.6762681787649854e-08,329.63720286716125,36762.68178764985
2026-09-09 17:22:00,3.2948886996564397e-07,3.560752048770155e-08,329.48886996564397,35607.52048770155
2026-09-09 17:23:00,3.298283104413713e-07,3.807326365290464e-08,329.8283104413713,38073.26365290464
2026-09-09 17:24:00,3.3248497288695944e-07,3.705809703546947e-08,332.48497288695944,37058.09703546947
2026-09-09 17:25:00,3.3212052130693337e-07,3.9540434926266244e-08,332.12052130693337,39540.43492626624
2026-09-09 17:26:00,3.3149407840937783e-07,3.656563762888254e-08,331.49407840937783,36565.63762888254
2026-09-09 17:27:00,3.2879896139093034e-07,3.4697777095971105e-08,328.79896139093034,34697.777095971105
2026-09-09 17:28:00,3.290446102255373e-07,3.499377498883405e-08,329.0446102255373,34993.77498883405
2026-09-09 17:29:00,3.288188281658222e-07,3.3761686779598676e-08,328.8188281658222,33761.68677959868
2026-09-09 17:30:00,3.3103259511335636e-07,3.7191227875155164e-08,331.03259511335636,37191.227875155164
2026-09-09 17:31:00,3.3005346722347895e-07,3.396298353663951e-08,330.05346722347895,33962.98353663951
2026-09-09 17:32:00,3.3127750498351816e-07,3.742317744581669e-08,331.27750498351816,37423.17744581669
2026-09-09 17:33:00,3.306647045064892e-07,3.5209907878197555e-08,330.6647045064892,35209.907878197555
2026-09-09 17:34:00,3.2940030791905883e-07,3.248660007670878e-08,329.40030791905883,32486.600076708783
2026-09-09 17:35:00,3.276157372056332e-07,3.229661160730757e-08,327.6157372056332,32296.61160730757
2026-09-09 17:36:00,3.2733180432842346e-07,3.3514645281229605e-08,327.33180432842346,33514.645281229605
2026-09-09 17:37:00,3.293735630904848e-07,3.469673259814954e-08,329.3735630904848,34696.73259814954
2026-09-09 17:38:00,3.2890665124796215e-07,3.3730973569845446e-08,328.90665124796215,33730.973569845446
2026-09-09 17:39:00,3.295203896414023e-07,3.442687912524889e-08,329.5203896414023,34426.87912524889
2026-09-09 17:40:00,3.3368863228133705e-07,3.49458701975891e-08,333.68863228133705,34945.8701975891
2026-09-09 17:41:00,3.336310214763216e-07,3.635271283997099e-08,333.6310214763216,36352.71283997099
2026-09-09 17:42:00,3.3659662790341827e-07,3.480195687188825e-08,336.59662790341827,34801.95687188825
2026-09-09 17:43:00,3.36244312393319e-07,3.318871577562277e-08,336.244312393319,33188.71577562277
2026-09-09 17:44:00,3.360149207765062e-07,3.184219465879323e-08,336.0149207765062,31842.194658793233
2026-09-09 17:45:00,3.331841753606568e-07,3.1287846979921596e-08,333.1841753606568,31287.846979921596
2026-09-09 17:46:00,3.3508010233163077e-07,3.506573165168447e-08,335.08010233163077,35065.73165168447
2026-09-09 17:47:00,3.344311210184969e-07,3.428956674156325e-08,334.4311210184969,34289.56674156325
2026-09-09 17:48:00,3.3406723787265946e-07,3.191696151816359e-08,334.06723787265946,31916.96151816359
2026-09-09 17:49:00,3.3277140687459905e-07,3.292899464213406e-08,332.77140687459905,32928.99464213406
2026-09-09 17:50:00,3.3396401022400823e-07,3.251698998951724e-08,333.96401022400823,32516.989989517242
2026-09-09 17:51:00,3.320648431781592e-07,3.24051008249171e-08,332.0648431781592,32405.1008249171
2026-09-09 17:52:00,3.3194814363923797e-07,3.1184125504069016e-08,331.94814363923797,31184.125504069016
2026-09-09 17:53:00,3.31288191546264e-07,3.18001696086867e-08,331.288191546264,31800.1696086867
2026-09-09 17:54:00,3.3416247902096075e-07,3.246326585326642e-08,334.16247902096075,32463.26585326642
2026-09-09 17:55:00,3.3492321449557494e-07,3.284206684384117e-08,334.92321449557494,32842.06684384117
2026-09-09 17:56:00,3.358553612997639e-07,3.162442752113748e-08,335.8553612997639,31624.427521137477
2026-09-09 17:57:00,3.3521851605655684e-07,2.9346521657203084e-08,335.21851605655684,29346.521657203084
2026-09-09 17:58:00,3.329208198010747e-07,2.5659415925360918e-08,332.9208198010747,25659.415925360918
2026-09-09 17:59:00,3.3284086953244696e-07,2.565902335049941e-08,332.84086953244696,25659.02335049941
2026-09-09 18:00:00,3.3759292250579165e-07,2.4268583587172543e-08,337.59292250579165,24268.583587172543
2026-09-09 18:01:00,3.384547824225592e-07,2.4899264872146887e-08,338.4547824225592,24899.264872146887
2026-09-09 18:02:00,3.396028773750004e-07,2.545302457690468e-08,339.6028773750004,25453.02457690468
2026-09-09 18:03:00,3.4301152140869817e-07,2.6464270774795295e-08,343.0115214086982,26464.270774795295
2026-09-09 18:04:00,3.418984704239847e-07,2.641760765698109e-08,341.8984704239847,26417.60765698109
2026-09-09 18:05:00,3.4215682376270706e-07,2.8027709930711353e-08,342.15682376270706,28027.709930711353
2026-09-09 18:06:00,3.4287415928702103e-07,2.6732164926102087e-08,342.87415928702103,26732.164926102087
2026-09-09 18:07:00,3.4624832778717973e-07,2.7869548446801673e-08,346.24832778717973,27869.548446801673
2026-09-09 18:08:00,3.5037473367083294e-07,2.5260682434691262e-08,350.37473367083294,25260.68243469126
2026-09-09 18:09:00,3.4947572657983983e-07,2.6698767641164523e-08,349.47572657983983,26698.767641164523
2026-09-09 18:10:00,3.481796966298134e-07,2.5717779905676252e-08,348.1796966298134,25717.779905676252
2026-09-09 18:11:00,3.5053460578637896e-07,2.7127761370593362e-08,350.53460578637896,27127.76137059336
2026-09-09 18:12:00,3.5121308883390157e-07,2.6728830704314532e-08,351.21308883390157,26728.830704314532
2026-09-09 18:13:00,3.494838267670275e-07,2.6505642125584927e-08,349.4838267670275,26505.642125584927
2026-09-09 18:14:00,3.4913304602923745e-07,2.8231161408598382e-08,349.13304602923745,28231.161408598382
2026-09-09 18:15:00,3.510079409352329e-07,2.9717480032331878e-08,351.0079409352329,29717.480032331878
2026-09-09 18:16:00,3.514608408750064e-07,2.881419902678317e-08,351.4608408750064,28814.19902678317
2026-09-09 18:17:00,3.5411048315836524e-07,2.856271130724508e-08,354.11048315836524,28562.71130724508
2026-09-09 18:18:00,3.532453831667226e-07,2.658433118085668e-08,353.2453831667226,26584.33118085668
2026-09-09 18:19:00,3.485867239305662e-07,2.2900362495192894e-08,348.5867239305662,22900.362495192894
2026-09-09 18:20:00,3.4504074619690073e-07,2.191976733456613e-08,345.0407461969007,21919.76733456613
2026-09-09 18:21:00,3.4706283713603625e-07,2.047952563088984e-08,347.06283713603625,20479.52563088984
2026-09-09 18:22:00,3.4951773386637797e-07,2.2978463576350805e-08,349.51773386637797,22978.463576350805
2026-09-09 18:23:00,3.544610933658987e-07,2.3784494374012866e-08,354.4610933658987,23784.494374012866
2026-09-09 18:24:00,3.56542074086974e-07,2.2994866455405827e-08,356.542074086974,22994.866455405827
2026-09-09 18:25:00,3.5873577530765033e-07,2.4402693199476744e-08,358.73577530765033,24402.693199476744
2026-09-09 18:26:00,3.609088707889896e-07,1.9027583064712417e-08,360.9088707889896,19027.583064712417
2026-09-09 18:27:00,3.60826618361898e-07,1.837638130552932e-08,360.826618361898,18376.38130552932
2026-09-09 18:28:00,3.617254549226345e-07,2.0860483118667617e-08,361.7254549226345,20860.483118667617
2026-09-09 18:29:00,3.6328174246591516e-07,2.108112440168952e-08,363.28174246591516,21081.12440168952
2026-09-09 18:30:00,3.6114676049692207e-07,2.294918388656697e-08,361.14676049692207,22949.18388656697
2026-09-09 18:31:00,3.5918114349442476e-07,2.171611868106993e-08,359.18114349442476,21716.11868106993
2026-09-09 18:32:00,3.5813303611575975e-07,2.0369204989378886e-08,358.13303611575975,20369.204989378886
2026-09-09 18:33:00,3.559986510026647e-07,2.0766959707430033e-08,355.9986510026647,20766.959707430033
2026-09-09 18:34:00,3.539544195518829e-07,2.0452205262699863e-08,353.9544195518829,20452.205262699863
2026-09-09 18:35:00,3.5091872518933087e-07,1.705057606216087e-08,350.91872518933087,17050.57606216087
2026-09-09 18:36:00,3.475543906006351e-07,1.818913553108814e-08,347.5543906006351,18189.13553108814
2026-09-09 18:37:00,3.4900955370176234e-07,1.7983918354502748e-08,349.00955370176234,17983.918354502748
2026-09-09 18:38:00,3.522494296248624e-07,2.081577932244727e-08,352.2494296248624,20815.77932244727
2026-09-09 18:39:00,3.528745367020747e-07,2.111628383261177e-08,352.8745367020747,21116.28383261177
2026-09-09 18:40:00,3.556717445007962e-07,2.3237008761611833e-08,355.6717445007962,23237.008761611833
2026-09-09 18:41:00,3.564214523521514e-07,2.3489674205734445e-08,356.4214523521514,23489.674205734445
2026-09-09 18:42:00,3.5258150887784723e-07,1.9821914776230187e-08,352.5815088778472,19821.914776230187
2026-09-09 18:43:00,3.4870592457991734e-07,1.8667343226752564e-08,348.70592457991734,18667.343226752564
2026-09-09 18:44:00,3.4794388170666934e-07,1.78443197995648e-08,347.94388170666934,17844.3197995648
2026-09-09 18:45:00,3.475364565019845e-07,1.7577210797981024e-08,347.5364565019845,17577.210797981024
2026-09-09 18:46:00,3.4913932722702157e-07,1.715056896500755e-08,349.13932722702157,17150.56896500755
2026-09-09 18:47:00,3.4875426990765845e-07,1.768968793669501e-08,348.75426990765845,17689.68793669501
2026-09-09 18:48:00,3.487436686100409e-07,1.6947115710763683e-08,348.7436686100409,16947.115710763683
2026-09-09 18:49:00,3.504390235775645e-07,1.8720477612532704e-08,350.4390235775645,18720.477612532704
2026-09-09 18:50:00,3.5148499932802224e-07,1.8499443754649292e-08,351.48499932802224,18499.44375464929
2026-09-09 18:51:00,3.517913000905537e-07,2.0096278419146074e-08,351.7913000905537,20096.278419146074
2026-09-09 18:52:00,3.527026137817302e-07,2.0383124521572427e-08,352.7026137817302,20383.124521572427
2026-09-09 18:53:00,3.5277099641461973e-07,2.09210675450322e-08,352.77099641461973,20921.0675450322
2026-09-09 18:54:00,3.5233969697401335e-07,1.888138179140242e-08,352.33969697401335,18881.38179140242
2026-09-09 18:55:00,3.514649336011644e-07,1.9498600067890948e-08,351.4649336011644,19498.600067890948
2026-09-09 18:56:00,3.5094348049824475e-07,2.275808519414113e-08,350.94348049824475,22758.08519414113
2026-09-09 18:57:00,3.499454237498867e-07,1.8110315025410273e-08,349.9454237498867,18110.315025410273
2026-09-09 18:58:00,3.505945755932771e-07,1.828566453809799e-08,350.5945755932771,18285.66453809799
2026-09-09 18:59:00,3.506733605718182e-07,1.8711913796209956e-08,350.6733605718182,18711.913796209956
2026-09-09 19:00:00,3.4926654279843206e-07,1.8904255938423375e-08,349.26654279843206,18904.255938423375
2026-09-09 19:01:00,3.4971151308127446e-07,1.9823351848913262e-08,349.71151308127446,19823.351848913262
2026-09-09 19:02:00,3.469165790193074e-07,2.0124836908053112e-08,346.9165790193074,20124.836908053112
2026-09-09 19:03:00,3.4625759326445404e-07,1.8954644076529803e-08,346.25759326445404,18954.644076529803
2026-09-09 19:04:00,3.4806618032234837e-07,1.8782236210768133e-08,348.0661803223484,18782.236210768133
2026-09-09 19:05:00,3.562041968052654e-07,1.813416794504974e-08,356.2041968052654,18134.16794504974
2026-09-09 19:06:00,3.5903491379940533e-07,1.7929343343325854e-08,359.03491379940533,17929.343343325854
2026-09-09 19:07:00,3.5425219380158524e-07,1.7314672362545025e-08,354.25219380158524,17314.672362545025
2026-09-09 19:08:00,3.505340089304809e-07,1.6284865012039518e-08,350.5340089304809,16284.865012039518
2026-09-09 19:09:00,3.500722129956557e-07,1.8108025301444286e-08,350.0722129956557,18108.025301444286
2026-09-09 19:10:00,3.499706906495703e-07,1.8567474668884643e-08,349.9706906495703,18567.474668884643
2026-09-09 19:11:00,3.4845987784137833e-07,1.485148182212015e-08,348.45987784137833,14851.48182212015
2026-09-09 19:12:00,3.4941723470183206e-07,1.336751598302044e-08,349.41723470183206,13367.51598302044
2026-09-09 19:13:00,3.467026203907153e-07,1.3622335259810825e-08,346.7026203907153,13622.335259810825
2026-09-09 19:14:00,3.465450220119237e-07,1.2864732390482914e-08,346.5450220119237,12864.732390482914
2026-09-09 19:15:00,3.469786520327034e-07,1.3087920969212519e-08,346.9786520327034,13087.920969212519
2026-09-09 19:16:00,3.4965140116582916e-07,1.438679930743092e-08,349.65140116582916,14386.79930743092
2026-09-09 19:17:00,3.504930248254823e-07,1.2853226927234118e-08,350.4930248254823,12853.226927234118
2026-09-09 19:18:00,3.502200627281127e-07,1.2773950786026944e-08,350.2200627281127,12773.950786026944
2026-09-09 19:19:00,3.5109863461002533e-07,1.6937105939973662e-08,351.09863461002533,16937.105939973662
2026-09-09 19:20:00,3.508955899178545e-07,1.7349890413242974e-08,350.8955899178545,17349.890413242974
2026-09-09 19:21:00,3.484420005861466e-07,2.163741896765714e-08,348.4420005861466,21637.41896765714
2026-09-09 19:22:00,3.487513424715871e-07,1.4918132507091286e-08,348.7513424715871,14918.132507091286
2026-09-09 19:23:00,3.460126549725828e-07,1.5313926127191735e-08,346.0126549725828,15313.926127191735
2026-09-09 19:24:00,3.465046063411137e-07,1.6218772103115953e-08,346.5046063411137,16218.772103115953
2026-09-09 19:25:00,3.507098256250174e-07,1.8069254537067536e-08,350.7098256250174,18069.254537067536
2026-09-09 19:26:00,3.5357467709218326e-07,1.9572565790326735e-08,353.57467709218326,19572.565790326735
2026-09-09 19:27:00,3.540878310559492e-07,1.914729352847644e-08,354.0878310559492,19147.29352847644
2026-09-09 19:28:00,3.539414308306732e-07,2.134709831125292e-08,353.9414308306732,21347.09831125292
2026-09-09 19:29:00,3.538980593020824e-07,2.2092608631396615e-08,353.8980593020824,22092.608631396615
2026-09-09 19:30:00,3.537872714787227e-07,2.02450642916574e-08,353.7872714787227,20245.0642916574
2026-09-09 19:31:00,3.52584265783662e-07,2.0057033367493204e-08,352.584265783662,20057.033367493204
2026-09-09 19:32:00,3.515289961342205e-07,1.971084095941933e-08,351.5289961342205,19710.84095941933
2026-09-09 19:33:00,3.483601176412776e-07,1.6707939920479475e-08,348.3601176412776,16707.939920479475
2026-09-09 19:34:00,3.4947547078445496e-07,1.6235023991839626e-08,349.47547078445496,16235.023991839626
2026-09-09 19:35:00,3.476007464087161e-07,1.686825434887851e-08,347.6007464087161,16868.25434887851
2026-09-09 19:36:00,3.471476475169766e-07,1.8356534070562702e-08,347.1476475169766,18356.534070562702
2026-09-09 19:37:00,3.481608814581705e-07,1.943378968860543e-08,348.1608814581705,19433.78968860543
2026-09-09 19:38:00,3.4760532230393437e-07,2.0004540246532088e-08,347.6053223039344,20004.540246532088
2026-09-09 19:39:00,3.477437928722793e-07,1.7744993030532896e-08,347.7437928722793,17744.993030532896
2026-09-09 19:40:00,3.490773679004633e-07,1.8207575891437955e-08,349.0773679004633,18207.575891437955
2026-09-09 19:41:00,3.485218087462272e-07,1.5045729995222246e-08,348.5218087462272,15045.729995222246
2026-09-09 19:42:00,3.4796605064002506e-07,1.4651503121854148e-08,347.96605064002506,14651.503121854148
2026-09-09 19:43:00,3.4828619277504913e-07,1.5333553093910268e-08,348.28619277504913,15333.553093910268
2026-09-09 19:44:00,3.479943018191989e-07,1.6871434027621035e-08,347.9943018191989,16871.434027621035
2026-09-09 19:45:00,3.472335663445847e-07,1.5591114177482268e-08,347.2335663445847,15591.114177482268
2026-09-09 19:46:00,3.4649747249204665e-07,1.5625486682324663e-08,346.49747249204665,15625.486682324663
2026-09-09 19:47:00,3.4813507454600767e-07,1.5800443620150872e-08,348.1350745460077,15800.443620150872
2026-09-09 19:48:00,3.4829685091608553e-07,1.6024607418785308e-08,348.29685091608553,16024.607418785308
2026-09-09 19:49:00,3.5032294931625074e-07,1.542672833920733e-08,350.32294931625074,15426.72833920733
2026-09-09 19:50:00,3.5055217040280695e-07,1.8465373230469595e-08,350.55217040280695,18465.373230469595
2026-09-09 19:51:00,3.4904226708931674e-07,1.770796131950192e-08,349.04226708931674,17707.96131950192
2026-09-09 19:52:00,3.4910081581074337e-07,1.7377583816369224e-08,349.10081581074337,17377.583816369224
2026-09-09 19:53:00,3.481372345959244e-07,1.7285231024288805e-08,348.1372345959244,17285.231024288805
2026-09-09 19:54:00,3.4945713878187235e-07,1.874187560702012e-08,349.45713878187235,18741.87560702012
2026-09-09 19:55:00,3.4882333466157434e-07,2.0563465596978858e-08,348.82333466157434,20563.46559697886
2026-09-09 19:56:00,3.4765230338962283e-07,2.1622751589234213e-08,347.65230338962283,21622.751589234213
2026-09-09 19:57:00,3.472248124580801e-07,2.1152770202093052e-08,347.2248124580801,21152.770202093052
2026-09-09 19:58:00,3.4589771757964627e-07,2.1376935777084327e-08,345.89771757964627,21376.935777084327
2026-09-09 19:59:00,3.432726600749447e-07,2.1488039791961455e-08,343.2726600749447,21488.039791961455
2026-09-09 20:00:00,3.422082954784855e-07,1.9072286860932763e-08,342.2082954784855,19072.286860932763
2026-09-09 20:01:00,3.42616488069325e-07,1.9134571260792654e-08,342.616488069325,19134.571260792654
2026-09-09 20:02:00,3.39153814366e-07,2.1352740020574856e-08,339.153814366,21352.740020574856
2026-09-09 20:03:00,3.401090964416653e-07,1.9059992695247274e-08,340.1090964416653,19059.992695247274
2026-09-09 20:04:00,3.391790244222648e-07,1.9583881183393714e-08,339.1790244222648,19583.881183393714
2026-09-09 20:05:00,3.3942055210900435e-07,1.9602632406190423e-08,339.42055210900435,19602.632406190423
2026-09-09 20:06:00,3.382510556093621e-07,2.047369207502925e-08,338.2510556093621,20473.69207502925
2026-09-09 20:07:00,3.3942455957003403e-07,1.9843980680889217e-08,339.42455957003403,19843.980680889217
2026-09-09 20:08:00,3.381203725894011e-07,1.9878548584983946e-08,338.1203725894011,19878.548584983946
2026-09-09 20:09:00,3.367911745044694e-07,1.976841979001165e-08,336.7911745044694,19768.41979001165
2026-09-09 20:10:00,3.3558947620804247e-07,1.937614690916689e-08,335.58947620804247,19376.14690916689
2026-09-09 20:11:00,3.343400294397725e-07,1.7352469683373783e-08,334.3400294397725,17352.469683373783
2026-09-09 20:12:00,3.328539719404944e-07,2.115126562785008e-08,332.8539719404944,21151.26562785008
2026-09-09 20:13:00,3.316636423278396e-07,1.933554294453188e-08,331.6636423278396,19335.54294453188
2026-09-09 20:14:00,3.3030070767381403e-07,1.924162340571911e-08,330.30070767381403,19241.62340571911
2026-09-09 20:15:00,3.312236174224381e-07,1.8468981011210417e-08,331.2236174224381,18468.981011210417
2026-09-09 20:16:00,3.3022780598912505e-07,1.934336424369576e-08,330.22780598912505,19343.36424369576
2026-09-09 20:17:00,3.293984889296553e-07,1.961262796612573e-08,329.3984889296553,19612.62796612573
2026-09-09 20:18:00,3.293327779374522e-07,2.0769746811311052e-08,329.3327779374522,20769.74681131105
2026-09-09 20:19:00,3.2925683512985415e-07,1.8559205727797234e-08,329.25683512985415,18559.205727797234
2026-09-09 20:20:00,3.281770943885931e-07,1.7942378249813373e-08,328.1770943885931,17942.378249813373
2026-09-09 20:21:00,3.2649802506057313e-07,1.7771530025356697e-08,326.4980250605731,17771.530025356697
2026-09-09 20:22:00,3.2706725505704526e-07,1.7804140384214406e-08,327.06725505704526,17804.140384214406
2026-09-09 20:23:00,3.258992649080028e-07,1.739566002356696e-08,325.8992649080028,17395.66002356696
2026-09-09 20:24:00,3.249136852900847e-07,1.714592556822936e-08,324.9136852900847,17145.92556822936
2026-09-09 20:25:00,3.2447326248075115e-07,1.9331480416440172e-08,324.47326248075115,19331.480416440172
2026-09-09 20:26:00,3.24519476180285e-07,1.9664401662566888e-08,324.519476180285,19664.40166256689
2026-09-09 20:27:00,3.248854625326203e-07,1.9287160313297136e-08,324.8854625326203,19287.160313297136
2026-09-09 20:28:00,3.2651246328896377e-07,1.887770118003118e-08,326.5124632889638,18877.70118003118
2026-09-09 20:29:00,3.2775452041278186e-07,1.856470177585834e-08,327.75452041278186,18564.70177585834
2026-09-09 20:30:00,3.282667364601366e-07,1.8897619469271376e-08,328.2667364601366,18897.619469271376
2026-09-09 20:31:00,3.276679763075663e-07,1.84901161048856e-08,327.6679763075663,18490.1161048856
2026-09-09 20:32:00,3.270091326612601e-07,1.7478274827453788e-08,327.0091326612601,17478.274827453788
2026-09-09 20:33:00,3.273967195127625e-07,1.8475860841249414e-08,327.3967195127625,18475.860841249414
2026-09-09 20:34:00,3.2811769301588356e-07,1.7832480381230198e-08,328.11769301588356,17832.480381230198
2026-09-09 20:35:00,3.3068727134377696e-07,1.786508896373107e-08,330.68727134377696,17865.08896373107
2026-09-09 20:36:00,3.3551842193446646e-07,1.601538635043198e-08,335.51842193446646,16015.386350431982
2026-09-09 20:37:00,3.431015898058831e-07,1.510039560059795e-08,343.1015898058831,15100.395600597949
2026-09-09 20:38:00,3.4894674172392115e-07,1.714399466834493e-08,348.94674172392115,17143.99466834493
2026-09-09 20:39:00,3.519720905842405e-07,1.6402786684466264e-08,351.9720905842405,16402.786684466264
2026-09-09 20:40:00,3.5335020243110193e-07,1.7117443462666415e-08,353.35020243110193,17117.443462666415
2026-09-09 20:41:00,3.514311117669422e-07,1.553758899319746e-08,351.4311117669422,15537.58899319746
2026-09-09 20:42:00,3.491608424610604e-07,1.6789991619248212e-08,349.1608424610604,16789.991619248212
2026-09-09 20:43:00,3.482879549210338e-07,1.528980142495584e-08,348.2879549210338,15289.80142495584
2026-09-09 20:44:00,3.452222756550327e-07,1.885155320735521e-08,345.2222756550327,18851.55320735521
2026-09-09 20:45:00,3.430735944220942e-07,2.055910641729497e-08,343.0735944220942,20559.10641729497
2026-09-09 20:46:00,3.3999501170001167e-07,2.1873407973771464e-08,339.9950117000117,21873.407973771464
2026-09-09 20:47:00,3.390543383829936e-07,2.133839416273986e-08,339.0543383829936,21338.39416273986
2026-09-09 20:48:00,3.361701033099962e-07,2.1182966492006017e-08,336.1701033099962,21182.966492006017
2026-09-09 20:49:00,3.3389963505214837e-07,2.1074987088809394e-08,333.89963505214837,21074.987088809394
2026-09-09 20:50:00,3.3155998835354694e-07,2.031757340148488e-08,331.55998835354694,20317.57340148488
2026-09-09 20:51:00,3.308108205146709e-07,2.041344515646415e-08,330.8108205146709,20413.44515646415
2026-09-09 20:52:00,3.310977945147897e-07,2.082759564814296e-08,331.0977945147897,20827.59564814296
2026-09-09 20:53:00,3.2874737598831416e-07,2.049779901369675e-08,328.74737598831416,20497.79901369675
2026-09-09 20:54:00,3.2804251759444014e-07,1.9169050347045413e-08,328.04251759444014,19169.050347045413
2026-09-09 20:55:00,3.2799155746943143e-07,2.074089877623919e-08,327.9915574694314,20740.89877623919
2026-09-09 20:56:00,3.281610929661838e-07,2.058176207242468e-08,328.1610929661838,20581.76207242468
2026-09-09 20:57:00,3.2779985303932335e-07,2.1833773899970765e-08,327.79985303932335,21833.773899970765
2026-09-09 20:58:00,3.3002982036123285e-07,2.2484575978864996e-08,330.02982036123285,22484.575978864996
2026-09-09 20:59:00,3.2759737678134115e-07,1.8878306917713417e-08,327.59737678134115,18878.306917713417
2026-09-09 21:00:00,3.274060418334557e-07,1.6254782408964275e-08,327.4060418334557,16254.782408964275
2026-09-09 21:01:00,3.281258784681995e-07,1.6337766695073697e-08,328.1258784681995,16337.766695073697
2026-09-09 21:02:00,3.2812721428854275e-07,1.6370766076079235e-08,328.12721428854275,16370.766076079235
2026-09-09 21:03:00,3.278663598393905e-07,1.75733774199216e-08,327.8663598393905,17573.3774199216
2026-09-09 21:04:00,3.287824483777513e-07,1.7738566171487946e-08,328.7824483777513,17738.566171487946
2026-09-09 21:05:00,3.298826527498022e-07,1.7024500920115315e-08,329.8826527498022,17024.500920115315
2026-09-09 21:06:00,3.294738633030647e-07,1.7467741031396145e-08,329.4738633030647,17467.741031396145
2026-09-09 21:07:00,3.293066015430668e-07,1.7803197138732685e-08,329.3066015430668,17803.197138732685
2026-09-09 21:08:00,3.295935755431856e-07,1.6888789033941976e-08,329.5935755431856,16888.789033941976
2026-09-09 21:09:00,3.3025165180333715e-07,1.8405966528689532e-08,330.25165180333715,18405.966528689532
2026-09-09 21:10:00,3.339262093504658e-07,1.992782650006575e-08,333.9262093504658,19927.82650006575
2026-09-09 21:11:00,3.322605834910064e-07,1.5726003610438966e-08,332.2605834910064,15726.003610438966
2026-09-09 21:12:00,3.3036343438652693e-07,1.7624914860903118e-08,330.36343438652693,17624.914860903118
2026-09-09 21:13:00,3.3011320965670166e-07,1.8795113021496945e-08,330.11320965670166,18795.113021496945
2026-09-09 21:14:00,3.332867208882817e-07,1.7911947480797608e-08,333.2867208882817,17911.947480797608
2026-09-09 21:15:00,3.3123311027338787e-07,1.8706460380712997e-08,331.23311027338787,18706.460380712997
2026-09-09 21:16:00,3.321084705021349e-07,1.854849429605565e-08,332.1084705021349,18548.49429605565
2026-09-09 21:17:00,3.326557305172173e-07,1.8360456266464098e-08,332.6557305172173,18360.456266464098
2026-09-09 21:18:00,3.3276046451646835e-07,1.809411820374862e-08,332.76046451646835,18094.11820374862
2026-09-09 21:19:00,3.3415977895856486e-07,1.770008140056234e-08,334.15977895856486,17700.08140056234
2026-09-09 21:20:00,3.34126440293403e-07,2.018399314351882e-08,334.126440293403,20183.99314351882
2026-09-09 21:21:00,3.3458258030805155e-07,2.0264634414957072e-08,334.58258030805155,20264.634414957072
2026-09-09 21:22:00,3.3393908438483777e-07,2.117063857554058e-08,333.93908438483777,21170.63857554058
2026-09-09 21:23:00,3.3138405797217274e-07,2.110971486501967e-08,331.38405797217274,21109.71486501967
2026-09-09 21:24:00,3.322253405713127e-07,2.0334919526021622e-08,332.2253405713127,20334.919526021622
2026-09-09 21:25:00,3.3138633170892717e-07,2.0020740620907418e-08,331.3863317089272,20020.740620907418
2026-09-09 21:26:00,3.321486019558506e-07,1.9309796428501613e-08,332.1486019558506,19309.796428501613
2026-09-09 21:27:00,3.318106678307231e-07,1.90282225531746e-08,331.8106678307231,19028.2225531746
2026-09-09 21:28:00,3.3317550673928054e-07,1.864961163278167e-08,333.17550673928054,18649.61163278167
2026-09-09 21:29:00,3.328133288960089e-07,2.1150118101331827e-08,332.8133288960089,21150.118101331827
2026-09-09 21:30:00,3.3255247444685665e-07,2.3728732756467252e-08,332.55247444685665,23728.732756467252
2026-09-09 21:31:00,3.356348656780028e-07,2.3446382613201422e-08,335.6348656780028,23446.382613201422
2026-09-09 21:32:00,3.366926648595836e-07,2.2482376849097818e-08,336.6926648595836,22482.37684909782
2026-09-09 21:33:00,3.3685537914607266e-07,2.3023831730029087e-08,336.85537914607266,23023.831730029087
2026-09-09 21:34:00,3.3904896667991125e-07,2.2849853564821387e-08,339.04896667991125,22849.853564821387
2026-09-09 21:35:00,3.394958412172855e-07,2.1588267173910936e-08,339.4958412172855,21588.267173910936
2026-09-09 21:36:00,3.4240417789987987e-07,2.3152699313300218e-08,342.40417789987987,23152.699313300218
2026-09-09 21:37:00,3.4421722716615477e-07,2.3174560936922717e-08,344.21722716615477,23174.560936922717
2026-09-09 21:38:00,3.419317522457277e-07,2.1845028896905205e-08,341.9317522457277,21845.028896905205
2026-09-09 21:39:00,3.4275180382792314e-07,2.5152356641910956e-08,342.75180382792314,25152.356641910956
2026-09-09 21:40:00,3.428224601975671e-07,2.0821270041437856e-08,342.8224601975671,20821.270041437856
2026-09-09 21:41:00,3.450861640885705e-07,2.200942894603486e-08,345.0861640885705,22009.42894603486
2026-09-09 21:42:00,3.422920542561769e-07,2.098332885225318e-08,342.2920542561769,20983.32885225318
2026-09-09 21:43:00,3.429863113524334e-07,2.013023348013121e-08,342.9863113524334,20130.23348013121
2026-09-09 21:44:00,3.461373125901446e-07,2.3217106459583192e-08,346.1373125901446,23217.106459583192
2026-09-09 21:45:00,3.6279982396081323e-07,2.2505576069420385e-08,362.7998239608132,22505.576069420385
2026-09-09 21:46:00,3.817137326223019e-07,2.321847070163585e-08,381.7137326223019,23218.47070163585
2026-09-09 21:47:00,3.951639087063086e-07,2.3349485900325817e-08,395.1639087063086,23349.485900325817
2026-09-09 21:48:00,4.039605130401469e-07,2.3807567472999835e-08,403.9605130401469,23807.567472999835
2026-09-09 21:49:00,4.0095235931403295e-07,2.2403831678730057e-08,400.95235931403295,22403.831678730057
2026-09-09 21:50:00,3.968494866057881e-07,1.984181174918831e-08,396.8494866057881,19841.81174918831
2026-09-09 21:51:00,3.965449195675319e-07,2.2501261298657482e-08,396.5449195675319,22501.261298657482
2026-09-09 21:52:00,3.976040261477465e-07,2.1744231304410278e-08,397.6040261477465,21744.231304410278
2026-09-09 21:53:00,3.967174961871933e-07,2.1238115266442037e-08,396.7174961871933,21238.115266442037
2026-09-09 21:54:00,3.9155079889496847e-07,2.1242987813252512e-08,391.55079889496847,21242.987813252512
2026-09-09 21:55:00,3.8700559912285826e-07,1.9409483797971916e-08,387.00559912285826,19409.483797971916
2026-09-09 21:56:00,3.8339200614245783e-07,1.9552610197592912e-08,383.39200614245783,19552.610197592912
2026-09-09 21:57:00,3.814965907622536e-07,2.3256314207742435e-08,381.4965907622536,23256.314207742435
2026-09-09 21:58:00,3.7959887322358554e-07,2.112152586164484e-08,379.59887322358554,21121.52586164484
2026-09-09 21:59:00,3.7833802934983396e-07,2.126464870855216e-08,378.33802934983396,21264.64870855216
2026-09-09 22:00:00,3.778099255669076e-07,2.1239250358462414e-08,377.8099255669076,21239.250358462414
2026-09-09 22:01:00,3.7768319316455745e-07,1.8991602956930365e-08,377.68319316455745,18991.602956930365
2026-09-09 22:02:00,3.773772618842486e-07,1.8011977687137914e-08,377.3772618842486,18011.977687137914
2026-09-09 22:03:00,3.782090516324388e-07,1.670137983467157e-08,378.2090516324388,16701.37983467157
2026-09-09 22:04:00,3.734158724455483e-07,1.7448048339474553e-08,373.4158724455483,17448.048339474553
2026-09-09 22:05:00,3.7250643458719424e-07,1.5992769775152738e-08,372.50643458719424,15992.769775152738
2026-09-09 22:06:00,3.73679398535387e-07,1.727621423697201e-08,373.679398535387,17276.21423697201
2026-09-09 22:07:00,3.76158482140454e-07,1.863776510901971e-08,376.158482140454,18637.76510901971
2026-09-09 22:08:00,3.806724464539002e-07,1.7817079367432598e-08,380.6724464539002,17817.079367432598
2026-09-09 22:09:00,3.8007178204679803e-07,1.7882097580468326e-08,380.07178204679803,17882.097580468326
2026-09-09 22:10:00,3.794815199853474e-07,1.8468073292865483e-08,379.4815199853474,18468.073292865483
2026-09-09 22:11:00,3.7665557783839176e-07,1.7871345292519436e-08,376.65557783839176,17871.345292519436
2026-09-09 22:12:00,3.77042226773483e-07,1.787154069177177e-08,377.042226773483,17871.54069177177
2026-09-09 22:13:00,3.7329260749174864e-07,1.6227829746640055e-08,373.29260749174864,16227.829746640055
2026-09-09 22:14:00,3.6821356275140715e-07,1.713090824750907e-08,368.21356275140715,17130.90824750907
2026-09-09 22:15:00,3.6464675190472917e-07,1.7591720080645246e-08,364.6467519047292,17591.720080645246
2026-09-09 22:16:00,3.6295512018114096e-07,1.838447438728963e-08,362.95512018114096,18384.47438728963
2026-09-09 22:17:00,3.598420050821005e-07,1.5997406066503572e-08,359.8420050821005,15997.406066503572
2026-09-09 22:18:00,3.567863018361095e-07,1.8007808577635842e-08,356.7863018361095,18007.808577635842
2026-09-09 22:19:00,3.5578779034040053e-07,2.0271269107752232e-08,355.78779034040053,20271.269107752232
2026-09-09 22:20:00,3.5656256613947335e-07,1.8296198334155633e-08,356.56256613947335,18296.198334155633
2026-09-09 22:21:00,3.5800758269033395e-07,1.7981433231284427e-08,358.00758269033395,17981.433231284427
2026-09-09 22:22:00,3.590437813727476e-07,1.913795877328539e-08,359.0437813727476,19137.95877328539
2026-09-09 22:23:00,3.599432147893822e-07,1.8759928721578945e-08,359.9432147893822,18759.928721578945
2026-09-09 22:24:00,3.616488584157196e-07,2.0832622737998463e-08,361.6488584157196,20832.622737998463
2026-09-09 22:25:00,3.605126437378203e-07,1.963098661406093e-08,360.5126437378203,19630.98661406093
2026-09-09 22:26:00,3.5768516681855544e-07,1.808372829259497e-08,357.68516681855544,18083.72829259497
2026-09-09 22:27:00,3.549829159510409e-07,1.9051432431638204e-08,354.9829159510409,19051.432431638204
2026-09-09 22:28:00,3.550300959886954e-07,1.8594514372693993e-08,355.0300959886954,18594.514372693993
2026-09-09 22:29:00,3.589428274608508e-07,1.8122950251608927e-08,358.9428274608508,18122.950251608927
2026-09-09 22:30:00,3.663627126115898e-07,1.919630676638917e-08,366.3627126115898,19196.30676638917
2026-09-09 22:31:00,3.7170812561271305e-07,2.078142635753011e-08,371.70812561271305,20781.42635753011
2026-09-09 22:32:00,3.773132561946113e-07,2.0672464629001297e-08,377.3132561946113,20672.464629001297
2026-09-09 22:33:00,3.803699542004324e-07,2.217421979366918e-08,380.3699542004324,22174.21979366918
2026-09-09 22:34:00,3.8111082290015474e-07,2.0911068432383217e-08,381.11082290015474,20911.068432383217
2026-09-09 22:35:00,3.79306499098675e-07,2.1878774347783292e-08,379.306499098675,21878.774347783292
2026-09-09 22:36:00,3.762058611300745e-07,1.8227577669449602e-08,376.2058611300745,18227.5776694496
2026-09-09 22:37:00,3.72775048163021e-07,1.680587580210613e-08,372.775048163021,16805.87580210613
2026-09-09 22:38:00,3.714783929353871e-07,1.6630925969707278e-08,371.4783929353871,16630.925969707278
2026-09-09 22:39:00,3.6797996472159866e-07,1.815161176921265e-08,367.97996472159866,18151.61176921265
2026-09-09 22:40:00,3.6664124536400777e-07,1.6034777061690875e-08,366.6412453640078,16034.777061690875
2026-09-09 22:41:00,3.6624382460104243e-07,1.6224959153987584e-08,366.24382460104243,16224.959153987584
2026-09-09 22:42:00,3.6643950807047077e-07,1.570555596686063e-08,366.43950807047077,15705.55596686063
2026-09-09 22:43:00,3.6228030353413487e-07,1.4330328923506386e-08,362.2803035341349,14330.328923506386
2026-09-09 22:44:00,3.5772444562098826e-07,1.3747076366144029e-08,357.72444562098826,13747.076366144029
2026-09-09 22:45:00,3.5731622460843937e-07,1.39220270867213e-08,357.31622460843937,13922.0270867213
2026-09-09 22:46:00,3.5372627849028504e-07,1.2911543834093209e-08,353.72627849028504,12911.543834093209
2026-09-09 22:47:00,3.509669852519437e-07,1.487546974487941e-08,350.9669852519437,14875.46974487941
2026-09-09 22:48:00,3.492060045573453e-07,1.3848198143762147e-08,349.2060045573453,13848.198143762147
2026-09-09 22:49:00,3.451161489920196e-07,1.497309121134549e-08,345.1161489920196,14973.09121134549
2026-09-09 22:50:00,3.4257169545526267e-07,1.4025677508300305e-08,342.57169545526267,14025.677508300305
2026-09-09 22:51:00,3.406970563446521e-07,1.4564204064981823e-08,340.6970563446521,14564.204064981823
2026-09-09 22:52:00,3.395394116978423e-07,1.4850645158048792e-08,339.5394116978423,14850.645158048792
2026-09-09 22:53:00,3.3759525308596494e-07,1.4233232370486348e-08,337.59525308596494,14233.232370486348
2026-09-09 22:54:00,3.355870603627409e-07,1.450580278117286e-08,335.5870603627409,14505.80278117286
2026-09-09 22:55:00,3.3571322433090245e-07,1.4127381930961747e-08,335.71322433090245,14127.381930961747
2026-09-09 22:56:00,3.349073836034222e-07,1.4397423697687373e-08,334.9073836034222,14397.423697687373
2026-09-09 22:57:00,3.336334373216232e-07,1.390615089746916e-08,333.6334373216232,13906.15089746916
2026-09-09 22:58:00,3.328883906306146e-07,1.3357833950067288e-08,332.8883906306146,13357.833950067288
2026-09-09 22:59:00,3.3237654406548245e-07,1.2266131221849719e-08,332.37654406548245,12266.131221849719
2026-09-09 23:00:00,3.331384448301833e-07,1.505016378189339e-08,333.1384448301833,15050.163781893389
2026-09-09 23:01:00,3.307860367840476e-07,1.2978635943738936e-08,330.7860367840476,12978.635943738936
2026-09-09 23:02:00,3.308008160729514e-07,1.4674466086717075e-08,330.8008160729514,14674.466086717075
2026-09-09 23:03:00,3.308936129542417e-07,1.3933050269088199e-08,330.8936129542417,13933.050269088199
2026-09-09 23:04:00,3.284597767105879e-07,1.3029972656397604e-08,328.4597767105879,13029.972656397604
2026-09-09 23:05:00,3.276219047165796e-07,1.2400631632658587e-08,327.6219047165796,12400.631632658587
2026-09-09 23:06:00,3.2695206186872383e-07,1.2717733532952025e-08,326.95206186872383,12717.733532952025
2026-09-09 23:07:00,3.254185969581158e-07,1.1611573924596996e-08,325.4185969581158,11611.573924596996
2026-09-09 23:08:00,3.229078231470339e-07,1.0980094167223342e-08,322.9078231470339,10980.094167223342
2026-09-09 23:09:00,3.2282846973430424e-07,9.952238144705916e-09,322.82846973430424,9952.238144705916
2026-09-09 23:10:00,3.233069492125651e-07,9.526367250600742e-09,323.3069492125651,9526.367250600742
2026-09-09 23:11:00,3.270831143709074e-07,1.1094890339791164e-08,327.0831143709074,11094.890339791164
2026-09-09 23:12:00,3.3023209766724904e-07,1.1759753171247667e-08,330.23209766724904,11759.753171247667
2026-09-09 23:13:00,3.276614677361067e-07,1.3117998243217244e-08,327.6614677361067,13117.998243217244
2026-09-09 23:14:00,3.2476540923198627e-07,1.1570347346889776e-08,324.76540923198627,11570.347346889776
2026-09-09 23:15:00,3.217420214696176e-07,1.2092280954334456e-08,321.7420214696176,12092.280954334456
2026-09-09 23:16:00,3.192009216945735e-07,1.2113153147197409e-08,319.2009216945735,12113.153147197409
2026-09-09 23:17:00,3.2080146183943725e-07,1.2870190246871971e-08,320.80146183943725,12870.19024687197
2026-09-09 23:18:00,3.196883540113049e-07,1.3282188682239848e-08,319.6883540113049,13282.188682239848
2026-09-09 23:19:00,3.2114360237756046e-07,1.2539217664198077e-08,321.14360237756046,12539.217664198077
2026-09-09 23:20:00,3.2277119998980197e-07,1.2225227941087269e-08,322.77119998980197,12225.227941087269
2026-09-09 23:21:00,3.231676828363561e-07,1.0658066429414248e-08,323.1676828363561,10658.066429414248
2026-09-09 23:22:00,3.254997977819585e-07,1.0660204274870466e-08,325.4997977819585,10660.204274870466
2026-09-09 23:23:00,3.2771467317616043e-07,1.3916780616796132e-08,327.71467317616043,13916.780616796132
2026-09-09 23:24:00,3.254424143506185e-07,1.2193789977743563e-08,325.4424143506185,12193.789977743563
2026-09-09 23:25:00,3.237267094391427e-07,1.2811204541662846e-08,323.7267094391427,12811.204541662846
2026-09-09 23:26:00,3.223519797757035e-07,1.202097887897935e-08,322.3519797757035,12020.97887897935
2026-09-09 23:27:00,3.234092105230957e-07,1.2305863883455004e-08,323.4092105230957,12305.863883455004
2026-09-09 23:28:00,3.202393941137416e-07,1.3335275994563744e-08,320.2393941137416,13335.275994563744
2026-09-09 23:29:00,3.1809176448405196e-07,1.4000138826020248e-08,318.09176448405196,14000.138826020248
2026-09-09 23:30:00,3.1594527172273956e-07,1.0949367634793816e-08,315.94527172273956,10949.367634793816
2026-09-09 23:31:00,3.1700307090432034e-07,1.0665454297509314e-08,317.00307090432034,10665.454297509314
2026-09-09 23:32:00,3.170722209233645e-07,1.3228645734386646e-08,317.0722209233645,13228.645734386646
2026-09-09 23:33:00,3.1636733410778106e-07,1.5664141983506852e-08,316.36733410778106,15664.141983506852
2026-09-09 23:34:00,3.154815431116731e-07,1.0540481376608568e-08,315.4815431116731,10540.481376608568
2026-09-09 23:35:00,3.224049862637912e-07,1.2186916364953504e-08,322.4049862637912,12186.916364953504
2026-09-09 23:36:00,3.185609784850385e-07,1.0618783186089331e-08,318.5609784850385,10618.783186089331
2026-09-09 23:37:00,3.223712496946973e-07,1.1190888216106032e-08,322.3712496946973,11190.888216106032
2026-09-09 23:38:00,3.2038164476944075e-07,1.281936867769673e-08,320.38164476944075,12819.36867769673
2026-09-09 23:39:00,3.1837151936997543e-07,1.3200707194016559e-08,318.37151936997543,13200.707194016559
2026-09-09 23:40:00,3.1854222015681444e-07,1.3295798240164913e-08,318.54222015681444,13295.798240164913
2026-09-09 23:41:00,3.1819990908843465e-07,1.3610761406823713e-08,318.19990908843465,13610.761406823713
2026-09-09 23:42:00,3.2235061553365085e-07,1.2569031149212151e-08,322.35061553365085,12569.031149212151
2026-09-09 23:43:00,3.2478294542670483e-07,1.3296575396282151e-08,324.7829454267048,13296.57539628215
2026-09-09 23:44:00,3.2182626341636933e-07,1.2694006734648156e-08,321.82626341636933,12694.006734648156
2026-09-09 23:45:00,3.196132638549898e-07,1.1558741519479554e-08,319.6132638549898,11558.741519479554
2026-09-09 23:46:00,3.169882631937071e-07,1.4010829829658178e-08,316.9882631937071,14010.829829658178
2026-09-09 23:47:00,3.1823984159018437e-07,1.2319859798992638e-08,318.23984159018437,12319.859798992638
2026-09-09 23:48:00,3.1843080705584725e-07,1.1684881506823785e-08,318.43080705584725,11684.881506823785
2026-09-09 23:49:00,3.1717181059320865e-07,1.2035558327738727e-08,317.17181059320865,12035.558327738727
2026-09-09 23:50:00,3.185927823778911e-07,1.1751060569054061e-08,318.5927823778911,11751.060569054061
2026-09-09 23:51:00,3.209114538549329e-07,1.3332677184507702e-08,320.9114538549329,13332.677184507702
2026-09-09 23:52:00,3.2485681344951445e-07,1.2495779522225803e-08,324.85681344951445,12495.779522225803
2026-09-09 23:53:00,3.2710596542528947e-07,1.1339840177981841e-08,327.10596542528947,11339.840177981841
2026-09-09 23:54:00,3.3137013133455184e-07,1.2069326871255726e-08,331.37013133455184,12069.326871255726
2026-09-09 23:55:00,3.333940412630909e-07,1.2528772685982403e-08,333.3940412630909,12528.772685982403
2026-09-09 23:56:00,3.324624060496717e-07,1.1089890783466672e-08,332.4624060496717,11089.890783466672
2026-09-09 23:57:00,3.3230327289857087e-07,9.951125257146032e-09,332.30327289857087,9951.125257146032
2026-09-09 23:58:00,3.285196896740672e-07,1.0442787079512073e-08,328.5196896740672,10442.787079512073
2026-09-09 23:59:00,3.274408584275079e-07,1.1376911857041705e-08,327.4408584275079,11376.911857041705
2026-09-10 00:00:00,3.308186649064737e-07,1.2897401369116324e-08,330.8186649064737,12897.401369116324
2026-09-10 00:01:00,3.342616423651634e-07,1.055563814134075e-08,334.2616423651634,10555.63814134075
2026-09-10 00:02:00,3.316245340556634e-07,1.0729420019117697e-08,331.6245340556634,10729.420019117697
2026-09-10 00:03:00,3.327277795506234e-07,1.1125602661365974e-08,332.7277795506234,11125.602661365974
2026-09-10 00:04:00,3.319702273074654e-07,1.1366922514355338e-08,331.9702273074654,11366.922514355338
2026-09-10 00:05:00,3.3207271599167143e-07,1.1193139748399972e-08,332.07271599167143,11193.139748399972
2026-09-10 00:06:00,3.3140096888928383e-07,1.1255239407148565e-08,331.40096888928383,11255.239407148565
2026-09-10 00:07:00,3.309018268282671e-07,1.2220995770917398e-08,330.9018268282671,12220.995770917398
2026-09-10 00:08:00,3.329816138375463e-07,1.1904478292024123e-08,332.9816138375463,11904.478292024123
2026-09-10 00:09:00,3.3356280937368865e-07,9.185650462484318e-09,333.56280937368865,9185.650462484318
2026-09-10 00:10:00,3.3567974355719343e-07,1.0849261045109415e-08,335.67974355719343,10849.261045109415
2026-09-10 00:11:00,3.364721408161131e-07,1.263318782918077e-08,336.4721408161131,12633.18782918077
2026-09-10 00:12:00,3.371012553543551e-07,1.1688295664669113e-08,337.1012553543551,11688.295664669113
2026-09-10 00:13:00,3.384994613497838e-07,1.2748174071930407e-08,338.4994613497838,12748.174071930407
2026-09-10 00:14:00,3.3838620083770365e-07,1.2384789194186396e-08,338.38620083770365,12384.789194186396
2026-09-10 00:15:00,3.407503470498341e-07,1.2337340926649176e-08,340.7503470498341,12337.340926649176
2026-09-10 00:16:00,3.520272287005355e-07,1.4173765272573746e-08,352.0272287005355,14173.765272573746
2026-09-10 00:17:00,3.584492560548824e-07,1.456936349342186e-08,358.4492560548824,14569.36349342186
2026-09-10 00:18:00,3.636570227172342e-07,1.588424147769274e-08,363.6570227172342,15884.24147769274
2026-09-10 00:19:00,3.69921281162533e-07,1.3829692946387695e-08,369.921281162533,13829.692946387695
2026-09-10 00:20:00,3.7816096210008254e-07,1.4382481872132757e-08,378.16096210008254,14382.481872132757
2026-09-10 00:21:00,3.8455118556157686e-07,1.7390080486734405e-08,384.55118556157686,17390.080486734405
2026-09-10 00:22:00,4.0465690176461067e-07,1.5918203644105233e-08,404.65690176461067,15918.203644105233
2026-09-10 00:23:00,4.2034099578813766e-07,1.6707849326280666e-08,420.34099578813766,16707.849326280666
2026-09-10 00:24:00,4.3638067381834844e-07,1.7469160340510825e-08,436.38067381834844,17469.160340510825
2026-09-10 00:25:00,4.642625128781219e-07,1.6948003889183383e-08,464.2625128781219,16948.003889183383
2026-09-10 00:26:00,4.691264621214941e-07,2.0015564317077406e-08,469.1264621214941,20015.564317077406
2026-09-10 00:27:00,4.783900635629834e-07,1.86713844385622e-08,478.3900635629834,18671.3844385622
2026-09-10 00:28:00,4.866443532591802e-07,1.7171371879953767e-08,486.6443532591802,17171.371879953767
2026-09-10 00:29:00,5.002170837542508e-07,1.8011181879273863e-08,500.2170837542508,18011.181879273863
2026-09-10 00:30:00,5.453975973068736e-07,2.1222062329684377e-08,545.3975973068736,21222.062329684377
2026-09-10 00:31:00,6.635020213252574e-07,3.1122016963536225e-08,663.5020213252574,31122.016963536225
2026-09-10 00:32:00,7.850639462958497e-07,3.974300000209041e-08,785.0639462958497,39743.00000209041
2026-09-10 00:33:00,9.097972224481055e-07,4.6703473088882674e-08,909.7972224481055,46703.473088882674
2026-09-10 00:34:00,1.0218110446658102e-06,5.34259321227637e-08,1021.8110446658102,53425.9321227637
2026-09-10 00:35:00,1.135789943873533e-06,6.282016329350881e-08,1135.789943873533,62820.16329350881
2026-09-10 00:36:00,1.2270492106836173e-06,7.197831308758396e-08,1227.0492106836173,71978.31308758396
2026-09-10 00:37:00,1.2991574749321444e-06,7.501638066287342e-08,1299.1574749321444,75016.38066287342
2026-09-10 00:38:00,1.3177869959690724e-06,7.451065187069617e-08,1317.7869959690724,74510.65187069617
2026-09-10 00:39:00,1.3216871366239502e-06,6.946665109808237e-08,1321.6871366239502,69466.65109808237
2026-09-10 00:40:00,1.3299609236128163e-06,6.679313457880198e-08,1329.9609236128163,66793.13457880198
2026-09-10 00:41:00,1.3299845704750624e-06,6.462709478682882e-08,1329.9845704750624,64627.09478682882
2026-09-10 00:42:00,1.33374999222724e-06,6.448766498579062e-08,1333.74999222724,64487.664985790616
2026-09-10 00:43:00,1.3392617574936594e-06,6.22884357426301e-08,1339.2617574936594,62288.4357426301
2026-09-10 00:44:00,1.353889729216462e-06,6.119692841366486e-08,1353.889729216462,61196.928413664864
2026-09-10 00:45:00,1.3640752740684547e-06,6.140389530173707e-08,1364.0752740684547,61403.895301737066
2026-09-10 00:46:00,1.370042468806787e-06,5.9569220667299305e-08,1370.042468806787,59569.220667299305
2026-09-10 00:47:00,1.378820229547273e-06,6.004642472134947e-08,1378.820229547273,60046.42472134947
2026-09-10 00:48:00,1.3911424048274057e-06,6.102819583020391e-08,1391.1424048274057,61028.19583020391
2026-09-10 00:49:00,1.402166503794433e-06,6.59302372696402e-08,1402.166503794433,65930.2372696402
2026-09-10 00:50:00,1.4154776408759062e-06,6.31795842309657e-08,1415.4776408759062,63179.5842309657
2026-09-10 00:51:00,1.4219435797713231e-06,6.65787069920043e-08,1421.9435797713231,66578.7069920043
2026-09-10 00:52:00,1.4127967915555928e-06,6.835283983264162e-08,1412.7967915555928,68352.83983264162
2026-09-10 00:53:00,1.4027496035851073e-06,6.550631326263101e-08,1402.7496035851073,65506.31326263101
2026-09-10 00:54:00,1.3806428569296259e-06,6.258071039155766e-08,1380.6428569296259,62580.71039155766
2026-09-10 00:55:00,1.3476042113325093e-06,5.907203970423325e-08,1347.6042113325093,59072.03970423325
2026-09-10 00:56:00,1.3191755670050043e-06,5.639735789486622e-08,1319.1755670050043,56397.35789486622
2026-09-10 00:57:00,1.2953872783327824e-06,5.272897496411133e-08,1295.3872783327824,52728.97496411133
2026-09-10 00:58:00,1.26426800761692e-06,4.876027759337376e-08,1264.26800761692,48760.27759337376
2026-09-10 00:59:00,1.2322842621870223e-06,4.708434531153216e-08,1232.2842621870223,47084.34531153216
2026-09-10 01:00:00,1.1997560704912758e-06,4.6975184631037337e-08,1199.7560704912758,46975.18463103734
2026-09-10 01:01:00,1.1664870953609352e-06,4.401736575232462e-08,1166.4870953609352,44017.36575232462
2026-09-10 01:02:00,1.1315833035041578e-06,4.27378097356268e-08,1131.5833035041578,42737.8097356268
2026-09-10 01:03:00,1.0933230214504874e-06,4.053761415434565e-08,1093.3230214504874,40537.61415434565
2026-09-10 01:04:00,1.0593738579700585e-06,3.739174658790034e-08,1059.3738579700585,37391.74658790034
2026-09-10 01:05:00,1.0250480499962578e-06,3.463973285988686e-08,1025.0480499962578,34639.73285988686
2026-09-10 01:06:00,9.930752185027814e-07,3.067006559831498e-08,993.0752185027814,30670.065598314977
2026-09-10 01:07:00,9.63160232458904e-07,2.839311719071702e-08,963.1602324589039,28393.11719071702
2026-09-10 01:08:00,9.387235309077369e-07,3.0117664806539324e-08,938.7235309077369,30117.664806539324
2026-09-10 01:09:00,9.129930162998789e-07,3.0483768398426037e-08,912.993016299879,30483.768398426037
2026-09-10 01:10:00,8.890678486750403e-07,2.861804127007872e-08,889.0678486750403,28618.04127007872
2026-09-10 01:11:00,8.716652359908039e-07,2.7857893769578368e-08,871.6652359908039,27857.893769578368
2026-09-10 01:12:00,8.63642128479114e-07,2.819139233167789e-08,863.642128479114,28191.39233167789
2026-09-10 01:13:00,8.426613931078464e-07,2.7955314507721596e-08,842.6613931078464,27955.314507721596
2026-09-10 01:14:00,8.11744200746034e-07,2.550263999978597e-08,811.744200746034,25502.63999978597
2026-09-10 01:15:00,7.856481261114823e-07,2.5740465758872233e-08,785.6481261114823,25740.465758872233
2026-09-10 01:16:00,7.638603847226477e-07,2.50615350694261e-08,763.8603847226477,25061.5350694261
2026-09-10 01:17:00,7.486743811568886e-07,2.4016889810241082e-08,748.6743811568886,24016.889810241082
2026-09-10 01:18:00,7.351187036874762e-07,2.3799541892799425e-08,735.1187036874762,23799.541892799425
2026-09-10 01:19:00,7.205578640423482e-07,2.5775788614623707e-08,720.5578640423482,25775.788614623707
2026-09-10 01:20:00,7.075994403749064e-07,2.4920742802692075e-08,707.5994403749064,24920.742802692075
2026-09-10 01:21:00,7.016884069344087e-07,2.457220560359019e-08,701.6884069344087,24572.20560359019
2026-09-10 01:22:00,7.041325602585857e-07,2.484146754966332e-08,704.1325602585857,24841.46754966332
2026-09-10 01:23:00,7.114226150406466e-07,2.5067166120607e-08,711.4226150406466,25067.166120607
2026-09-10 01:24:00,7.206513714663743e-07,2.6822180032581855e-08,720.6513714663743,26822.180032581855
2026-09-10 01:25:00,7.282296223820595e-07,2.7009061653870958e-08,728.2296223820595,27009.06165387096
2026-09-10 01:26:00,7.343021479755407e-07,2.7945130653961314e-08,734.3021479755407,27945.130653961314
2026-09-10 01:27:00,7.320065833482658e-07,2.7613378250634923e-08,732.0065833482658,27613.378250634923
2026-09-10 01:28:00,7.235379939629638e-07,2.5888637011917126e-08,723.5379939629638,25888.637011917126
2026-09-10 01:29:00,7.16127431132918e-07,2.67112731933139e-08,716.127431132918,26711.2731933139
2026-09-10 01:30:00,7.13947088115674e-07,2.4641295226501825e-08,713.947088115674,24641.295226501825
2026-09-10 01:31:00,7.029205448816356e-07,2.4434324785715944e-08,702.9205448816356,24434.324785715944
2026-09-10 01:32:00,6.857135304016992e-07,2.4182625679713965e-08,685.7135304016992,24182.625679713965
2026-09-10 01:33:00,6.663357794423064e-07,2.08153299041669e-08,666.3357794423064,20815.3299041669
2026-09-10 01:34:00,6.499337814602768e-07,2.2459632376126137e-08,649.9337814602768,22459.632376126137
2026-09-10 01:35:00,6.318164764707035e-07,2.2871240901167766e-08,631.8164764707035,22871.240901167766
2026-09-10 01:36:00,6.156095082587854e-07,2.0784668208762014e-08,615.6095082587854,20784.668208762014
2026-09-10 01:37:00,5.995371452627296e-07,2.284019018361505e-08,599.5371452627296,22840.19018361505
2026-09-10 01:38:00,5.861373892912525e-07,2.1275360140293742e-08,586.1373892912525,21275.360140293742
2026-09-10 01:39:00,5.759873715760477e-07,1.9456496858083483e-08,575.9873715760477,19456.496858083483
2026-09-10 01:40:00,5.634394710796187e-07,1.8033428972330512e-08,563.4394710796187,18033.428972330512
2026-09-10 01:41:00,5.501761393134075e-07,1.8303275339803804e-08,550.1761393134075,18303.275339803804
2026-09-10 01:42:00,5.413108965512947e-07,1.8762333908739492e-08,541.3108965512947,18762.333908739492
2026-09-10 01:43:00,5.379788490245119e-07,1.7795798612496583e-08,537.9788490245119,17795.798612496583
2026-09-10 01:44:00,5.374126885726582e-07,1.8984147587275402e-08,537.4126885726582,18984.1475872754
2026-09-10 01:45:00,5.279319452711206e-07,1.879299560414438e-08,527.9319452711206,18792.99560414438
2026-09-10 01:46:00,5.193861056795868e-07,1.8462408490904636e-08,519.3861056795868,18462.408490904636
2026-09-10 01:47:00,5.135440801495861e-07,1.711822683603259e-08,513.5440801495861,17118.22683603259
2026-09-10 01:48:00,5.044409476795408e-07,1.5253080576371758e-08,504.44094767954084,15253.080576371758
2026-09-10 01:49:00,4.986081307833956e-07,1.5440933864852013e-08,498.6081307833956,15440.933864852013
2026-09-10 01:50:00,4.885482667305041e-07,1.4633532607888355e-08,488.5482667305041,14633.532607888355
2026-09-10 01:51:00,4.828553983315942e-07,1.4777431722734491e-08,482.8553983315942,14777.43172273449
2026-09-10 01:52:00,4.7296813932007353e-07,1.5284907561863292e-08,472.96813932007353,15284.907561863292
2026-09-10 01:53:00,4.6552347043871123e-07,1.4367762979361487e-08,465.52347043871123,14367.762979361487
2026-09-10 01:54:00,4.5671487214349327e-07,1.1552676149051422e-08,456.71487214349327,11552.676149051422
2026-09-10 01:55:00,4.473152159789606e-07,9.053913174739137e-09,447.3152159789606,9053.913174739137
2026-09-10 01:56:00,4.419848664838355e-07,8.753794134008785e-09,441.9848664838355,8753.794134008785
2026-09-10 01:57:00,4.3501719915184367e-07,1.098368240803893e-08,435.01719915184367,10983.68240803893
2026-09-10 01:58:00,4.294710720387229e-07,1.0636307834488434e-08,429.4710720387229,10636.307834488434
2026-09-10 01:59:00,4.267085103037971e-07,1.109439562441139e-08,426.7085103037971,11094.39562441139
2026-09-10 02:00:00,4.2195668470412784e-07,1.1251780840382253e-08,421.95668470412784,11251.780840382253
2026-09-10 02:01:00,4.1665037997518084e-07,1.1032101454588883e-08,416.65037997518084,11032.101454588883
2026-09-10 02:02:00,4.12899737511907e-07,1.1222089923990097e-08,412.899737511907,11222.089923990097
2026-09-10 02:03:00,4.0773929299575684e-07,1.1459138526959123e-08,407.73929299575684,11459.138526959123
2026-09-10 02:04:00,4.025547752917191e-07,1.2311659247643547e-08,402.5547752917191,12311.659247643547
2026-09-10 02:05:00,3.9959127207112033e-07,1.0954574136690098e-08,399.59127207112033,10954.574136690098
2026-09-10 02:06:00,3.973295861214865e-07,1.1445069780791073e-08,397.3295861214865,11445.069780791073
2026-09-10 02:07:00,3.9514745253654837e-07,1.3960037570370787e-08,395.14745253654837,13960.037570370787
2026-09-10 02:08:00,3.982612213349057e-07,1.1523762388776504e-08,398.2612213349057,11523.762388776504
2026-09-10 02:09:00,3.983320766565157e-07,1.1779538233724907e-08,398.3320766565157,11779.538233724907
2026-09-10 02:10:00,3.99568534703576e-07,1.1761198237536519e-08,399.568534703576,11761.198237536519
2026-09-10 02:11:00,4.054683415688487e-07,1.0765555558123197e-08,405.4683415688487,10765.555558123197
2026-09-10 02:12:00,4.061152480971941e-07,1.0369180181157844e-08,406.1152480971941,10369.180181157844
2026-09-10 02:13:00,4.01456077270268e-07,9.595158445563357e-09,401.456077270268,9595.158445563357
2026-09-10 02:14:00,3.9755690295351087e-07,9.452230109729953e-09,397.55690295351087,9452.230109729953
2026-09-10 02:15:00,3.9013457353576086e-07,9.752543661534219e-09,390.13457353576086,9752.543661534219
2026-09-10 02:16:00,3.839299722585565e-07,1.14936815620581e-08,383.9299722585565,11493.6815620581
2026-09-10 02:17:00,3.8056595030866447e-07,9.485415120025209e-09,380.56595030866447,9485.415120025209
2026-09-10 02:18:00,3.7801839880557964e-07,8.582340171869873e-09,378.01839880557964,8582.340171869873
2026-09-10 02:19:00,3.758609352644271e-07,1.3155353251192992e-08,375.8609352644271,13155.353251192992
2026-09-10 02:20:00,3.736899714112951e-07,9.153858115951152e-09,373.6899714112951,9153.858115951152
2026-09-10 02:21:00,3.697121826462535e-07,8.458333589089762e-09,369.7121826462535,8458.333589089762
2026-09-10 02:22:00,3.66529661732784e-07,8.711392496252301e-09,366.529661732784,8711.392496252301
2026-09-10 02:23:00,3.63482939746973e-07,6.5914411706557985e-09,363.482939746973,6591.4411706557985
2026-09-10 02:24:00,3.6299326211519656e-07,6.732816082433146e-09,362.99326211519656,6732.816082433146
2026-09-10 02:25:00,3.6141392456556787e-07,3.77577213939162e-09,361.41392456556787,3775.77213939162
2026-09-10 02:26:00,3.6089144828110875e-07,2.0047465909556195e-09,360.89144828110875,2004.7465909556195
2026-09-10 02:27:00,3.585509489312244e-07,3.3342772987055014e-09,358.5509489312244,3334.2772987055014
2026-09-10 02:28:00,3.553572582859488e-07,6.1655685001937854e-09,355.3572582859488,6165.568500193785
2026-09-10 02:29:00,3.566186990155984e-07,4.520491536652571e-09,356.6186990155984,4520.491536652571
2026-09-10 02:30:00,3.575276252831827e-07,4.694081123801652e-09,357.5276252831827,4694.081123801652
2026-09-10 02:31:00,3.590849928514217e-07,3.824384808837067e-09,359.0849928514217,3824.384808837067
2026-09-10 02:32:00,3.580985890039301e-07,4.333025938052515e-09,358.0985890039301,4333.025938052515
2026-09-10 02:33:00,3.553456906502106e-07,4.409777876190901e-09,355.3456906502106,4409.777876190901
2026-09-10 02:34:00,3.546529114828445e-07,4.188933644400095e-09,354.6529114828445,4188.933644400095
2026-09-10 02:35:00,3.5396982411839417e-07,3.523488834034083e-09,353.9698241183942,3523.488834034083
2026-09-10 02:36:00,3.5098011608170054e-07,6.733787305535088e-09,350.98011608170054,6733.787305535088
2026-09-10 02:37:00,3.475937546681962e-07,5.247841716737867e-09,347.5937546681962,5247.841716737867
2026-09-10 02:38:00,3.4542395610515086e-07,5.264823244033323e-09,345.42395610515086,5264.823244033323
2026-09-10 02:39:00,3.449903260843712e-07,5.563583815870743e-09,344.9903260843712,5563.583815870743
2026-09-10 02:40:00,3.44058690870952e-07,6.022641052538802e-09,344.058690870952,6022.641052538802
2026-09-10 02:41:00,3.4293532280571526e-07,5.882236031595767e-09,342.93532280571526,5882.236031595767
2026-09-10 02:42:00,3.413315425859764e-07,5.70709346447984e-09,341.3315425859764,5707.09346447984
2026-09-10 02:43:00,3.416740526063222e-07,6.2463967331893855e-09,341.6740526063222,6246.3967331893855
2026-09-10 02:44:00,3.415734397549386e-07,5.251723500521166e-09,341.5734397549386,5251.723500521166
2026-09-10 02:45:00,3.4158256312366575e-07,6.103468841445192e-09,341.58256312366575,6103.468841445192
2026-09-10 02:46:00,3.388182960861741e-07,5.247065448799049e-09,338.8182960861741,5247.065448799049
2026-09-10 02:47:00,3.377188022568589e-07,5.50322987180607e-09,337.7188022568589,5503.22987180607
2026-09-10 02:48:00,3.389903042716469e-07,6.925133799740024e-09,338.9903042716469,6925.133799740024
2026-09-10 02:49:00,3.4389992720207374e-07,8.30055935097107e-09,343.89992720207374,8300.55935097107
2026-09-10 02:50:00,3.4378663826828415e-07,9.5820587020512e-09,343.78663826828415,9582.0587020512
2026-09-10 02:51:00,3.44218364034532e-07,1.0182880316733645e-08,344.218364034532,10182.880316733645
2026-09-10 02:52:00,3.4440023455317714e-07,9.518600130320465e-09,344.40023455317714,9518.600130320465
2026-09-10 02:53:00,3.450706458352215e-07,7.177610505948451e-09,345.0706458352215,7177.610505948451
2026-09-10 02:54:00,3.5130955211570836e-07,8.172866827749203e-09,351.30955211570836,8172.866827749203
2026-09-10 02:55:00,3.549592406670854e-07,6.971999866323131e-09,354.9592406670854,6971.999866323131
2026-09-10 02:56:00,3.6051389429303526e-07,8.80318395957147e-09,360.51389429303526,8803.18395957147
2026-09-10 02:57:00,3.729138597918791e-07,8.723521460751726e-09,372.9138597918791,8723.521460751726
2026-09-10 02:58:00,3.870748059853213e-07,9.813478918374585e-09,387.0748059853213,9813.478918374585
2026-09-10 02:59:00,3.8631515053566545e-07,1.256743598077037e-08,386.31515053566545,12567.43598077037
2026-09-10 03:00:00,3.7933460816930165e-07,1.016162887168548e-08,379.33460816930165,10161.62887168548
2026-09-10 03:01:00,3.697635122534848e-07,1.0967477592771502e-08,369.7635122534848,10967.477592771502
2026-09-10 03:02:00,3.6554553162204684e-07,1.0286217211330495e-08,365.54553162204684,10286.217211330495
2026-09-10 03:03:00,3.6037656059306755e-07,1.0415464046786838e-08,360.37656059306755,10415.464046786838
2026-09-10 03:04:00,3.568835325040709e-07,1.3828071132593323e-08,356.8835325040709,13828.071132593323
2026-09-10 03:05:00,3.594276734020241e-07,1.4838366091396438e-08,359.4276734020241,14838.366091396438
2026-09-10 03:06:00,3.587472292565508e-07,1.5646545392655753e-08,358.7472292565508,15646.545392655753
2026-09-10 03:07:00,3.5860912817042845e-07,1.2022892015295383e-08,358.60912817042845,12022.892015295383
2026-09-10 03:08:00,3.581777718864032e-07,1.3794886122298067e-08,358.1777718864032,13794.886122298067
2026-09-10 03:09:00,3.560733432550478e-07,1.6529339674775656e-08,356.0733432550478,16529.339674775656
2026-09-10 03:10:00,3.570826550003403e-07,1.4439272888466803e-08,357.0826550003403,14439.272888466803
2026-09-10 03:11:00,3.595835948999593e-07,1.6891169352106772e-08,359.5835948999593,16891.169352106772
2026-09-10 03:12:00,3.6033281958225416e-07,1.665295634722952e-08,360.33281958225416,16652.95634722952
2026-09-10 03:13:00,3.5728609759644314e-07,1.7000330032601596e-08,357.28609759644314,17000.330032601596
2026-09-10 03:14:00,3.6037619111084496e-07,1.685643091775546e-08,360.37619111084496,16856.43091775546
2026-09-10 03:15:00,3.597618558615068e-07,1.4942090231784277e-08,359.7618558615068,14942.090231784277
2026-09-10 03:16:00,3.587504409097164e-07,1.5037180389754212e-08,358.7504409097164,15037.180389754212
2026-09-10 03:17:00,3.607368626035168e-07,1.639465452285549e-08,360.7368626035168,16394.65452285549
2026-09-10 03:18:00,3.624296880389011e-07,1.5350009263670472e-08,362.4296880389011,15350.009263670472
2026-09-10 03:19:00,3.6259959301787603e-07,1.503310365080779e-08,362.59959301787603,15033.103650807789
2026-09-10 03:20:00,3.6138436598776025e-07,1.4464691666660201e-08,361.38436598776025,14464.691666660201
2026-09-10 03:21:00,3.5931137176703487e-07,1.680102101886405e-08,359.31137176703487,16801.02101886405
2026-09-10 03:22:00,3.57503012082816e-07,1.5993229851574142e-08,357.503012082816,15993.229851574142
2026-09-10 03:23:00,3.571959439341299e-07,1.4917535651193248e-08,357.1959439341299,14917.535651193248
2026-09-10 03:24:00,3.553440137693542e-07,1.5535142949829606e-08,355.3440137693542,15535.142949829606
2026-09-10 03:25:00,3.5382947771722684e-07,1.584855446878919e-08,353.82947771722684,15848.554468789189
2026-09-10 03:26:00,3.5370274531487667e-07,1.500854907021676e-08,353.70274531487667,15008.549070216759
2026-09-10 03:27:00,3.5368040585126437e-07,1.3885988359163548e-08,353.68040585126437,13885.988359163548
2026-09-10 03:28:00,3.5063257541878556e-07,1.1227123231094538e-08,350.63257541878556,11227.123231094538
2026-09-10 03:29:00,3.4988144648195885e-07,1.1305232305858226e-08,349.88144648195885,11305.232305858226
2026-09-10 03:30:00,3.488907225346338e-07,9.547694190814582e-09,348.8907225346338,9547.694190814582
2026-09-10 03:31:00,3.4972271123479004e-07,1.0530627925220415e-08,349.72271123479004,10530.627925220415
2026-09-10 03:32:00,3.4847869301302126e-07,1.4416165150521465e-08,348.47869301302126,14416.165150521465
2026-09-10 03:33:00,3.477071288671141e-07,1.3484369176808286e-08,347.7071288671141,13484.369176808286
2026-09-10 03:34:00,3.4701020013017114e-07,1.3860268488485872e-08,347.01020013017114,13860.268488485872
2026-09-10 03:35:00,3.469548914836196e-07,1.5095483973937007e-08,346.9548914836196,15095.483973937007
2026-09-10 03:36:00,3.472371474799729e-07,1.4476710497035583e-08,347.2371474799729,14476.710497035583
2026-09-10 03:37:00,3.4515713309701823e-07,1.6959850412945343e-08,345.15713309701823,16959.850412945343
2026-09-10 03:38:00,3.4447307939444727e-07,1.4411309479100964e-08,344.47307939444727,14411.309479100964
2026-09-10 03:39:00,3.4181132946287107e-07,1.4867842068611026e-08,341.8113294628711,14867.842068611026
2026-09-10 03:40:00,3.4002704296653974e-07,1.240071245689478e-08,340.02704296653974,12400.71245689478
2026-09-10 03:41:00,3.403555126624269e-07,1.0596504118609573e-08,340.3555126624269,10596.504118609573
2026-09-10 03:42:00,3.3979895874836075e-07,1.2479017819089222e-08,339.79895874836075,12479.017819089222
2026-09-10 03:43:00,3.4269601201231126e-07,1.3774585028158981e-08,342.69601201231126,13774.585028158981
2026-09-10 03:44:00,3.4609240628924454e-07,1.4531624792368802e-08,346.09240628924454,14531.624792368802
2026-09-10 03:45:00,3.479564441022376e-07,1.4658153801860863e-08,347.9564441022376,14658.153801860863
2026-09-10 03:46:00,3.5097983186460624e-07,1.3471940008003003e-08,350.97983186460624,13471.940008003003
2026-09-10 03:47:00,3.535120072228892e-07,1.2599526755252555e-08,353.5120072228892,12599.526755252555
2026-09-10 03:48:00,3.5165933809366834e-07,1.3659210651439935e-08,351.65933809366834,13659.210651439935
2026-09-10 03:49:00,3.507830115268007e-07,1.3009581856238128e-08,350.7830115268007,13009.581856238128
2026-09-10 03:50:00,3.480996610960574e-07,1.4685126004110316e-08,348.0996610960574,14685.126004110316
2026-09-10 03:51:00,3.4855429476010613e-07,1.4574412787737856e-08,348.55429476010613,14574.412787737856
2026-09-10 03:52:00,3.476876315744448e-07,1.591587484028878e-08,347.6876315744448,15915.87484028878
2026-09-10 03:53:00,3.4746145161079767e-07,1.5806325137646127e-08,347.46145161079767,15806.325137646127
2026-09-10 03:54:00,3.4751772659546987e-07,1.6296045401986703e-08,347.51772659546987,16296.045401986703
2026-09-10 03:55:00,3.489816720048111e-07,1.619881651038213e-08,348.9816720048111,16198.81651038213
2026-09-10 03:56:00,3.4662946291064145e-07,1.6689702064809353e-08,346.62946291064145,16689.702064809353
2026-09-10 03:57:00,3.458891342233983e-07,1.6245294887085038e-08,345.8891342233983,16245.294887085038
2026-09-10 03:58:00,3.439779447944602e-07,1.5958857346731747e-08,343.9779447944602,15958.857346731747
2026-09-10 03:59:00,3.421241387968621e-07,1.336383892436288e-08,342.1241387968621,13363.83892436288
2026-09-10 04:00:00,3.422161967137072e-07,1.4045099305803888e-08,342.2161967137072,14045.099305803888
2026-09-10 04:01:00,3.4155451089645794e-07,1.507062563632644e-08,341.55451089645794,15070.62563632644
2026-09-10 04:02:00,3.402795982765383e-07,1.5116132345838196e-08,340.2795982765383,15116.132345838196
2026-09-10 04:03:00,3.3781410024857905e-07,1.5085470650433308e-08,337.81410024857905,15085.470650433308
2026-09-10 04:04:00,3.373018842012243e-07,1.536938576407465e-08,337.3018842012243,15369.38576407465
2026-09-10 04:05:00,3.3682394473544264e-07,1.4577993923126087e-08,336.82394473544264,14577.993923126087
2026-09-10 04:06:00,3.3878873750836647e-07,1.3564205758598291e-08,338.78873750836647,13564.205758598291
2026-09-10 04:07:00,3.402419110898336e-07,1.4463979347567602e-08,340.2419110898336,14463.979347567602
2026-09-10 04:08:00,3.389116898233624e-07,1.4463590325419773e-08,338.9116898233624,14463.590325419773
2026-09-10 04:09:00,3.335222800160409e-07,1.512592717745065e-08,333.5222800160409,15125.927177450649
2026-09-10 04:10:00,3.3055499670808786e-07,1.3385371033791671e-08,330.55499670808786,13385.371033791671
2026-09-10 04:11:00,3.2903250257732e-07,1.3433402834550634e-08,329.03250257732,13433.402834550634
2026-09-10 04:12:00,3.2779360026324866e-07,1.3575748525340714e-08,327.79360026324866,13575.748525340714
2026-09-10 04:13:00,3.25643128462616e-07,1.4712181695131221e-08,325.643128462616,14712.181695131221
2026-09-10 04:14:00,3.2590548926236806e-07,1.4665704206606733e-08,325.90548926236806,14665.704206606733
2026-09-10 04:15:00,3.25756047914183e-07,1.5549661114278024e-08,325.756047914183,15549.661114278024
2026-09-10 04:16:00,3.2706145702832146e-07,1.5152508581195434e-08,327.06145702832146,15152.508581195434
2026-09-10 04:17:00,3.2895994195314415e-07,1.5500852157401823e-08,328.95994195314415,15500.852157401823
2026-09-10 04:18:00,3.2731131227592414e-07,1.627526202696572e-08,327.31131227592414,16275.26202696572
2026-09-10 04:19:00,3.2679906780685997e-07,1.5799999530941022e-08,326.79906780685997,15799.999530941022
2026-09-10 04:20:00,3.2671951544216427e-07,1.3822979205713182e-08,326.71951544216427,13822.979205713182
2026-09-10 04:21:00,3.2804803140606964e-07,1.3378765650884361e-08,328.04803140606964,13378.765650884361
2026-09-10 04:22:00,3.280688645190821e-07,1.4737012499210778e-08,328.0688645190821,14737.012499210778
2026-09-10 04:23:00,3.2811433925417077e-07,1.4373242152032617e-08,328.1143392541708,14373.242152032617
2026-09-10 04:24:00,3.2792166848594206e-07,1.355138312675308e-08,327.92166848594206,13551.38312675308
2026-09-10 04:25:00,3.2834165608619514e-07,1.2744175492684917e-08,328.34165608619514,12744.175492684917
2026-09-10 04:26:00,3.277938276369241e-07,1.1571446911773364e-08,327.7938276369241,11571.446911773364
2026-09-10 04:27:00,3.036966234049032e-07,1.3072816607007098e-08,303.6966234049032,13072.816607007098
2026-09-10 04:28:00,1.436951464484082e-07,1.1679633260541777e-08,143.6951464484082,11679.633260541777
2026-09-10 04:29:00,3.724272445992938e-08,1.190339204981683e-08,37.24272445992938,11903.39204981683
2026-09-10 04:30:00,2.8323539069674553e-08,1.2088961831580036e-08,28.323539069674553,12088.961831580036
2026-09-10 04:31:00,0.0,0.0,0.0,0.0
2026-09-10 04:32:00,0.0,0.0,0.0,0.0
2026-09-10 04:33:00,0.0,0.0,0.0,0.0
2026-09-10 04:34:00,0.0,0.0,0.0,0.0
2026-09-10 04:35:00,0.0,0.0,0.0,0.0
2026-09-10 04:36:00,0.0,0.0,0.0,0.0
2026-09-10 04:37:00,0.0,0.0,0.0,0.0
2026-09-10 04:38:00,0.0,0.0,0.0,0.0
2026-09-10 04:39:00,0.0,0.0,0.0,0.0
2026-09-10 04:40:00,0.0,0.0,0.0,0.0
2026-09-10 04:41:00,0.0,0.0,0.0,0.0
2026-09-10 04:42:00,0.0,0.0,0.0,0.0
2026-09-10 04:43:00,0.0,0.0,0.0,0.0
2026-09-10 04:44:00,0.0,0.0,0.0,0.0
2026-09-10 04:45:00,0.0,0.0,0.0,0.0
2026-09-10 04:46:00,0.0,0.0,0.0,0.0
2026-09-10 04:47:00,0.0,0.0,0.0,0.0
2026-09-10 04:48:00,0.0,0.0,0.0,0.0
2026-09-10 04:49:00,0.0,0.0,0.0,0.0
2026-09-10 04:50:00,0.0,0.0,0.0,0.0
2026-09-10 04:51:00,0.0,0.0,0.0,0.0
2026-09-10 04:52:00,0.0,0.0,0.0,0.0
2026-09-10 04:53:00,0.0,0.0,0.0,0.0
2026-09-10 04:54:00,0.0,0.0,0.0,0.0
2026-09-10 04:55:00,0.0,0.0,0.0,0.0
2026-09-10 04:56:00,0.0,0.0,0.0,0.0
2026-09-10 04:57:00,0.0,0.0,0.0,0.0
2026-09-10 04:58:00,0.0,0.0,0.0,0.0
2026-09-10 04:59:00,0.0,0.0,0.0,0.0
2026-09-10 05:00:00,0.0,0.0,0.0,0.0
2026-09-10 05:01:00,0.0,0.0,0.0,0.0
2026-09-10 05:02:00,0.0,0.0,0.0,0.0
2026-09-10 05:03:00,0.0,0.0,0.0,0.0
2026-09-10 05:04:00,0.0,0.0,0.0,0.0
2026-09-10 05:05:00,0.0,0.0,0.0,0.0
2026-09-10 05:06:00,0.0,0.0,0.0,0.0
2026-09-10 05:07:00,0.0,0.0,0.0,0.0
2026-09-10 05:08:00,0.0,0.0,0.0,0.0
2026-09-10 05:09:00,0.0,0.0,0.0,0.0
2026-09-10 05:10:00,0.0,0.0,0.0,0.0
2026-09-10 05:11:00,0.0,0.0,0.0,0.0
2026-09-10 05:12:00,0.0,0.0,0.0,0.0
2026-09-10 05:13:00,0.0,0.0,0.0,0.0
2026-09-10 05:14:00,0.0,0.0,0.0,0.0
2026-09-10 05:15:00,0.0,0.0,0.0,0.0
2026-09-10 05:16:00,0.0,0.0,0.0,0.0
2026-09-10 05:17:00,0.0,0.0,0.0,0.0
2026-09-10 05:18:00,0.0,0.0,0.0,0.0
2026-09-10 05:19:00,0.0,0.0,0.0,0.0
2026-09-10 05:20:00,0.0,0.0,0.0,0.0
2026-09-10 05:21:00,0.0,0.0,0.0,0.0
2026-09-10 05:22:00,0.0,0.0,0.0,0.0
2026-09-10 05:23:00,0.0,0.0,0.0,0.0
2026-09-10 05:24:00,0.0,0.0,0.0,0.0
2026-09-10 05:25:00,2.9793925548915468e-08,1.3756183747659634e-08,29.793925548915468,13756.183747659634
2026-09-10 05:26:00,7.018592640406496e-08,1.49504320035021e-08,70.18592640406496,14950.432003502101
2026-09-10 05:27:00,1.802107334469838e-07,1.7627924009389062e-08,180.2107334469838,17627.924009389062
2026-09-10 05:28:00,2.9330681172723416e-07,1.7043701561192393e-08,293.30681172723416,17043.701561192393
2026-09-10 05:29:00,3.4547085192571103e-07,1.8018639025285665e-08,345.47085192571103,18018.639025285665
2026-09-10 05:30:00,3.4828548223231337e-07,1.83943331677483e-08,348.28548223231337,18394.3331677483
2026-09-10 05:31:00,3.4773356105688435e-07,1.6876743558214002e-08,347.73356105688435,16876.743558214002
2026-09-10 05:32:00,3.4640640933503164e-07,1.74178751422005e-08,346.40640933503164,17417.8751422005
2026-09-10 05:33:00,3.467725377959141e-07,1.7898042159458782e-08,346.7725377959141,17898.042159458782
2026-09-10 05:34:00,3.517001516684104e-07,1.6689458703922355e-08,351.7001516684104,16689.458703922355
2026-09-10 05:35:00,3.54045027961547e-07,1.7050545864094602e-08,354.045027961547,17050.5458640946
2026-09-10 05:36:00,3.525279907989898e-07,1.716885122959866e-08,352.5279907989898,17168.85122959866
2026-09-10 05:37:00,3.520147231483861e-07,1.7056750678534627e-08,352.0147231483861,17056.750678534627
2026-09-10 05:38:00,3.5142966225976124e-07,1.722574616280781e-08,351.42966225976124,17225.74616280781
2026-09-10 05:39:00,3.5320701385899156e-07,1.6631533483746352e-08,353.20701385899156,16631.533483746352
2026-09-10 05:40:00,3.5368461226426007e-07,1.796412796295499e-08,353.68461226426007,17964.12796295499
2026-09-10 05:41:00,3.5514690921445435e-07,1.8105222210351712e-08,355.14690921445435,18105.222210351712
2026-09-10 05:42:00,3.543553646068176e-07,1.892509438050638e-08,354.3553646068176,18925.09438050638
2026-09-10 05:43:00,3.55899288706496e-07,1.8957532432750668e-08,355.899288706496,18957.532432750668
2026-09-10 05:44:00,3.5418423749433714e-07,1.9553866081878368e-08,354.18423749433714,19553.86608187837
2026-09-10 05:45:00,3.531558263603074e-07,2.0059435001940074e-08,353.1558263603074,20059.435001940074
2026-09-10 05:46:00,3.5231857964390656e-07,1.9360619774033694e-08,352.31857964390656,19360.619774033694
2026-09-10 05:47:00,3.515951050303556e-07,2.206256155545816e-08,351.5951050303556,22062.56155545816
2026-09-10 05:48:00,3.490628728286538e-07,2.0446311310706733e-08,349.0628728286538,20446.311310706733
2026-09-10 05:49:00,3.4762641121233173e-07,1.9276759744002447e-08,347.62641121233173,19276.759744002447
2026-09-10 05:50:00,3.4813189131455147e-07,1.859408271798202e-08,348.13189131455147,18594.08271798202
2026-09-10 05:51:00,3.4771824175550137e-07,2.1093145008421743e-08,347.71824175550137,21093.145008421743
2026-09-10 05:52:00,3.4629164247235167e-07,1.9131139339378933e-08,346.29164247235167,19131.139339378933
2026-09-10 05:53:00,3.461644269009412e-07,1.7994235435025985e-08,346.1644269009412,17994.235435025985
2026-09-10 05:54:00,3.451719692293409e-07,1.8517479105639723e-08,345.1719692293409,18517.479105639723
2026-09-10 05:55:00,3.445095728693559e-07,1.8961804570949425e-08,344.5095728693559,18961.804570949425
2026-09-10 05:56:00,3.438829878632532e-07,2.1464131805259967e-08,343.8829878632532,21464.131805259967
2026-09-10 05:57:00,3.433360120652651e-07,2.007534938286426e-08,343.3360120652651,20075.34938286426
2026-09-10 05:58:00,3.411362570204801e-07,1.9410704155120584e-08,341.1362570204801,19410.704155120584
2026-09-10 05:59:00,3.4246829727635486e-07,1.8878143492884192e-08,342.46829727635486,18878.14349288419
2026-09-10 06:00:00,3.411579996281944e-07,1.9781671412033575e-08,341.1579996281944,19781.671412033575
2026-09-10 06:01:00,3.404959159070131e-07,1.91190956400078e-08,340.4959159070131,19119.0956400078
2026-09-10 06:02:00,3.4087256040038483e-07,2.004190946536255e-08,340.8725604003848,20041.90946536255
2026-09-10 06:03:00,3.406763937618962e-07,1.8524662692698257e-08,340.6763937618962,18524.662692698257
2026-09-10 06:04:00,3.3797078913266887e-07,1.8657120293141816e-08,337.97078913266887,18657.120293141816
2026-09-10 06:05:00,3.3794674436649075e-07,1.8738987250799255e-08,337.94674436649075,18738.987250799255
2026-09-10 06:06:00,3.3718364988999383e-07,1.6274592340437266e-08,337.18364988999383,16274.592340437266
2026-09-10 06:07:00,3.3644246855146775e-07,1.7241719163507696e-08,336.44246855146775,17241.719163507696
2026-09-10 06:08:00,3.3633963880674855e-07,1.8415857283571313e-08,336.33963880674855,18415.857283571313
2026-09-10 06:09:00,3.3543054200890765e-07,2.073024241155963e-08,335.43054200890765,20730.24241155963
2026-09-10 06:10:00,3.366203031873738e-07,1.811965155695816e-08,336.6203031873738,18119.65155695816
2026-09-10 06:11:00,3.393834049347788e-07,1.918236236519988e-08,339.3834049347788,19182.36236519988
2026-09-10 06:12:00,3.433171400502033e-07,1.812448324756133e-08,343.3171400502033,18124.48324756133
2026-09-10 06:13:00,3.4160731843257963e-07,1.7618818404230296e-08,341.60731843257963,17618.818404230296
2026-09-10 06:14:00,3.414114360111853e-07,1.7778527094947094e-08,341.4114360111853,17778.527094947094
2026-09-10 06:15:00,3.4109311286556476e-07,1.906405877605266e-08,341.09311286556476,19064.05877605266
2026-09-10 06:16:00,3.426903276704252e-07,1.9535754347543843e-08,342.6903276704252,19535.754347543843
2026-09-10 06:17:00,3.431310915402719e-07,1.868278687311431e-08,343.1310915402719,18682.78687311431
2026-09-10 06:18:00,3.4181755381723633e-07,1.645108049785904e-08,341.81755381723633,16451.08049785904
2026-09-10 06:19:00,3.4220212796753913e-07,1.6642752953544004e-08,342.2021279675391,16642.752953544004
2026-09-10 06:20:00,3.4218467703794886e-07,2.22874199096168e-08,342.18467703794886,22287.4199096168
2026-09-10 06:21:00,3.4289726613678795e-07,2.0389265387166233e-08,342.89726613678795,20389.265387166233
2026-09-10 06:22:00,3.4512052593527187e-07,2.014966149488373e-08,345.12052593527187,20149.66149488373
2026-09-10 06:23:00,3.467965541403828e-07,2.22498055535425e-08,346.7965541403828,22249.8055535425
2026-09-10 06:24:00,3.442429488131893e-07,2.0587320292975164e-08,344.2429488131893,20587.320292975164
2026-09-10 06:25:00,3.433818278608669e-07,1.9871421841344272e-08,343.3818278608669,19871.421841344272
2026-09-10 06:26:00,3.449325731708086e-07,2.0263092537220473e-08,344.9325731708086,20263.092537220473
2026-09-10 06:27:00,3.4698629747254017e-07,2.0056313942973247e-08,346.9862974725402,20056.313942973247
2026-09-10 06:28:00,3.473541880794073e-07,2.062213333431373e-08,347.3541880794073,20622.13333431373
2026-09-10 06:29:00,3.5050479141318647e-07,2.2733843252353836e-08,350.50479141318647,22733.843252353836
2026-09-10 06:30:00,3.5827764577334165e-07,2.227151441047681e-08,358.27764577334165,22271.51441047681
2026-09-10 06:31:00,3.6869721498078434e-07,2.4035751167161834e-08,368.69721498078434,24035.751167161834
2026-09-10 06:32:00,3.7561736121460854e-07,2.347902494648224e-08,375.61736121460854,23479.02494648224
2026-09-10 06:33:00,3.7951886611153896e-07,2.3028629669852307e-08,379.51886611153896,23028.629669852307
2026-09-10 06:34:00,3.842643252482958e-07,2.2279976974459714e-08,384.2643252482958,22279.976974459714
2026-09-10 06:35:00,3.7973472899466287e-07,2.132094856222011e-08,379.7347289946629,21320.94856222011
2026-09-10 06:36:00,3.7435464150803455e-07,1.87669915163724e-08,374.35464150803455,18766.9915163724
2026-09-10 06:37:00,3.746277457139513e-07,1.6877354624966756e-08,374.6277457139513,16877.354624966756
2026-09-10 06:38:00,3.72148178939824e-07,1.794555259948538e-08,372.148178939824,17945.55259948538
2026-09-10 06:39:00,3.718730567925377e-07,1.7809334451612813e-08,371.8730567925377,17809.334451612813
2026-09-10 06:40:00,3.7014353893027874e-07,1.8497187781463253e-08,370.14353893027874,18497.187781463253
2026-09-10 06:41:00,3.7321248669286433e-07,2.0891711471904273e-08,373.21248669286433,20891.711471904273
2026-09-10 06:42:00,3.6853802498626465e-07,2.1691317186878223e-08,368.53802498626465,21691.317186878223
2026-09-10 06:43:00,3.666237660127081e-07,2.1269103811505374e-08,366.6237660127081,21269.103811505374
2026-09-10 06:44:00,3.6775969647351303e-07,2.276270549828041e-08,367.75969647351303,22762.70549828041
2026-09-10 06:45:00,3.733079836365505e-07,2.374926388881704e-08,373.3079836365505,23749.26388881704
2026-09-10 06:46:00,3.6531071145873284e-07,2.3266029103297114e-08,365.31071145873284,23266.029103297114
2026-09-10 06:47:00,3.58127635990968e-07,2.2271686717090233e-08,358.127635990968,22271.686717090233
2026-09-10 06:48:00,3.5224621797169675e-07,2.2880003669456528e-08,352.24621797169675,22880.003669456528
2026-09-10 06:49:00,3.513103479235724e-07,2.3992159370322952e-08,351.3103479235724,23992.159370322952
2026-09-10 06:50:00,3.4724607189673407e-07,2.4138914866966843e-08,347.24607189673407,24138.914866966843
2026-09-10 06:51:00,3.478584176264121e-07,2.3227846313034206e-08,347.8584176264121,23227.846313034206
2026-09-10 06:52:00,3.4658009440136084e-07,2.0779838294515685e-08,346.58009440136084,20779.838294515685
2026-09-10 06:53:00,3.448703864705749e-07,2.2318646486496618e-08,344.8703864705749,22318.64648649662
2026-09-10 06:54:00,3.439008935401944e-07,2.371597496164668e-08,343.9008935401944,23715.97496164668
2026-09-10 06:55:00,3.4037051932500617e-07,2.1900614655123718e-08,340.37051932500617,21900.614655123718
2026-09-10 06:56:00,3.431634638673131e-07,2.1207725353633577e-08,343.1634638673131,21207.725353633577
2026-09-10 06:57:00,3.4063626230818045e-07,2.1245261550006944e-08,340.63626230818045,21245.261550006944
2026-09-10 06:58:00,3.3962984957724984e-07,1.9982390853101606e-08,339.62984957724984,19982.390853101606
2026-09-10 06:59:00,3.3806853139140003e-07,2.0256264221529818e-08,338.06853139140003,20256.26422152982
2026-09-10 07:00:00,3.3810016475399607e-07,1.9423637809268257e-08,338.10016475399607,19423.637809268257
2026-09-10 07:01:00,3.381287285719736e-07,2.0485854790308622e-08,338.1287285719736,20485.854790308622
2026-09-10 07:02:00,3.364164058439201e-07,2.0503401643168218e-08,336.4164058439201,20503.401643168218
2026-09-10 07:03:00,3.3670946208985697e-07,1.984453845693679e-08,336.70946208985697,19844.53845693679
2026-09-10 07:04:00,3.3662718124105595e-07,1.9581092303155856e-08,336.62718124105595,19581.092303155856
2026-09-10 07:05:00,3.3813350341915793e-07,2.0468544192908666e-08,338.13350341915793,20468.544192908666
2026-09-10 07:06:00,3.3827606671366084e-07,1.9712061316567997e-08,338.27606671366084,19712.061316567997
2026-09-10 07:07:00,3.373400261352799e-07,2.142499866408798e-08,337.3400261352799,21424.99866408798
2026-09-10 07:08:00,3.3713067182361556e-07,2.06059329599384e-08,337.13067182361556,20605.9329599384
2026-09-10 07:09:00,3.372831542947097e-07,1.938927240985322e-08,337.2831542947097,19389.27240985322
2026-09-10 07:10:00,3.3781614661165804e-07,1.9585685961942545e-08,337.81614661165804,19585.685961942545
2026-09-10 07:11:00,3.3868559512484353e-07,2.0267592049094674e-08,338.68559512484353,20267.592049094674
2026-09-10 07:12:00,3.380088458015962e-07,1.9289219110874e-08,338.0088458015962,19289.219110874
2026-09-10 07:13:00,3.3775549468373356e-07,2.1429487517821144e-08,337.75549468373356,21429.487517821144
2026-09-10 07:14:00,3.3859183190543263e-07,2.1622089008133116e-08,338.5918319054326,21622.089008133116
2026-09-10 07:15:00,3.385317768334062e-07,2.181682212665237e-08,338.5317768334062,21816.82212665237
2026-09-10 07:16:00,3.402341519631591e-07,2.2359152751505462e-08,340.2341519631591,22359.152751505462
2026-09-10 07:17:00,3.4311787544538674e-07,2.1270876615631096e-08,343.11787544538674,21270.876615631096
2026-09-10 07:18:00,3.4364668977104884e-07,2.151050537690935e-08,343.64668977104884,21510.50537690935
2026-09-10 07:19:00,3.415981097987242e-07,1.9460953737393538e-08,341.5981097987242,19460.953737393538
2026-09-10 07:20:00,3.393745373614365e-07,2.099737095306864e-08,339.3745373614365,20997.37095306864
2026-09-10 07:21:00,3.4003997484433057e-07,2.1063144117761112e-08,340.0399748443306,21063.144117761112
2026-09-10 07:22:00,3.4059374343087256e-07,2.1210141198935162e-08,340.59374343087256,21210.14119893516
2026-09-10 07:23:00,3.409428188660968e-07,1.9253459271340034e-08,340.9428188660968,19253.459271340034
2026-09-10 07:24:00,3.4190546216450457e-07,1.6647724976337486e-08,341.90546216450457,16647.724976337486
2026-09-10 07:25:00,3.44756614367725e-07,1.775970304151997e-08,344.756614367725,17759.70304151997
2026-09-10 07:26:00,3.437201030465076e-07,1.8920927047361147e-08,343.7201030465076,18920.927047361147
2026-09-10 07:27:00,3.3976874647123623e-07,2.0236692321873306e-08,339.7687464712362,20236.692321873306
2026-09-10 07:28:00,3.3786372455324454e-07,1.8325044592870654e-08,337.86372455324454,18325.044592870654
2026-09-10 07:29:00,3.371908121607703e-07,1.773017288542178e-08,337.1908121607703,17730.17288542178
2026-09-10 07:30:00,3.347177255363931e-07,2.0121268207162757e-08,334.7177255363931,20121.268207162757
2026-09-10 07:31:00,3.339752936426521e-07,1.9999610856302752e-08,333.9752936426521,19999.610856302752
2026-09-10 07:32:00,3.3478963246125204e-07,2.0193015259906133e-08,334.78963246125204,20193.015259906133
2026-09-10 07:33:00,3.339803527069307e-07,1.9028856712566267e-08,333.9803527069307,19028.856712566267
2026-09-10 07:34:00,3.338535918828711e-07,1.965218920929601e-08,333.8535918828711,19652.18920929601
2026-09-10 07:35:00,3.326301794004394e-07,2.2389910370179678e-08,332.6301794004394,22389.910370179678
2026-09-10 07:36:00,3.332217488605238e-07,2.1148801820913832e-08,333.2217488605238,21148.80182091383
2026-09-10 07:37:00,3.34079885533356e-07,2.0328215555309725e-08,334.079885533356,20328.215555309725
2026-09-10 07:38:00,3.3578322700122953e-07,2.2105407282424494e-08,335.78322700122953,22105.407282424494
2026-09-10 07:39:00,3.347009567278292e-07,2.2000911314989935e-08,334.7009567278292,22000.911314989935
2026-09-10 07:40:00,3.3643610208855534e-07,2.19409468371623e-08,336.43610208855534,21940.9468371623
2026-09-10 07:41:00,3.371164325471909e-07,1.9811853491091824e-08,337.1164325471909,19811.853491091824
2026-09-10 07:42:00,3.587294088447379e-07,2.0115827226163674e-08,358.7294088447379,20115.827226163674
2026-09-10 07:43:00,4.473686487926898e-07,2.5340858300637592e-08,447.3686487926898,25340.858300637592
2026-09-10 07:44:00,5.439702590592788e-07,3.313113339231677e-08,543.9702590592788,33131.13339231677
2026-09-10 07:45:00,6.058613735149265e-07,3.5935229902861465e-08,605.8613735149265,35935.229902861465
2026-09-10 07:46:00,6.181275011840626e-07,3.6478404297213274e-08,618.1275011840626,36478.404297213274
2026-09-10 07:47:00,6.1315529364947e-07,3.504535683873655e-08,613.15529364947,35045.35683873655
2026-09-10 07:48:00,5.873838517800323e-07,3.089088451702082e-08,587.3838517800323,30890.884517020822
2026-09-10 07:49:00,5.527696202989318e-07,2.9081315133794305e-08,552.7696202989318,29081.315133794305
2026-09-10 07:50:00,5.162521574675338e-07,2.5163705785757884e-08,516.2521574675338,25163.705785757884
2026-09-10 07:51:00,4.863669005317206e-07,2.4554193345238673e-08,486.3669005317206,24554.193345238673
2026-09-10 07:52:00,4.6408771936512494e-07,2.579378488576367e-08,464.08771936512494,25793.78488576367
2026-09-10 07:53:00,4.4689235778605507e-07,2.420287259496945e-08,446.8923577860551,24202.87259496945
2026-09-10 07:54:00,4.35474049709228e-07,2.4858310965214514e-08,435.474049709228,24858.310965214514
2026-09-10 07:55:00,4.2645532971619105e-07,2.3805698745604786e-08,426.45532971619105,23805.698745604786
2026-09-10 07:56:00,4.220420919409662e-07,2.425586131948876e-08,422.0420919409662,24255.86131948876
2026-09-10 07:57:00,4.19085694147725e-07,2.2334765148457336e-08,419.085694147725,22334.765148457336
2026-09-10 07:58:00,4.15946061593786e-07,1.8593437900449317e-08,415.946061593786,18593.437900449317
2026-09-10 07:59:00,4.144794445437583e-07,2.0500186437288903e-08,414.4794445437583,20500.186437288903
2026-09-10 08:00:00,4.1369219161424553e-07,2.0790672294879187e-08,413.69219161424553,20790.672294879187
2026-09-10 08:01:00,4.168654470504407e-07,2.1337697830858815e-08,416.8654470504407,21337.697830858815
2026-09-10 08:02:00,4.1941021322600136e-07,1.838606600301773e-08,419.41021322600136,18386.06600301773
2026-09-10 08:03:00,4.218574645165063e-07,1.996300547091323e-08,421.8574645165063,19963.00547091323
2026-09-10 08:04:00,4.214688544834644e-07,1.971640273268349e-08,421.4688544834644,19716.40273268349
2026-09-10 08:05:00,4.199798127046961e-07,1.85866202428997e-08,419.9798127046961,18586.6202428997
2026-09-10 08:06:00,4.179788675173768e-07,1.7820434905502225e-08,417.9788675173768,17820.434905502225
2026-09-10 08:07:00,4.164190841038362e-07,1.564415263999308e-08,416.4190841038362,15644.15263999308
2026-09-10 08:08:00,4.154648252097104e-07,1.862707854627388e-08,415.4648252097104,18627.07854627388
2026-09-10 08:09:00,4.130116053602251e-07,2.0283408730392694e-08,413.0116053602251,20283.408730392694
2026-09-10 08:10:00,4.1168155462401046e-07,1.910594527032572e-08,411.68155462401046,19105.94527032572
2026-09-10 08:11:00,4.096023360489198e-07,1.8657335232319383e-08,409.6023360489198,18657.335232319383
2026-09-10 08:12:00,4.0690946434551734e-07,1.8414702651625703e-08,406.90946434551734,18414.702651625703
2026-09-10 08:13:00,4.044988486384682e-07,1.878689026568736e-08,404.4988486384682,18786.89026568736
2026-09-10 08:14:00,4.018168056063587e-07,1.802173521525674e-08,401.8168056063587,18021.73521525674
2026-09-10 08:15:00,4.01932453542031e-07,1.8617365427076038e-08,401.932453542031,18617.365427076038
2026-09-10 08:16:00,3.9776270455149643e-07,1.775914171275872e-08,397.7627045514964,17759.14171275872
2026-09-10 08:17:00,3.972980948674376e-07,1.900287038836268e-08,397.2980948674376,19002.87038836268
2026-09-10 08:18:00,3.9813002672417497e-07,1.6387675216833486e-08,398.13002672417497,16387.675216833486
2026-09-10 08:19:00,3.9812076124690066e-07,1.7679392172453845e-08,398.12076124690066,17679.392172453845
2026-09-10 08:20:00,3.964510426612833e-07,1.8512048782781676e-08,396.4510426612833,18512.048782781676
2026-09-10 08:21:00,3.942599562378746e-07,1.8650423427857277e-08,394.2599562378746,18650.423427857277
2026-09-10 08:22:00,3.9302321397372e-07,1.9104383852663887e-08,393.02321397372,19104.383852663887
2026-09-10 08:23:00,3.916590571861889e-07,1.9239593029851676e-08,391.6590571861889,19239.593029851676
2026-09-10 08:24:00,3.9011513308651047e-07,1.912394864689304e-08,390.11513308651047,19123.94864689304
2026-09-10 08:25:00,3.901311345089198e-07,2.026004786159774e-08,390.1311345089198,20260.04786159774
2026-09-10 08:26:00,3.899409932728304e-07,2.017676337118246e-08,389.9409932728304,20176.76337118246
2026-09-10 08:27:00,3.8954618730713264e-07,1.7357180581711873e-08,389.54618730713264,17357.180581711873
2026-09-10 08:28:00,3.9224582337737957e-07,1.5915496476281987e-08,392.24582337737957,15915.496476281987
2026-09-10 08:29:00,3.898254874457052e-07,1.6289204651798173e-08,389.8254874457052,16289.204651798173
2026-09-10 08:30:00,3.93204942383818e-07,1.8245687627427287e-08,393.204942383818,18245.687627427287
2026-09-10 08:31:00,3.960066692343389e-07,1.5095601213488408e-08,396.0066692343389,15095.601213488408
2026-09-10 08:32:00,3.964088080010697e-07,1.632617241398293e-08,396.4088080010697,16326.172413982931
2026-09-10 08:33:00,3.966973736169166e-07,1.8553368619222965e-08,396.6973736169166,18553.368619222965
2026-09-10 08:34:00,3.937571477763413e-07,1.7269446317413895e-08,393.7571477763413,17269.446317413895
2026-09-10 08:35:00,3.924344866845786e-07,1.676369798531141e-08,392.4344866845786,16763.69798531141
2026-09-10 08:36:00,3.904339109794819e-07,1.7500203952636184e-08,390.4339109794819,17500.203952636184
2026-09-10 08:37:00,3.874280025684129e-07,1.7452569167630827e-08,387.4280025684129,17452.569167630827
2026-09-10 08:38:00,3.864751363380492e-07,2.019945277709212e-08,386.4751363380492,20199.45277709212
2026-09-10 08:39:00,3.8332032659127435e-07,1.8980250260369758e-08,383.32032659127435,18980.250260369758
2026-09-10 08:40:00,3.8156420600898855e-07,1.9501070980254553e-08,381.56420600898855,19501.070980254553
2026-09-10 08:41:00,3.7857705592614366e-07,2.0002897116455642e-08,378.57705592614366,20002.897116455642
2026-09-10 08:42:00,3.7835548027942423e-07,1.9163094222562904e-08,378.3554802794242,19163.094222562904
2026-09-10 08:43:00,3.7778141859234893e-07,2.1027929619776842e-08,377.7814185923489,21027.92961977684
2026-09-10 08:44:00,3.774334800255019e-07,1.9696496877941172e-08,377.4334800255019,19696.496877941172
2026-09-10 08:45:00,3.7894022852924536e-07,2.1751311862772127e-08,378.94022852924536,21751.311862772127
2026-09-10 08:46:00,3.8009301306374255e-07,2.178009061992725e-08,380.09301306374255,21780.09061992725
2026-09-10 08:47:00,3.867170903504302e-07,2.0387986410241865e-08,386.7170903504302,20387.986410241865
2026-09-10 08:48:00,3.9304404708673246e-07,1.9927563599253517e-08,393.04404708673246,19927.563599253517
2026-09-10 08:49:00,4.0159036984732666e-07,2.1114495041274495e-08,401.59036984732666,21114.495041274495
2026-09-10 08:50:00,4.1662582361823297e-07,2.2061366067305244e-08,416.62582361823297,22061.366067305244
2026-09-10 08:51:00,4.3890696588277933e-07,2.5241925882824034e-08,438.90696588277933,25241.925882824034
2026-09-10 08:52:00,4.5849068897041434e-07,2.7945182168309657e-08,458.49068897041434,27945.182168309657
2026-09-10 08:53:00,4.5736942411167547e-07,2.6961659571611563e-08,457.36942411167547,26961.659571611563
2026-09-10 08:54:00,4.5130505554880074e-07,2.672413046411748e-08,451.30505554880074,26724.13046411748
2026-09-10 08:55:00,4.4328615445010655e-07,2.5064039732569654e-08,443.28615445010655,25064.039732569654
2026-09-10 08:56:00,4.3249096393083164e-07,2.4904277751147674e-08,432.49096393083164,24904.277751147674
2026-09-10 08:57:00,4.212660087432596e-07,2.3687045214160207e-08,421.2660087432596,23687.045214160207
2026-09-10 08:58:00,4.1085874613600026e-07,2.3813280236595347e-08,410.85874613600026,23813.280236595347
2026-09-10 08:59:00,4.015121533029742e-07,2.3278589722508514e-08,401.5121533029742,23278.589722508514
2026-09-10 09:00:00,3.9447959920835274e-07,2.3102241897277054e-08,394.47959920835274,23102.241897277054
2026-09-10 09:01:00,3.899733655998716e-07,2.246964037055932e-08,389.9733655998716,22469.64037055932
2026-09-10 09:02:00,3.8828778770039207e-07,2.234429352654388e-08,388.2877877003921,22344.29352654388
2026-09-10 09:03:00,3.8612381558777997e-07,2.3783847780123324e-08,386.12381558778,23783.847780123324
2026-09-10 09:04:00,3.8288050063783885e-07,2.3247075375820714e-08,382.88050063783885,23247.075375820714
2026-09-10 09:05:00,3.8260210999396804e-07,2.2059376547645115e-08,382.60210999396804,22059.376547645115
2026-09-10 09:06:00,3.80177567649298e-07,2.223452710836682e-08,380.177567649298,22234.52710836682
2026-09-10 09:07:00,3.80789117571112e-07,2.036990309761677e-08,380.789117571112,20369.90309761677
2026-09-10 09:08:00,3.797966598995117e-07,2.256918740783931e-08,379.7966598995117,22569.18740783931
2026-09-10 09:09:00,3.797485987888649e-07,2.048293090695097e-08,379.7485987888649,20482.93090695097
2026-09-10 09:10:00,3.7899604876656667e-07,2.0184325322247787e-08,378.9960487665667,20184.325322247787
2026-09-10 09:11:00,3.7835567923139024e-07,2.1149531903574825e-08,378.35567923139024,21149.531903574825
2026-09-10 09:12:00,3.7850068679290416e-07,2.0154418578499644e-08,378.50068679290416,20154.418578499644
2026-09-10 09:13:00,3.817849574261345e-07,2.0410320544783644e-08,381.7849574261345,20410.320544783644
2026-09-10 09:14:00,3.8633899634987756e-07,2.0536107925295255e-08,386.33899634987756,20536.107925295255
2026-09-10 09:15:00,3.869739373385528e-07,2.036457402709857e-08,386.9739373385528,20364.57402709857
2026-09-10 09:16:00,3.8528835943907325e-07,2.117234920717692e-08,385.28835943907325,21172.34920717692
2026-09-10 09:17:00,3.837953386209847e-07,2.2485497908064644e-08,383.7953386209847,22485.497908064644
2026-09-10 09:18:00,3.834859398921253e-07,2.1585641718502302e-08,383.4859398921253,21585.641718502302
2026-09-10 09:19:00,3.8363180010492215e-07,2.1445538678221965e-08,383.63180010492215,21445.538678221965
2026-09-10 09:20:00,3.823569727501308e-07,2.0641516940145266e-08,382.3569727501308,20641.516940145266
2026-09-10 09:21:00,3.8213818243093556e-07,2.2698964485812212e-08,382.13818243093556,22698.964485812212
2026-09-10 09:22:00,3.822829341970646e-07,2.1972510921841604e-08,382.2829341970646,21972.510921841604
2026-09-10 09:23:00,3.828503736258426e-07,2.357315942447258e-08,382.8503736258426,23573.15942447258
2026-09-10 09:24:00,3.797222518642229e-07,2.3275063654182304e-08,379.7222518642229,23275.063654182304
2026-09-10 09:25:00,3.8037936178625387e-07,2.2834049318021243e-08,380.37936178625387,22834.049318021243
2026-09-10 09:26:00,3.8241094557633915e-07,2.2360268303600606e-08,382.41094557633915,22360.268303600606
2026-09-10 09:27:00,3.831263200027024e-07,2.310699542817929e-08,383.1263200027024,23106.99542817929
2026-09-10 09:28:00,3.843769604827685e-07,2.319037051279338e-08,384.3769604827685,23190.37051279338
2026-09-10 09:29:00,3.881722818732669e-07,2.42208457734705e-08,388.1722818732669,24220.8457734705
2026-09-10 09:30:00,3.861804884763842e-07,2.3858900632944824e-08,386.1804884763842,23858.900632944824
2026-09-10 09:31:00,3.872924594361393e-07,2.3180808383926887e-08,387.2924594361393,23180.808383926887
2026-09-10 09:32:00,3.871100773267244e-07,2.369064944218735e-08,387.1100773267244,23690.64944218735
2026-09-10 09:33:00,3.8541389812962734e-07,1.992815157336736e-08,385.41389812962734,19928.15157336736
2026-09-10 09:34:00,3.8364049714800785e-07,2.1466629362976164e-08,383.64049714800785,21466.629362976164
2026-09-10 09:35:00,3.817279150553077e-07,1.9285387509171414e-08,381.7279150553077,19285.387509171414
2026-09-10 09:36:00,3.77259681272335e-07,2.007991284358468e-08,377.259681272335,20079.91284358468
2026-09-10 09:37:00,3.752356576569582e-07,1.8976463067588156e-08,375.2356576569582,18976.463067588156
2026-09-10 09:38:00,3.7402904240479984e-07,1.889994472037415e-08,374.02904240479984,18899.94472037415
2026-09-10 09:39:00,3.719254380030179e-07,1.95362979127367e-08,371.9254380030179,19536.2979127367
2026-09-10 09:40:00,3.713462888299546e-07,1.7010496122793484e-08,371.3462888299546,17010.496122793484
2026-09-10 09:41:00,3.7317482792786905e-07,1.5051622170858536e-08,373.17482792786905,15051.622170858536
2026-09-10 09:42:00,3.725731403392274e-07,1.901075386001594e-08,372.5731403392274,19010.75386001594
2026-09-10 09:43:00,3.744692946838768e-07,1.988244946460327e-08,374.4692946838768,19882.44946460327
2026-09-10 09:44:00,3.7709634170823847e-07,1.9270807172233617e-08,377.09634170823847,19270.807172233617
2026-09-10 09:45:00,3.80268829758279e-07,1.8722243311231068e-08,380.268829758279,18722.24331123107
2026-09-10 09:46:00,3.8441658034571446e-07,1.9626318348286986e-08,384.41658034571446,19626.318348286986
2026-09-10 09:47:00,3.861460982079734e-07,1.999585919065794e-08,386.1460982079734,19995.85919065794
2026-09-10 09:48:00,3.8641917399218073e-07,3.03758831421419e-08,386.41917399218073,30375.8831421419
2026-09-10 09:49:00,3.8761413634347264e-07,1.7522676643011437e-08,387.61413634347264,17522.676643011437
2026-09-10 09:50:00,3.8799845469839056e-07,1.7445554334472035e-08,387.99845469839056,17445.554334472035
2026-09-10 09:51:00,3.880898020724999e-07,1.681750916304736e-08,388.0898020724999,16817.50916304736
2026-09-10 09:52:00,3.8923928968870314e-07,1.9875640688837848e-08,389.23928968870314,19875.640688837848
2026-09-10 09:53:00,3.9055839806678705e-07,2.0718522009133267e-08,390.55839806678705,20718.522009133267
2026-09-10 09:54:00,3.9105842120079615e-07,2.0627663133154783e-08,391.05842120079615,20627.663133154783
2026-09-10 09:55:00,3.913670241217915e-07,2.1234621172538937e-08,391.3670241217915,21234.621172538937
2026-09-10 09:56:00,3.9001668028504355e-07,2.086171946302784e-08,390.01668028504355,20861.71946302784
2026-09-10 09:57:00,3.9011808894429123e-07,2.184561154194853e-08,390.11808894429123,21845.61154194853
2026-09-10 09:58:00,3.8802937751825084e-07,2.0571739867136785e-08,388.02937751825084,20571.739867136785
2026-09-10 09:59:00,3.849162624192104e-07,1.966031248912259e-08,384.9162624192104,19660.31248912259
2026-09-10 10:00:00,3.8479402064695023e-07,1.62826641059155e-08,384.79402064695023,16282.6641059155
2026-09-10 10:01:00,3.8253125467235805e-07,1.6918964007572868e-08,382.53125467235805,16918.964007572868
2026-09-10 10:02:00,3.7979404510224413e-07,1.7700653387464627e-08,379.7940451022441,17700.653387464627
2026-09-10 10:03:00,3.814662647982914e-07,1.7215697312167322e-08,381.4662647982914,17215.69731216732
2026-09-10 10:04:00,3.843555589355674e-07,1.707945962436952e-08,384.3555589355674,17079.45962436952
2026-09-10 10:05:00,3.86155051046444e-07,1.770393254219016e-08,386.155051046444,17703.93254219016
2026-09-10 10:06:00,3.859394155369955e-07,1.7708513766478973e-08,385.9394155369955,17708.513766478973
2026-09-10 10:07:00,3.909675285740377e-07,1.6830611571094778e-08,390.9675285740377,16830.611571094778
2026-09-10 10:08:00,3.8803688084954047e-07,1.7137605112793608e-08,388.03688084954047,17137.605112793608
2026-09-10 10:09:00,3.8816173741906823e-07,1.6809465819278557e-08,388.16173741906823,16809.465819278557
2026-09-10 10:10:00,3.8735629459552e-07,1.72266023668044e-08,387.35629459552,17226.6023668044
2026-09-10 10:11:00,3.909397321422148e-07,1.7597239221345262e-08,390.9397321422148,17597.239221345262
2026-09-10 10:12:00,3.94612413856521e-07,1.8155956738041823e-08,394.612413856521,18155.956738041823
2026-09-10 10:13:00,3.942868147532863e-07,1.863882914676651e-08,394.2868147532863,18638.82914676651
2026-09-10 10:14:00,3.9015193920022284e-07,1.7633812632311674e-08,390.15193920022284,17633.812632311674
2026-09-10 10:15:00,3.8934612689445203e-07,1.6737796926236115e-08,389.346126894452,16737.796926236115
2026-09-10 10:16:00,3.906654910679208e-07,1.9289181807380373e-08,390.6654910679208,19289.181807380373
2026-09-10 10:17:00,3.9402155493917235e-07,2.1020019502770992e-08,394.02155493917235,21020.019502770992
2026-09-10 10:18:00,3.9352266867354047e-07,2.2702073110281162e-08,393.52266867354047,22702.073110281162
2026-09-10 10:19:00,3.974043920607073e-07,2.117759123620999e-08,397.4043920607073,21177.59123620999
2026-09-10 10:20:00,3.983163594512007e-07,2.2370663543824776e-08,398.3163594512007,22370.663543824776
2026-09-10 10:21:00,4.010033762824605e-07,2.2901165408484303e-08,401.0033762824605,22901.165408484303
2026-09-10 10:22:00,4.0521157984585443e-07,2.559641210098107e-08,405.21157984585443,25596.41210098107
2026-09-10 10:23:00,4.0320281868844177e-07,2.350043715182437e-08,403.20281868844177,23500.43715182437
2026-09-10 10:24:00,4.021482027383172e-07,2.5088912281034936e-08,402.1482027383172,25088.912281034936
2026-09-10 10:25:00,4.0083176600091974e-07,2.3893321099421883e-08,400.83176600091974,23893.321099421883
2026-09-10 10:26:00,4.0173347315430874e-07,2.4296715750438125e-08,401.73347315430874,24296.715750438125
2026-09-10 10:27:00,4.0252189137390815e-07,2.398875409426182e-08,402.52189137390815,23988.75409426182
2026-09-10 10:28:00,4.029215574519185e-07,2.486472183704791e-08,402.9215574519185,24864.72183704791
2026-09-10 10:29:00,4.050846769132477e-07,2.4919765806430405e-08,405.0846769132477,24919.765806430405
2026-09-10 10:30:00,4.103980870695523e-07,2.4660010922161746e-08,410.3980870695523,24660.010922161746
2026-09-10 10:31:00,4.160981745826575e-07,2.2834628410350888e-08,416.0981745826575,22834.628410350888
2026-09-10 10:32:00,4.2087486917807837e-07,2.6178522460895692e-08,420.87486917807837,26178.522460895692
2026-09-10 10:33:00,4.2232164787492366e-07,2.3544593830138183e-08,422.32164787492366,23544.593830138183
2026-09-10 10:34:00,4.16836343219984e-07,2.3854610731177672e-08,416.836343219984,23854.610731177672
2026-09-10 10:35:00,4.143719536386925e-07,2.5616857968202567e-08,414.3719536386925,25616.857968202567
2026-09-10 10:36:00,4.099769910226314e-07,2.652693353866198e-08,409.9769910226314,26526.93353866198
2026-09-10 10:37:00,4.0611629970044305e-07,2.46849634066848e-08,406.11629970044305,24684.9634066848
2026-09-10 10:38:00,4.0486861507815775e-07,2.530881459961165e-08,404.86861507815775,25308.81459961165
2026-09-10 10:39:00,4.054305975387251e-07,2.2803323673770137e-08,405.4305975387251,22803.323673770137
2026-09-10 10:40:00,4.0860669514586334e-07,2.5595925379207074e-08,408.60669514586334,25595.925379207074
2026-09-10 10:41:00,4.0730256500864925e-07,2.6916074702398873e-08,407.30256500864925,26916.074702398873
2026-09-10 10:42:00,4.0676226831237727e-07,2.6546173259589523e-08,406.7622683123773,26546.173259589523
2026-09-10 10:43:00,4.0698304815123265e-07,2.6049162826780048e-08,406.98304815123265,26049.162826780048
2026-09-10 10:44:00,4.099655086520215e-07,2.805055743237972e-08,409.9655086520215,28050.55743237972
2026-09-10 10:45:00,4.120749395042367e-07,2.6970065292175605e-08,412.0749395042367,26970.065292175605
2026-09-10 10:46:00,4.1744451095837576e-07,2.808574173229772e-08,417.44451095837576,28085.74173229772
2026-09-10 10:47:00,4.2000485223070427e-07,2.4787128793946067e-08,420.0048522307043,24787.128793946067
2026-09-10 10:48:00,4.2124941046495223e-07,2.4733738612781053e-08,421.24941046495223,24733.738612781053
2026-09-10 10:49:00,4.2422124124641414e-07,2.89343695669686e-08,424.22124124641414,28934.3695669686
2026-09-10 10:50:00,4.3510522118594963e-07,2.9466182382975603e-08,435.10522118594963,29466.182382975603
2026-09-10 10:51:00,4.398609121381014e-07,2.8573182930813346e-08,439.8609121381014,28573.182930813346
2026-09-10 10:52:00,4.4182215219734644e-07,2.8789242989546437e-08,441.82215219734644,28789.242989546437
2026-09-10 10:53:00,4.3731316168305057e-07,2.9224430875274265e-08,437.31316168305057,29224.430875274265
2026-09-10 10:54:00,4.3326966192580585e-07,2.7112612599466956e-08,433.26966192580585,27112.612599466956
2026-09-10 10:55:00,4.2858013671320805e-07,2.6789955143158295e-08,428.58013671320805,26789.955143158295
2026-09-10 10:56:00,4.240062025928637e-07,2.6627379412502705e-08,424.0062025928637,26627.379412502705
2026-09-10 10:57:00,4.2074969996974687e-07,2.7539158509171102e-08,420.74969996974687,27539.158509171102
2026-09-10 10:58:00,4.173217860170553e-07,2.7548450631798005e-08,417.3217860170553,27548.450631798005
2026-09-10 10:59:00,4.1324668131892395e-07,2.8127898232810367e-08,413.24668131892395,28127.898232810367
2026-09-10 11:00:00,4.137182543217932e-07,2.998827497435741e-08,413.7182543217932,29988.27497435741
2026-09-10 11:01:00,4.1150738638862094e-07,3.0172309095632954e-08,411.50738638862094,30172.309095632954
2026-09-10 11:02:00,4.1119272964351694e-07,3.082872623849653e-08,411.19272964351694,30828.72623849653
2026-09-10 11:03:00,4.1055128008338215e-07,2.883088079386198e-08,410.55128008338215,28830.88079386198
2026-09-10 11:04:00,4.089203002877184e-07,2.7465111074320703e-08,408.9203002877184,27465.111074320703
2026-09-10 11:05:00,4.087331433311192e-07,2.8867386703268494e-08,408.7331433311192,28867.386703268494
2026-09-10 11:06:00,4.0887471186579205e-07,2.9430434977939512e-08,408.87471186579205,29430.434977939512
2026-09-10 11:07:00,4.0949385038402397e-07,3.155949102051636e-08,409.493850384024,31559.49102051636
2026-09-10 11:08:00,4.107741915504448e-07,3.078026722391769e-08,410.7741915504448,30780.26722391769
2026-09-10 11:09:00,4.0946056856228097e-07,3.151710359361459e-08,409.46056856228097,31517.103593614593
2026-09-10 11:10:00,4.096583836599166e-07,3.109896340447449e-08,409.6583836599166,31098.96340447449
2026-09-10 11:11:00,4.0851884364201396e-07,2.9720061078819526e-08,408.51884364201396,29720.061078819526
2026-09-10 11:12:00,4.099329657947237e-07,3.148456784174414e-08,409.9329657947237,31484.567841744138
2026-09-10 11:13:00,4.1107421111519216e-07,3.267969006515159e-08,411.07421111519216,32679.69006515159
2026-09-10 11:14:00,4.1259457361775276e-07,3.3024761592059804e-08,412.59457361775276,33024.761592059804
2026-09-10 11:15:00,4.1550813989488233e-07,3.300106854453588e-08,415.50813989488233,33001.06854453588
2026-09-10 11:16:00,4.1532118189024914e-07,3.199944842435798e-08,415.32118189024914,31999.44842435798
2026-09-10 11:17:00,4.182841735200782e-07,3.202723419803988e-08,418.2841735200782,32027.234198039878
2026-09-10 11:18:00,4.1900506175807095e-07,3.195723863314015e-08,419.00506175807095,31957.23863314015
2026-09-10 11:19:00,4.193295808363473e-07,3.1319395077389345e-08,419.3295808363473,31319.395077389345
2026-09-10 11:20:00,4.2266751165698224e-07,3.2643924896547105e-08,422.66751165698224,32643.924896547105
2026-09-10 11:21:00,4.2488105123084097e-07,3.2783194825469764e-08,424.88105123084097,32783.19482546976
2026-09-10 11:22:00,4.2646675524338207e-07,3.394783121279943e-08,426.46675524338207,33947.83121279943
2026-09-10 11:23:00,4.272461353593826e-07,3.35316059363322e-08,427.2461353593826,33531.6059363322
2026-09-10 11:24:00,4.2446805537110777e-07,3.18504618235238e-08,424.46805537110777,31850.4618235238
2026-09-10 11:25:00,4.2699721802819113e-07,3.268295145630873e-08,426.9972180281911,32682.95145630873
2026-09-10 11:26:00,4.26219912696979e-07,3.470301379593366e-08,426.219912696979,34703.01379593366
2026-09-10 11:27:00,4.259537433881633e-07,3.2752797807233947e-08,425.9537433881633,32752.797807233947
2026-09-10 11:28:00,4.2472007066862716e-07,3.212980459466053e-08,424.72007066862716,32129.804594660527
2026-09-10 11:29:00,4.2687560153353843e-07,3.188832309319878e-08,426.87560153353843,31888.32309319878
2026-09-10 11:30:00,4.315777175634139e-07,3.3339571103851995e-08,431.5777175634139,33339.571103851995
2026-09-10 11:31:00,4.32538797667803e-07,3.382467994583749e-08,432.538797667803,33824.67994583749
2026-09-10 11:32:00,4.3453536591187003e-07,3.225482458901752e-08,434.53536591187003,32254.824589017517
2026-09-10 11:33:00,4.366897599084041e-07,3.2265251803664796e-08,436.6897599084041,32265.251803664796
2026-09-10 11:34:00,4.416529293393978e-07,3.419060234932658e-08,441.6529293393978,34190.60234932658
2026-09-10 11:35:00,4.387844967368437e-07,3.331666320605109e-08,438.7844967368437,33316.66320605109
2026-09-10 11:36:00,4.424633743838058e-07,3.267996362410486e-08,442.4633743838058,32679.963624104857
2026-09-10 11:37:00,4.4399314447218785e-07,3.1741986816768986e-08,443.99314447218785,31741.986816768986
2026-09-10 11:38:00,4.5090018829796463e-07,3.4236911972129747e-08,450.90018829796463,34236.91197212975
2026-09-10 11:39:00,4.6720649038434203e-07,3.431079420579408e-08,467.20649038434203,34310.79420579408
2026-09-10 11:40:00,4.781824713973037e-07,3.346810117932364e-08,478.18247139730374,33468.10117932364
2026-09-10 11:41:00,4.921473077956762e-07,3.325747854887595e-08,492.14730779567617,33257.47854887595
2026-09-10 11:42:00,5.007963181924424e-07,3.377826018891028e-08,500.7963181924424,33778.26018891028
2026-09-10 11:43:00,5.118615149513062e-07,3.3629746098995383e-08,511.86151495130616,33629.74609899538
2026-09-10 11:44:00,5.212789915276517e-07,3.427262385002905e-08,521.2789915276517,34272.62385002905
2026-09-10 11:45:00,5.294479024087195e-07,3.536009174354149e-08,529.4479024087195,35360.09174354149
2026-09-10 11:46:00,5.371295515033125e-07,3.531033243575621e-08,537.1295515033125,35310.33243575621
2026-09-10 11:47:00,5.422031676971528e-07,3.574586315835404e-08,542.2031676971528,35745.86315835404
2026-09-10 11:48:00,5.419066724243748e-07,3.5507657258904146e-08,541.9066724243748,35507.657258904146
2026-09-10 11:49:00,5.361481498766807e-07,3.594357522729297e-08,536.1481498766807,35943.57522729297
2026-09-10 11:50:00,5.329505938789225e-07,3.2065120336710606e-08,532.9505938789225,32065.120336710606
2026-09-10 11:51:00,5.302994736666733e-07,3.117670743790768e-08,530.2994736666733,31176.70743790768
2026-09-10 11:52:00,5.2841897968392e-07,3.332270637201873e-08,528.41897968392,33322.70637201873
2026-09-10 11:53:00,5.264041647023987e-07,3.101063938970583e-08,526.4041647023987,31010.63938970583
2026-09-10 11:54:00,5.207970730225497e-07,3.084919697471378e-08,520.7970730225497,30849.196974713777
2026-09-10 11:55:00,5.261446744952991e-07,2.9039972204714104e-08,526.1446744952991,29039.972204714104
2026-09-10 11:56:00,5.235160642769188e-07,3.12197236951306e-08,523.5160642769188,31219.723695130597
2026-09-10 11:57:00,5.183979396861105e-07,3.19916360069783e-08,518.3979396861105,31991.636006978297
2026-09-10 11:58:00,5.138811616234307e-07,3.257258995859047e-08,513.8811616234307,32572.58995859047
2026-09-10 11:59:00,5.084451686343527e-07,3.6318343887842275e-08,508.44516863435274,36318.343887842275
2026-09-10 12:00:00,5.044855129199277e-07,3.4368891732583506e-08,504.4855129199277,34368.89173258351
2026-09-10 12:01:00,5.006501169191324e-07,3.4095190670768716e-08,500.6501169191324,34095.190670768716
2026-09-10 12:02:00,4.985440114069206e-07,3.595822661850434e-08,498.5440114069206,35958.22661850434
2026-09-10 12:03:00,4.937557491757616e-07,3.56548213176211e-08,493.7557491757616,35654.8213176211
2026-09-10 12:04:00,4.886812234872195e-07,3.5254398511597174e-08,488.68122348721954,35254.39851159717
2026-09-10 12:05:00,4.844141585635953e-07,3.428497308277656e-08,484.41415856359527,34284.97308277656
2026-09-10 12:06:00,4.792852905666223e-07,3.627531341976464e-08,479.2852905666223,36275.31341976464
2026-09-10 12:07:00,4.7573524852850824e-07,3.4800734738382744e-08,475.73524852850824,34800.734738382744
2026-09-10 12:08:00,4.741295072108187e-07,3.429152428680027e-08,474.1295072108187,34291.52428680027
2026-09-10 12:09:00,4.6985181256786746e-07,3.523664204863053e-08,469.85181256786746,35236.64204863053
2026-09-10 12:10:00,4.69153860649385e-07,3.622843181005919e-08,469.153860649385,36228.43181005919
2026-09-10 12:11:00,4.66173304403128e-07,3.658969660591538e-08,466.173304403128,36589.69660591538
2026-09-10 12:12:00,4.639531709926814e-07,3.67441899129517e-08,463.9531709926814,36744.1899129517
2026-09-10 12:13:00,4.615180273503938e-07,3.659913971887363e-08,461.5180273503938,36599.13971887363
2026-09-10 12:14:00,4.6154715960256e-07,3.7084422643829384e-08,461.54715960256,37084.422643829384
2026-09-10 12:15:00,4.604296179877565e-07,3.92792109948914e-08,460.4296179877565,39279.2109948914
2026-09-10 12:16:00,4.588354158840957e-07,3.851713259450662e-08,458.8354158840957,38517.13259450662
2026-09-10 12:17:00,4.567632458929438e-07,3.954171035047693e-08,456.7632458929438,39541.71035047693
2026-09-10 12:18:00,4.571464842229034e-07,3.949097759914366e-08,457.1464842229034,39490.97759914366
2026-09-10 12:19:00,4.539827500593674e-07,3.8949362846096847e-08,453.9827500593674,38949.36284609685
2026-09-10 12:20:00,4.561289586035855e-07,4.037070056028824e-08,456.1289586035855,40370.70056028824
2026-09-10 12:21:00,4.6266112008197524e-07,4.044611046083446e-08,462.66112008197524,40446.11046083446
2026-09-10 12:22:00,4.642274120669754e-07,4.091828031960176e-08,464.2274120669754,40918.28031960176
2026-09-10 12:23:00,4.650968890018703e-07,4.279461762735082e-08,465.0968890018703,42794.61762735082
2026-09-10 12:24:00,4.6664274577778997e-07,4.29844106974997e-08,466.64274577778997,42984.4106974997
2026-09-10 12:25:00,4.7073939413166954e-07,4.3626108947592e-08,470.73939413166954,43626.108947592
2026-09-10 12:26:00,4.6778177420492284e-07,4.159931066283207e-08,467.78177420492284,41599.31066283207
2026-09-10 12:27:00,4.6474116288663936e-07,4.390268060205926e-08,464.74116288663936,43902.68060205926
2026-09-10 12:28:00,4.629333147931902e-07,4.255771912653472e-08,462.9333147931902,42557.71912653472
2026-09-10 12:29:00,4.634417507531907e-07,4.49586927686596e-08,463.4417507531907,44958.6927686596
2026-09-10 12:30:00,4.6518724161614955e-07,4.648784468486156e-08,465.18724161614955,46487.84468486156
2026-09-10 12:31:00,4.651860763260629e-07,4.643923645630821e-08,465.1860763260629,46439.23645630821
2026-09-10 12:32:00,4.6819207000226015e-07,4.505703543600248e-08,468.19207000226015,45057.03543600248
2026-09-10 12:33:00,4.772495003635413e-07,4.5450704533323005e-08,477.2495003635413,45450.704533323005
2026-09-10 12:34:00,4.951693313159922e-07,4.587251822840699e-08,495.16933131599217,45872.51822840699
2026-09-10 12:35:00,4.935882316203788e-07,4.560248356710872e-08,493.5882316203788,45602.48356710872
2026-09-10 12:36:00,4.888456714979839e-07,4.6580382218053273e-08,488.84567149798386,46580.38221805327
2026-09-10 12:37:00,4.885467319581949e-07,4.599170111418971e-08,488.54673195819487,45991.70111418971
2026-09-10 12:38:00,4.862595801569114e-07,4.8614680281389155e-08,486.2595801569114,48614.680281389155
2026-09-10 12:39:00,4.894503149444063e-07,4.786802776379773e-08,489.4503149444063,47868.02776379773
2026-09-10 12:40:00,4.850923573940236e-07,4.6360845828985475e-08,485.09235739402357,46360.845828985475
2026-09-10 12:41:00,4.83111136873049e-07,4.771755968135949e-08,483.11113687304896,47717.55968135949
2026-09-10 12:42:00,4.803918614015856e-07,4.8616371373100264e-08,480.39186140158563,48616.371373100264
2026-09-10 12:43:00,4.777981530423858e-07,4.6526501762400585e-08,477.7981530423858,46526.501762400585
2026-09-10 12:44:00,4.796929147232731e-07,4.577965384555682e-08,479.69291472327313,45779.65384555682
2026-09-10 12:45:00,4.85692112306424e-07,4.498652117490565e-08,485.69211230642395,44986.52117490565
2026-09-10 12:46:00,5.014880457565596e-07,4.648557805353448e-08,501.4880457565596,46485.57805353448
2026-09-10 12:47:00,5.214108114159899e-07,4.697317024238146e-08,521.4108114159899,46973.17024238146
2026-09-10 12:48:00,5.319107003742829e-07,5.063982655428845e-08,531.9107003742829,50639.82655428845
2026-09-10 12:49:00,5.326658651938487e-07,4.911507645033453e-08,532.6658651938487,49115.07645033453
2026-09-10 12:50:00,5.249823402664333e-07,4.917853502206526e-08,524.9823402664333,49178.53502206526
2026-09-10 12:51:00,5.171918928681407e-07,5.045519912982854e-08,517.1918928681407,50455.19912982854
2026-09-10 12:52:00,5.086760666017653e-07,5.026307903222005e-08,508.67606660176534,50263.07903222005
2026-09-10 12:53:00,5.023430844630639e-07,4.8458094425996023e-08,502.34308446306386,48458.09442599602
2026-09-10 12:54:00,4.975283331987157e-07,4.728091695938019e-08,497.5283331987157,47280.91695938019
2026-09-10 12:55:00,4.933117452310398e-07,4.494050642733782e-08,493.3117452310398,44940.50642733782
2026-09-10 12:56:00,4.893286700280441e-07,4.476168413702908e-08,489.32867002804414,44761.68413702908
2026-09-10 12:57:00,4.872330805483216e-07,4.6718636070863795e-08,487.2330805483216,46718.636070863795
2026-09-10 12:58:00,4.867872576141963e-07,4.7665093205750964e-08,486.7872576141963,47665.09320575096
2026-09-10 12:59:00,4.85227360513818e-07,4.80577888595235e-08,485.227360513818,48057.7888595235
2026-09-10 13:00:00,4.830885700357612e-07,4.973237111016715e-08,483.0885700357612,49732.37111016715
2026-09-10 13:01:00,4.816980663235881e-07,4.979176182473566e-08,481.69806632358814,49791.76182473566
2026-09-10 13:02:00,4.795031713911158e-07,4.956917365461777e-08,479.50317139111576,49569.17365461777
2026-09-10 13:03:00,4.778157745022327e-07,5.0433836662477916e-08,477.81577450223267,50433.836662477916
2026-09-10 13:04:00,4.7504278199994587e-07,4.9453618089501106e-08,475.0427819999459,49453.618089501106
2026-09-10 13:05:00,4.743559998132696e-07,4.902173955656508e-08,474.3559998132696,49021.73955656508
2026-09-10 13:06:00,4.745116655158199e-07,5.072640263392714e-08,474.5116655158199,50726.40263392714
2026-09-10 13:07:00,4.767125290072727e-07,4.997877667278772e-08,476.7125290072727,49978.77667278772
2026-09-10 13:08:00,4.747451782805001e-07,5.136963565632868e-08,474.7451782805001,51369.63565632868
2026-09-10 13:09:00,4.7404972747244756e-07,5.272769598718696e-08,474.04972747244756,52727.69598718696
2026-09-10 13:10:00,4.757284841616638e-07,5.506500500018774e-08,475.7284841616638,55065.00500018774
2026-09-10 13:11:00,4.7547302983730333e-07,5.515447654147465e-08,475.47302983730333,55154.47654147465
2026-09-10 13:12:00,4.771872568198887e-07,5.485183507403235e-08,477.1872568198887,54851.83507403235
2026-09-10 13:13:00,4.785026703757467e-07,5.399465763389344e-08,478.5026703757467,53994.65763389344
2026-09-10 13:14:00,4.832517106478917e-07,5.75037226724362e-08,483.25171064789174,57503.7226724362
2026-09-10 13:15:00,4.828057171835098e-07,5.4859704334830894e-08,482.80571718350984,54859.704334830894
2026-09-10 13:16:00,4.796530106432328e-07,5.245137302267722e-08,479.65301064323285,52451.37302267722
2026-09-10 13:17:00,4.781626898875402e-07,5.2718892362690895e-08,478.1626898875402,52718.892362690895
2026-09-10 13:18:00,4.781596203429217e-07,5.407598635542854e-08,478.1596203429217,54075.98635542854
2026-09-10 13:19:00,4.775760658048966e-07,5.279099468680215e-08,477.57606580489664,52790.99468680215
2026-09-10 13:20:00,4.7401513825207076e-07,5.436931971303238e-08,474.01513825207076,54369.31971303238
2026-09-10 13:21:00,4.7258069457711827e-07,5.238996791945283e-08,472.58069457711827,52389.96791945283
2026-09-10 13:22:00,4.7056693119884585e-07,5.359006038929692e-08,470.56693119884585,53590.06038929692
2026-09-10 13:23:00,4.7232640554284444e-07,5.352446663664523e-08,472.32640554284444,53524.46663664523
2026-09-10 13:24:00,4.7575423423040775e-07,5.6160924799542045e-08,475.75423423040775,56160.924799542045
2026-09-10 13:25:00,4.987110742149525e-07,6.251593731576577e-08,498.71107421495253,62515.93731576577
2026-09-10 13:26:00,4.994943765268545e-07,6.221445403298276e-08,499.49437652685447,62214.45403298276
2026-09-10 13:27:00,4.85350255985395e-07,6.222581561132756e-08,485.35025598539505,62225.81561132756
2026-09-10 13:28:00,4.76185789466399e-07,6.07199766022859e-08,476.185789466399,60719.9766022859
2026-09-10 13:29:00,4.7403642611243413e-07,6.071881131219925e-08,474.0364261124341,60718.81131219925
2026-09-10 13:30:00,4.7169132244562206e-07,5.7283013887854395e-08,471.69132244562206,57283.013887854395
2026-09-10 13:31:00,4.7013261905703985e-07,5.614269227294244e-08,470.13261905703985,56142.69227294244
2026-09-10 13:32:00,4.7093635657802224e-07,5.697765459444781e-08,470.93635657802224,56977.65459444781
2026-09-10 13:33:00,4.707067091658246e-07,5.63268578446241e-08,470.7067091658246,56326.8578446241
2026-09-10 13:34:00,4.724864197669376e-07,5.695465432609126e-08,472.4864197669376,56954.65432609126
2026-09-10 13:35:00,4.750883420001628e-07,5.5925632125308766e-08,475.0883420001628,55925.632125308766
2026-09-10 13:36:00,4.7455029061893583e-07,5.58268524741834e-08,474.55029061893583,55826.8524741834
2026-09-10 13:37:00,4.7246717826965323e-07,5.4732428367287866e-08,472.46717826965323,54732.42836728787
2026-09-10 13:38:00,4.690773494075984e-07,5.5647049634899304e-08,469.0773494075984,55647.049634899304
2026-09-10 13:39:00,4.6648295892737224e-07,5.8585950313272406e-08,466.48295892737224,58585.950313272406
2026-09-10 13:40:00,4.666051154345041e-07,6.185699419347657e-08,466.6051154345041,61856.99419347657
2026-09-10 13:41:00,4.6494295702359523e-07,6.087367410145816e-08,464.9429570235952,60873.674101458164
2026-09-10 13:42:00,4.6388169039346394e-07,6.257754847638353e-08,463.88169039346394,62577.54847638353
2026-09-10 13:43:00,4.636054313778004e-07,6.339649871733855e-08,463.6054313778004,63396.498717338545
2026-09-10 13:44:00,4.6099987116576813e-07,5.966116134459298e-08,460.9998711657681,59661.16134459298
2026-09-10 13:45:00,4.604059711255104e-07,5.837713246137355e-08,460.4059711255104,58377.13246137355
2026-09-10 13:46:00,4.622099254447676e-07,6.005034691725086e-08,462.2099254447676,60050.34691725086
2026-09-10 13:47:00,4.916705620416906e-07,6.30864747108717e-08,491.6705620416906,63086.4747108717
2026-09-10 13:48:00,5.684123607352376e-07,6.755973913641355e-08,568.4123607352376,67559.73913641355
2026-09-10 13:49:00,6.092138846724993e-07,7.121016665223578e-08,609.2138846724993,71210.16665223578
2026-09-10 13:50:00,6.082224786041479e-07,7.082805097979872e-08,608.2224786041479,70828.05097979872
2026-09-10 13:51:00,6.004101464895939e-07,6.924274487118964e-08,600.4101464895939,69242.74487118964
2026-09-10 13:52:00,5.850403681506577e-07,6.522270723507972e-08,585.0403681506577,65222.707235079724
2026-09-10 13:53:00,5.7281823728772e-07,6.485544190582004e-08,572.81823728772,64855.441905820044
2026-09-10 13:54:00,5.597210588348389e-07,6.304909305754336e-08,559.7210588348389,63049.09305754336
2026-09-10 13:55:00,5.492524337569193e-07,6.463032065084917e-08,549.2524337569193,64630.32065084917
2026-09-10 13:56:00,5.405998990681837e-07,6.407384489648393e-08,540.5998990681837,64073.84489648393
2026-09-10 13:57:00,5.337091124602011e-07,6.33592023291385e-08,533.7091124602011,63359.2023291385
2026-09-10 13:58:00,5.301579903971287e-07,6.51573870413813e-08,530.1579903971287,65157.3870413813
2026-09-10 13:59:00,5.238708240540291e-07,6.368473037809963e-08,523.8708240540291,63684.73037809963
2026-09-10 14:00:00,5.179224444873398e-07,6.285840470354742e-08,517.9224444873398,62858.40470354742
2026-09-10 14:01:00,5.173496901988983e-07,6.429320364986779e-08,517.3496901988983,64293.20364986779
2026-09-10 14:02:00,5.171210091248213e-07,6.255206130845181e-08,517.1210091248213,62552.06130845181
2026-09-10 14:03:00,5.290905278343416e-07,6.457750600930012e-08,529.0905278343416,64577.50600930012
2026-09-10 14:04:00,5.548085368900502e-07,6.814846642555494e-08,554.8085368900502,68148.46642555494
2026-09-10 14:05:00,5.654874826177547e-07,7.002534374578318e-08,565.4874826177547,70025.34374578318
2026-09-10 14:06:00,5.568252845478128e-07,6.755685433290637e-08,556.8252845478128,67556.85433290637
2026-09-10 14:07:00,5.435126695374493e-07,6.549783648779339e-08,543.5126695374493,65497.83648779339
2026-09-10 14:08:00,5.307446144797723e-07,6.449753442439032e-08,530.7446144797723,64497.534424390324
2026-09-10 14:09:00,5.214793077357172e-07,6.417926812218866e-08,521.4793077357172,64179.26812218866
2026-09-10 14:10:00,5.114736723044189e-07,6.484004444473612e-08,511.47367230441887,64840.04444473612
2026-09-10 14:11:00,5.067636834610312e-07,6.444017230933241e-08,506.7636834610312,64440.17230933241
2026-09-10 14:12:00,5.0187622946396e-07,6.542077102267285e-08,501.87622946396004,65420.77102267285
2026-09-10 14:13:00,4.947562501911307e-07,6.324909662680511e-08,494.7562501911307,63249.09662680511
2026-09-10 14:14:00,4.914936084787769e-07,6.283729447886799e-08,491.4936084787769,62837.29447886799
2026-09-10 14:15:00,4.91638104449521e-07,6.133144836439897e-08,491.63810444952105,61331.448364398966
2026-09-10 14:16:00,4.905450055048277e-07,5.759688903594906e-08,490.5450055048277,57596.88903594906
2026-09-10 14:17:00,4.87961074213672e-07,5.988634654841007e-08,487.96107421367196,59886.346548410074
2026-09-10 14:18:00,4.872755994256295e-07,6.230271765161888e-08,487.2755994256295,62302.71765161888
2026-09-10 14:19:00,4.834776063944446e-07,6.169995003801887e-08,483.4776063944446,61699.95003801887
2026-09-10 14:20:00,4.830300781577535e-07,6.090485982213067e-08,483.03007815775345,60904.859822130675
2026-09-10 14:21:00,4.812567908629717e-07,5.854805706917432e-08,481.2567908629717,58548.05706917432
2026-09-10 14:22:00,4.800365900337056e-07,6.03311960389874e-08,480.0365900337056,60331.1960389874
2026-09-10 14:23:00,4.813646796719695e-07,5.895343946349385e-08,481.3646796719695,58953.43946349385
2026-09-10 14:24:00,4.828496003028704e-07,6.377328531925741e-08,482.8496003028704,63773.28531925741
2026-09-10 14:25:00,4.832227205042727e-07,6.536877350526993e-08,483.22272050427273,65368.77350526993
2026-09-10 14:26:00,4.83378187254857e-07,6.123705276195324e-08,483.37818725485704,61237.05276195324
2026-09-10 14:27:00,4.830243369724485e-07,6.186814260900064e-08,483.0243369724485,61868.14260900064
2026-09-10 14:28:00,4.8909186034507e-07,6.191364576579872e-08,489.09186034507,61913.64576579872
2026-09-10 14:29:00,4.864955371886026e-07,6.4154676238104e-08,486.4955371886026,64154.676238104
2026-09-10 14:30:00,4.854016992794641e-07,6.468970070727664e-08,485.4016992794641,64689.70070727664
2026-09-10 14:31:00,4.889685101261421e-07,6.691764298238922e-08,488.96851012614206,66917.64298238922
2026-09-10 14:32:00,4.979784762326744e-07,6.547506359311228e-08,497.97847623267444,65475.06359311228
2026-09-10 14:33:00,5.027042107030866e-07,6.621588966027048e-08,502.7042107030866,66215.88966027048
2026-09-10 14:34:00,5.023252924729604e-07,6.712933497965423e-08,502.3252924729604,67129.33497965423
2026-09-10 14:35:00,4.998688609703095e-07,6.823510290132617e-08,499.86886097030947,68235.10290132617
2026-09-10 14:36:00,4.966393589711515e-07,6.586112277773282e-08,496.6393589711515,65861.12277773282
2026-09-10 14:37:00,4.970676172888489e-07,6.622119030907925e-08,497.06761728884885,66221.19030907925
2026-09-10 14:38:00,4.956118004884047e-07,6.478094860540295e-08,495.6118004884047,64780.948605402955
2026-09-10 14:39:00,4.999612883693771e-07,6.463490365149482e-08,499.96128836937714,64634.903651494824
2026-09-10 14:40:00,4.994236064703728e-07,6.494772009091321e-08,499.42360647037276,64947.72009091321
2026-09-10 14:41:00,4.976152467861539e-07,6.646490646744496e-08,497.6152467861539,66464.90646744496
2026-09-10 14:42:00,4.952698304805381e-07,6.459450929696686e-08,495.2698304805381,64594.50929696686
2026-09-10 14:43:00,4.935745323564333e-07,6.579478650792225e-08,493.57453235643334,65794.78650792225
2026-09-10 14:44:00,4.918450144941744e-07,6.775403704750715e-08,491.8450144941744,67754.03704750715
2026-09-10 14:45:00,4.906607955490472e-07,6.911209027293808e-08,490.6607955490472,69112.09027293808
2026-09-10 14:46:00,4.904735533273197e-07,6.893265691587658e-08,490.4735533273197,68932.65691587658
2026-09-10 14:47:00,4.907116135655087e-07,6.954890352517396e-08,490.71161356550874,69548.90352517396
2026-09-10 14:48:00,4.895948677585693e-07,6.818579123546442e-08,489.5948677585693,68185.79123546442
2026-09-10 14:49:00,4.907732318315539e-07,6.732801693942747e-08,490.77323183155386,67328.01693942747
2026-09-10 14:50:00,4.932937827106798e-07,6.917577621834425e-08,493.2937827106798,69175.77621834425
2026-09-10 14:51:00,4.986906674275815e-07,7.141972702129351e-08,498.6906674275815,71419.72702129351
2026-09-10 14:52:00,5.003365686206962e-07,7.122778811208264e-08,500.3365686206962,71227.78811208264
2026-09-10 14:53:00,4.979576146979525e-07,6.967429300175354e-08,497.9576146979525,69674.29300175354
2026-09-10 14:54:00,4.924892778035428e-07,7.119128042631928e-08,492.4892778035428,71191.28042631928
2026-09-10 14:55:00,4.91133789637388e-07,7.262762835580361e-08,491.13378963738796,72627.62835580361
2026-09-10 14:56:00,4.850168693337764e-07,7.46657633499126e-08,485.0168693337764,74665.7633499126
2026-09-10 14:57:00,4.81954998576839e-07,7.488270625799487e-08,481.954998576839,74882.70625799487
2026-09-10 14:58:00,4.822387040803733e-07,7.366447363210682e-08,482.2387040803733,73664.47363210682
2026-09-10 14:59:00,4.84904717268364e-07,7.085994724320699e-08,484.90471726836404,70859.94724320699
2026-09-10 15:00:00,4.859607543039601e-07,7.095387388744712e-08,485.96075430396013,70953.87388744712
2026-09-10 15:01:00,4.847873924518353e-07,7.009707303495816e-08,484.78739245183533,70097.07303495816
2026-09-10 15:02:00,4.841469944949495e-07,7.110540423127532e-08,484.14699449494947,71105.40423127532
2026-09-10 15:03:00,4.87508998503472e-07,7.377599331448437e-08,487.50899850347196,73775.99331448437
2026-09-10 15:04:00,4.907915922558459e-07,7.445394345495515e-08,490.7915922558459,74453.94345495515
2026-09-10 15:05:00,4.930740260533639e-07,7.470485741123412e-08,493.0740260533639,74704.85741123412
2026-09-10 15:06:00,4.981626489097835e-07,7.370512378201965e-08,498.16264890978346,73705.12378201965
2026-09-10 15:07:00,4.966600499756169e-07,7.352880970756814e-08,496.66004997561686,73528.80970756814
2026-09-10 15:08:00,4.957384476256266e-07,7.588443651229682e-08,495.7384476256266,75884.43651229682
2026-09-10 15:09:00,4.973706495547958e-07,7.542128344084631e-08,497.3706495547958,75421.28344084631
2026-09-10 15:10:00,4.960512569596176e-07,7.649580879842688e-08,496.0512569596176,76495.80879842688
2026-09-10 15:11:00,4.968322286913462e-07,7.883328123625688e-08,496.83222869134624,78833.28123625688
2026-09-10 15:12:00,4.980785774932883e-07,7.379983912869648e-08,498.0785774932883,73799.83912869648
2026-09-10 15:13:00,4.979402206117811e-07,7.384534228549455e-08,497.9402206117811,73845.34228549455
2026-09-10 15:14:00,4.96553411721834e-07,7.400331014650874e-08,496.553411721834,74003.31014650874
2026-09-10 15:15:00,4.964248887517897e-07,7.384163325241389e-08,496.4248887517897,73841.63325241389
2026-09-10 15:16:00,4.958330919180298e-07,7.540665336591701e-08,495.8330919180298,75406.65336591701
2026-09-10 15:17:00,4.964318236488907e-07,7.829730463981832e-08,496.4318236488907,78297.30463981832
2026-09-10 15:18:00,4.955198278366879e-07,7.808895929883874e-08,495.5198278366879,78088.95929883874
2026-09-10 15:19:00,4.965298217030067e-07,7.666395163141715e-08,496.52982170300675,76663.95163141715
2026-09-10 15:20:00,4.96504810598708e-07,7.840138493975246e-08,496.504810598708,78401.38493975246
2026-09-10 15:21:00,5.003427077099332e-07,8.132366247082246e-08,500.34270770993317,81323.66247082246
2026-09-10 15:22:00,5.013648660678882e-07,8.214531987960072e-08,501.3648660678882,82145.31987960072
2026-09-10 15:23:00,5.028398959439073e-07,8.008668572756505e-08,502.8398959439073,80086.68572756505
2026-09-10 15:24:00,5.009816845813475e-07,8.088765213187799e-08,500.9816845813475,80887.65213187799
2026-09-10 15:25:00,5.006959895581531e-07,8.23886239231797e-08,500.6959895581531,82388.6239231797
2026-09-10 15:26:00,5.006395440432243e-07,8.085484637376794e-08,500.6395440432243,80854.84637376794
2026-09-10 15:27:00,5.017855073674582e-07,8.12641118841384e-08,501.7855073674582,81264.1118841384
2026-09-10 15:28:00,5.098527253721841e-07,8.281156027578618e-08,509.85272537218407,82811.56027578618
2026-09-10 15:29:00,5.184406290936749e-07,8.578030730177488e-08,518.4406290936749,85780.30730177488
2026-09-10 15:30:00,5.156885549695289e-07,8.805627516039749e-08,515.6885549695289,88056.27516039749
2026-09-10 15:31:00,5.142094323673518e-07,8.758022573829294e-08,514.2094323673518,87580.22573829294
2026-09-10 15:32:00,5.107068545839866e-07,8.515840477230086e-08,510.70685458398657,85158.40477230086
2026-09-10 15:33:00,5.057731300439627e-07,8.52365076298156e-08,505.77313004396274,85236.5076298156
2026-09-10 15:34:00,5.043935971116298e-07,8.466283674124497e-08,504.3935971116298,84662.83674124497
2026-09-10 15:35:00,5.025396490054845e-07,8.587930722114834e-08,502.53964900548453,85879.30722114834
2026-09-10 15:36:00,5.011510779695527e-07,8.445390164979472e-08,501.1510779695527,84453.90164979472
2026-09-10 15:37:00,5.012974497731193e-07,8.480049018544378e-08,501.2974497731193,84800.49018544378
2026-09-10 15:38:00,5.029198746342445e-07,8.500317250081935e-08,502.9198746342445,85003.17250081935
2026-09-10 15:39:00,5.056218128629553e-07,8.797347561539937e-08,505.62181286295527,87973.47561539937
2026-09-10 15:40:00,5.067464030616975e-07,8.950706131827246e-08,506.7464030616975,89507.06131827246
2026-09-10 15:41:00,5.070858719591342e-07,8.757592695474159e-08,507.08587195913424,87575.92695474159
2026-09-10 15:42:00,5.100954467707197e-07,8.760521552630962e-08,510.0954467707197,87605.21552630962
2026-09-10 15:43:00,5.135494802743779e-07,8.747751678583882e-08,513.5494802743779,87477.51678583882
2026-09-10 15:44:00,5.161918466001225e-07,8.660176575858713e-08,516.1918466001225,86601.76575858713
2026-09-10 15:45:00,5.232274133959436e-07,8.813613305846957e-08,523.2274133959436,88136.13305846957
2026-09-10 15:46:00,5.338079631656001e-07,8.761322334294164e-08,533.8079631656001,87613.22334294164
2026-09-10 15:47:00,5.454552933770174e-07,8.781628935139452e-08,545.4552933770174,87816.28935139452
2026-09-10 15:48:00,5.53897109512036e-07,8.75444854386842e-08,553.897109512036,87544.4854386842
2026-09-10 15:49:00,5.575105888055987e-07,9.031152359284533e-08,557.5105888055987,90311.52359284533
2026-09-10 15:50:00,5.626692427540547e-07,8.907650084211127e-08,562.6692427540547,89076.50084211127
2026-09-10 15:51:00,5.659966859639098e-07,9.062374317636568e-08,565.9966859639098,90623.74317636568
2026-09-10 15:52:00,5.721084903598239e-07,8.759992908835557e-08,572.1084903598239,87599.92908835557
2026-09-10 15:53:00,5.807002025903785e-07,8.940219231590163e-08,580.7002025903785,89402.19231590163
2026-09-10 15:54:00,5.856303459950141e-07,9.038024728624805e-08,585.6303459950141,90380.24728624805
2026-09-10 15:55:00,5.886293479306914e-07,9.21184621915927e-08,588.6293479306914,92118.4621915927
2026-09-10 15:56:00,5.888660439268278e-07,9.236956799441032e-08,588.8660439268278,92369.56799441032
2026-09-10 15:57:00,5.908317461944534e-07,9.018635438451383e-08,590.8317461944534,90186.35438451383
2026-09-10 15:58:00,5.921135084463458e-07,9.013636059762575e-08,592.1135084463458,90136.36059762575
2026-09-10 15:59:00,5.887235374757438e-07,8.986455668491544e-08,588.7235374757438,89864.55668491544
2026-09-10 16:00:00,5.87914030347747e-07,8.968803655307056e-08,587.914030347747,89688.03655307056
2026-09-10 16:01:00,5.833456384607416e-07,8.74743690815194e-08,583.3456384607416,87474.3690815194
2026-09-10 16:02:00,5.801018687634496e-07,8.85928130855973e-08,580.1018687634496,88592.8130855973
2026-09-10 16:03:00,5.75419619508466e-07,8.786566496610249e-08,575.419619508466,87865.66496610249
2026-09-10 16:04:00,5.73271506709716e-07,8.805545803625137e-08,573.271506709716,88055.45803625137
2026-09-10 16:05:00,5.708454864361556e-07,8.741773172005196e-08,570.8454864361556,87417.73172005196
2026-09-10 16:06:00,5.680485628545284e-07,8.700553166818281e-08,568.0485628545284,87005.53166818281
2026-09-10 16:07:00,5.62751210964052e-07,9.018359747869908e-08,562.751210964052,90183.59747869908
2026-09-10 16:08:00,5.585676490227343e-07,9.136882539451108e-08,558.5676490227343,91368.82539451108
2026-09-10 16:09:00,5.533494231713121e-07,9.130419442726634e-08,553.3494231713121,91304.19442726634
2026-09-10 16:10:00,5.507312152985833e-07,9.16322306920847e-08,550.7312152985833,91632.2306920847
2026-09-10 16:11:00,5.4822999118187e-07,9.098298647813863e-08,548.22999118187,90982.98647813863
2026-09-10 16:12:00,5.450133357953746e-07,9.297561831544954e-08,545.0133357953746,92975.61831544954
2026-09-10 16:13:00,5.424060987024859e-07,9.107318987844337e-08,542.4060987024859,91073.18987844337
2026-09-10 16:14:00,5.41414522103878e-07,9.404388379152806e-08,541.414522103878,94043.88379152806
2026-09-10 16:15:00,5.401962539508531e-07,9.146370416601712e-08,540.1962539508531,91463.70416601712
2026-09-10 16:16:00,5.408899710346304e-07,9.037278658752257e-08,540.8899710346304,90372.78658752257
2026-09-10 16:17:00,5.411137635746854e-07,9.063813877219218e-08,541.1137635746854,90638.13877219218
2026-09-10 16:18:00,5.406462264545553e-07,8.986158661627996e-08,540.6462264545553,89861.58661627996
2026-09-10 16:19:00,5.379492336032854e-07,8.879857915644607e-08,537.9492336032854,88798.57915644607
2026-09-10 16:20:00,5.401406610872073e-07,8.655054273276619e-08,540.1406610872073,86550.54273276619
2026-09-10 16:21:00,5.338539494914585e-07,8.473012513832145e-08,533.8539494914585,84730.12513832145
2026-09-10 16:22:00,5.291940397000872e-07,8.319596389583239e-08,529.1940397000872,83195.96389583239
2026-09-10 16:23:00,5.250648200672003e-07,8.445773147514046e-08,525.0648200672003,84457.73147514046
2026-09-10 16:24:00,5.21769322858745e-07,8.785877980699297e-08,521.769322858745,87858.77980699297
2026-09-10 16:25:00,5.220159096097632e-07,8.684303054451448e-08,522.0159096097632,86843.03054451448
2026-09-10 16:26:00,5.16739703471103e-07,8.778945215226486e-08,516.739703471103,87789.45215226486
2026-09-10 16:27:00,5.133613854013674e-07,8.618928859505104e-08,513.3613854013674,86189.28859505104
2026-09-10 16:28:00,5.12041253841744e-07,8.335643997270381e-08,512.041253841744,83356.43997270381
2026-09-10 16:29:00,5.087273962089967e-07,8.551445773719024e-08,508.72739620899665,85514.45773719024
2026-09-10 16:30:00,5.074005571259477e-07,8.48396339847568e-08,507.40055712594767,84839.6339847568
2026-09-10 16:31:00,5.092371111459215e-07,8.331659273608238e-08,509.2371111459215,83316.59273608238
2026-09-10 16:32:00,5.085189513920341e-07,8.326698974769897e-08,508.51895139203407,83266.98974769897
2026-09-10 16:33:00,5.184518840906094e-07,8.508525439765435e-08,518.4518840906094,85085.25439765435
2026-09-10 16:34:00,5.275270495985751e-07,8.581448440736494e-08,527.5270495985751,85814.48440736494
2026-09-10 16:35:00,5.264503215585137e-07,8.283642927153778e-08,526.4503215585137,82836.42927153778
2026-09-10 16:36:00,5.216519411987974e-07,8.402048479183577e-08,521.6519411987974,84020.48479183577
2026-09-10 16:37:00,5.192982825974468e-07,8.42883807194994e-08,519.2982825974468,84288.3807194994
2026-09-10 16:38:00,5.292521905175818e-07,8.368502335542871e-08,529.2521905175818,83685.02335542871
2026-09-10 16:39:00,5.320567879607552e-07,8.474196278029922e-08,532.0567879607552,84741.96278029922
2026-09-10 16:40:00,5.311767381499521e-07,8.331362266744691e-08,531.1767381499521,83313.6226674469
2026-09-10 16:41:00,5.359349870559527e-07,8.183881305967589e-08,535.9349870559527,81838.81305967589
2026-09-10 16:42:00,5.427627343124186e-07,8.226291470236902e-08,542.7627343124186,82262.91470236902
2026-09-10 16:43:00,5.524642574528116e-07,8.567449327756549e-08,552.4642574528116,85674.49327756549
2026-09-10 16:44:00,5.524948392121587e-07,8.621611868875334e-08,552.4948392121587,86216.11868875334
2026-09-10 16:45:00,5.395469315772061e-07,8.412239083099848e-08,539.5469315772061,84122.39083099848
2026-09-10 16:46:00,5.304521550897334e-07,8.419517882884975e-08,530.4521550897334,84195.17882884975
2026-09-10 16:47:00,5.260623083813698e-07,8.311694443818851e-08,526.0623083813698,83116.94443818851
2026-09-10 16:48:00,5.239861593508977e-07,8.206544066524657e-08,523.9861593508977,82065.44066524657
2026-09-10 16:49:00,5.188693421587232e-07,8.21421721752813e-08,518.8693421587232,82142.1721752813
2026-09-10 16:50:00,5.145012664797832e-07,8.390985328787792e-08,514.5012664797832,83909.85328787792
2026-09-10 16:51:00,5.11734981500922e-07,8.640429172146469e-08,511.734981500922,86404.29172146469
2026-09-10 16:52:00,5.126186124471133e-07,8.554728481158236e-08,512.6186124471133,85547.28481158236
2026-09-10 16:53:00,5.125908160152903e-07,8.696564179899724e-08,512.5908160152903,86965.64179899724
2026-09-10 16:54:00,5.135067340233945e-07,8.544260055032282e-08,513.5067340233945,85442.60055032282
2026-09-10 16:55:00,5.20530306857836e-07,8.60303401850615e-08,520.530306857836,86030.3401850615
2026-09-10 16:56:00,5.405461820373603e-07,8.757162817119024e-08,540.5461820373603,87571.62817119024
2026-09-10 16:57:00,5.979416641821445e-07,9.098346254177159e-08,597.9416641821445,90983.46254177159
2026-09-10 16:58:00,6.930562790330441e-07,9.601004080650455e-08,693.0562790330441,96010.04080650455
2026-09-10 16:59:00,7.744971526335576e-07,1.0026064245494126e-07,774.4971526335576,100260.64245494126
2026-09-10 17:00:00,8.304898528876947e-07,1.0152122342788061e-07,830.4898528876947,101521.22342788061
2026-09-10 17:01:00,8.784277270024177e-07,1.0163036989752072e-07,878.4277270024177,101630.36989752072
2026-09-10 17:02:00,9.35157061121572e-07,1.0747564971325119e-07,935.157061121572,107475.64971325119
2026-09-10 17:03:00,9.978033403967856e-07,1.114771208676757e-07,997.8033403967856,111477.1208676757
2026-09-10 17:04:00,1.0779931471915916e-06,1.1670773858440953e-07,1077.9931471915916,116707.73858440953
2026-09-10 17:05:00,1.1737631666619563e-06,1.2427776141521463e-07,1173.7631666619563,124277.76141521463
2026-09-10 17:06:00,1.284300310544495e-06,1.3314783586793055e-07,1284.300310544495,133147.83586793055
2026-09-10 17:07:00,1.39414555633266e-06,1.4220907473827538e-07,1394.14555633266,142209.07473827538
2026-09-10 17:08:00,1.4853621905785985e-06,1.4804324166561855e-07,1485.3621905785985,148043.24166561855
2026-09-10 17:09:00,1.5570046798529802e-06,1.4871882569877926e-07,1557.0046798529802,148718.82569877926
2026-09-10 17:10:00,1.6161473013198702e-06,1.5229070982059056e-07,1616.1473013198702,152290.70982059056
2026-09-10 17:11:00,1.6516490859430633e-06,1.507373923459454e-07,1651.6490859430633,150737.3923459454
2026-09-10 17:12:00,1.6642032960589859e-06,1.4986358110036235e-07,1664.2032960589859,149863.58110036235
2026-09-10 17:13:00,1.6580853525738348e-06,1.4669743109152478e-07,1658.0853525738348,146697.43109152478
2026-09-10 17:14:00,1.6339628245987114e-06,1.3937007281583647e-07,1633.9628245987114,139370.07281583647
2026-09-10 17:15:00,1.608319507795386e-06,1.3838672430210863e-07,1608.319507795386,138386.72430210863
2026-09-10 17:16:00,1.5787088614160893e-06,1.339707011993596e-07,1578.7088614160893,133970.7011993596
2026-09-10 17:17:00,1.547442479932215e-06,1.304277077451843e-07,1547.442479932215,130427.7077451843
2026-09-10 17:18:00,1.5141272342589218e-06,1.2974466301329812e-07,1514.1272342589218,129744.66301329812
2026-09-10 17:19:00,1.4846855265204795e-06,1.273515408684034e-07,1484.6855265204795,127351.54086840339
2026-09-10 17:20:00,1.4555405414284905e-06,1.229825699056164e-07,1455.5405414284905,122982.5699056164
2026-09-10 17:21:00,1.4198651570040965e-06,1.1651418674318847e-07,1419.8651570040965,116514.18674318847
2026-09-10 17:22:00,1.3836690868629375e-06,1.1543083644482977e-07,1383.6690868629375,115430.83644482977
2026-09-10 17:23:00,1.352176127511484e-06,1.1339096062101817e-07,1352.176127511484,113390.96062101817
2026-09-10 17:24:00,1.3236229960966739e-06,1.1411535894012559e-07,1323.622996096674,114115.35894012559
2026-09-10 17:25:00,1.2971032674613525e-06,1.1637312979928538e-07,1297.1032674613525,116373.12979928538
2026-09-10 17:26:00,1.27763269119896e-06,1.1151603018788592e-07,1277.63269119896,111516.03018788592
2026-09-10 17:27:00,1.2584924888869864e-06,1.099808883964215e-07,1258.4924888869864,109980.8883964215
2026-09-10 17:28:00,1.23715392419399e-06,1.1081384343469836e-07,1237.15392419399,110813.84343469836
2026-09-10 17:29:00,1.217556928168051e-06,1.0956142659779289e-07,1217.556928168051,109561.42659779289
2026-09-10 17:30:00,1.1952913610002724e-06,1.1079428929861024e-07,1195.2913610002724,110794.28929861024
2026-09-10 17:31:00,1.174864678432641e-06,1.1000054200849263e-07,1174.864678432641,110000.54200849263
2026-09-10 17:32:00,1.160861756943632e-06,1.1042678949024776e-07,1160.861756943632,110426.78949024776
2026-09-10 17:33:00,1.1440714615673642e-06,1.0898398983272273e-07,1144.0714615673642,108983.98983272273
2026-09-10 17:34:00,1.1295692274870817e-06,1.085095107100642e-07,1129.5692274870817,108509.5107100642
2026-09-10 17:35:00,1.116028784053924e-06,1.0841048947440868e-07,1116.028784053924,108410.48947440868
2026-09-10 17:36:00,1.0996844821420382e-06,1.0584730603113712e-07,1099.6844821420382,105847.30603113712
2026-09-10 17:37:00,1.0844985354196979e-06,1.0508636449912956e-07,1084.4985354196979,105086.36449912956
2026-09-10 17:38:00,1.0751076615633792e-06,1.0506760617090549e-07,1075.1076615633792,105067.60617090549
2026-09-10 17:39:00,1.061829607351683e-06,1.0239154590863109e-07,1061.829607351683,102391.54590863109
2026-09-10 17:40:00,1.0498716846996103e-06,1.0133030059478187e-07,1049.8716846996103,101330.30059478187
2026-09-10 17:41:00,1.040117240336258e-06,1.005209284699049e-07,1040.117240336258,100520.9284699049
2026-09-10 17:42:00,1.0306609965482494e-06,1.0023584451346323e-07,1030.6609965482494,100235.84451346323
2026-09-10 17:43:00,1.0267948482578504e-06,1.0130957406317975e-07,1026.7948482578504,101309.57406317975
2026-09-10 17:44:00,1.0190074135607574e-06,1.0279411810643069e-07,1019.0074135607574,102794.11810643069
2026-09-10 17:45:00,1.0142002793145366e-06,1.0602098399203896e-07,1014.2002793145366,106020.98399203896
2026-09-10 17:46:00,1.012550228551845e-06,9.898087682813639e-08,1012.5502285518451,98980.87682813639
2026-09-10 17:47:00,1.011503172776429e-06,1.0144680828716446e-07,1011.503172776429,101446.80828716446
2026-09-10 17:48:00,1.0053636287921108e-06,1.0157117458220455e-07,1005.3636287921108,101571.17458220455
2026-09-10 17:49:00,1.0046705938293599e-06,1.0364327351908287e-07,1004.6705938293599,103643.27351908287
2026-09-10 17:50:00,1.0018942475653603e-06,1.035454317843687e-07,1001.8942475653603,103545.4317843687
2026-09-10 17:51:00,9.956663689081324e-07,1.0364052371869548e-07,995.6663689081324,103640.52371869548
2026-09-10 17:52:00,9.926632174028782e-07,1.0099668656948779e-07,992.6632174028782,100996.68656948779
2026-09-10 17:53:00,9.907772664519143e-07,1.0254725424374556e-07,990.7772664519143,102547.25424374556
2026-09-10 17:54:00,9.89902673609322e-07,1.0000145778121805e-07,989.9026736093219,100001.45778121805
2026-09-10 17:55:00,9.91774641079246e-07,1.0248142956470474e-07,991.7746410792461,102481.42956470474
2026-09-10 17:56:00,9.908086440191255e-07,1.0033045327872969e-07,990.8086440191255,100330.45327872969
2026-09-10 17:57:00,9.910569360727095e-07,1.0134110794979279e-07,991.0569360727095,101341.10794979279
2026-09-10 17:58:00,9.932498414855218e-07,1.0086603197123623e-07,993.2498414855218,100866.03197123623
2026-09-10 17:59:00,9.944776593329152e-07,1.0085061319387023e-07,994.4776593329152,100850.61319387023
2026-09-10 18:00:00,9.977130730476347e-07,1.0242867887200191e-07,997.7130730476347,102428.67887200191
2026-09-10 18:01:00,1.0014186955231708e-06,1.0092674784800693e-07,1001.4186955231708,100926.74784800693
2026-09-10 18:02:00,1.0017145086749224e-06,1.0035756048409894e-07,1001.7145086749224,100357.56048409894
2026-09-10 18:03:00,1.0059183068733546e-06,9.913854626120155e-08,1005.9183068733546,99138.54626120155
2026-09-10 18:04:00,1.138969992098282e-06,1.1182184067592971e-07,1138.969992098282,111821.8406759297
2026-09-10 18:05:00,1.34874983359623e-06,1.2517078573637264e-07,1348.74983359623,125170.78573637264
2026-09-10 18:06:00,1.1863396593980724e-06,1.1186870096935309e-07,1186.3396593980724,111868.70096935309
2026-09-10 18:07:00,1.0891357078435249e-06,1.0160683672211235e-07,1089.1357078435249,101606.83672211235
2026-09-10 18:08:00,1.0556168490438722e-06,9.984869819845699e-08,1055.6168490438722,99848.69819845699
2026-09-10 18:09:00,1.0332605597795919e-06,9.934179701076573e-08,1033.2605597795919,99341.79701076573
2026-09-10 18:10:00,1.0123607125933631e-06,9.719160232180002e-08,1012.3607125933631,97191.60232180002
2026-09-10 18:11:00,9.908330866892356e-07,9.488068997143273e-08,990.8330866892356,94880.68997143273
2026-09-10 18:12:00,9.682836434876663e-07,9.49273513128901e-08,968.2836434876663,94927.3513128901
2026-09-10 18:13:00,9.48882757256797e-07,9.429431457874671e-08,948.882757256797,94294.31457874671
2026-09-10 18:14:00,9.349853371531935e-07,9.195569816711213e-08,934.9853371531935,91955.69816711213
2026-09-10 18:15:00,9.215266345563577e-07,8.997653111464388e-08,921.5266345563577,89976.53111464388
2026-09-10 18:16:00,9.079689107238664e-07,9.054689087406587e-08,907.9689107238664,90546.89087406587
2026-09-10 18:17:00,8.915922080632299e-07,8.945617224753732e-08,891.5922080632299,89456.17224753732
2026-09-10 18:18:00,8.800455475466151e-07,8.925096040002245e-08,880.0455475466151,89250.96040002245
2026-09-10 18:19:00,8.667478255119931e-07,8.798527773024034e-08,866.7478255119931,87985.27773024034
2026-09-10 18:20:00,8.536329687558464e-07,8.586651745190466e-08,853.6329687558464,85866.51745190466
2026-09-10 18:21:00,8.428142450611631e-07,8.389049810375582e-08,842.8142450611631,83890.49810375582
2026-09-10 18:22:00,8.312082968586765e-07,8.535942441767475e-08,831.2082968586765,85359.42441767475
2026-09-10 18:23:00,8.2068612528019e-07,8.450732025266916e-08,820.68612528019,84507.32025266916
2026-09-10 18:24:00,8.113071885418321e-07,8.372978044235424e-08,811.3071885418321,83729.78044235424
2026-09-10 18:25:00,8.037537213567703e-07,8.539478812963353e-08,803.7537213567703,85394.78812963353
2026-09-10 18:26:00,8.002524509720388e-07,8.427106479302893e-08,800.2524509720388,84271.06479302893
2026-09-10 18:27:00,7.833992299310921e-07,8.313368482504302e-08,783.3992299310921,83133.68482504302
2026-09-10 18:28:00,7.71953182265861e-07,7.924175804419065e-08,771.953182265861,79241.75804419065
2026-09-10 18:29:00,7.626933324900165e-07,7.771034660208898e-08,762.6933324900165,77710.34660208898
2026-09-10 18:30:00,7.47519720789569e-07,7.323342288145795e-08,747.519720789569,73233.42288145795
2026-09-10 18:31:00,7.389064649032662e-07,7.244418753771242e-08,738.9064649032662,72444.18753771242
2026-09-10 18:32:00,7.309491820706171e-07,7.31859728375639e-08,730.9491820706171,73185.9728375639
2026-09-10 18:33:00,7.215400046334253e-07,7.407285096405758e-08,721.5400046334253,74072.85096405758
2026-09-10 18:34:00,7.11459620106325e-07,7.296631565623102e-08,711.459620106325,72966.31565623102
2026-09-10 18:35:00,6.996078241172654e-07,7.043790617444756e-08,699.6078241172654,70437.90617444756
2026-09-10 18:36:00,6.905046916472202e-07,7.092859988233613e-08,690.5046916472202,70928.59988233613
2026-09-10 18:37:00,6.824018896622874e-07,6.990114798099967e-08,682.4018896622874,69901.14798099967
2026-09-10 18:38:00,6.708467594762624e-07,6.843359301456076e-08,670.8467594762624,68433.59301456076
2026-09-10 18:39:00,6.660039844064158e-07,6.770487459561991e-08,666.0039844064158,67704.87459561991
2026-09-10 18:40:00,6.580144145118538e-07,6.865403179290297e-08,658.0144145118538,68654.03179290297
2026-09-10 18:41:00,6.524581976918853e-07,6.859214352061827e-08,652.4581976918853,68592.14352061827
2026-09-10 18:42:00,6.455578613895341e-07,7.002983437587318e-08,645.5578613895341,70029.83437587318
2026-09-10 18:43:00,6.417642453016015e-07,6.98740265647757e-08,641.7642453016015,69874.0265647757
2026-09-10 18:44:00,6.400706524800626e-07,7.077535002508739e-08,640.0706524800626,70775.35002508739
2026-09-10 18:45:00,6.381638399943768e-07,7.329265372391092e-08,638.1638399943768,73292.65372391092
2026-09-10 18:46:00,6.32969545222295e-07,6.89586627800054e-08,632.969545222295,68958.6627800054
2026-09-10 18:47:00,6.286177836045681e-07,7.115827571624322e-08,628.6177836045681,71158.27571624322
2026-09-10 18:48:00,6.253918627407984e-07,6.923048090357042e-08,625.3918627407984,69230.48090357042
2026-09-10 18:49:00,6.229054179129889e-07,6.948609154733276e-08,622.9054179129889,69486.09154733276
2026-09-10 18:50:00,6.306337922978855e-07,7.238043053803267e-08,630.6337922978855,72380.43053803267
2026-09-10 18:51:00,6.298270704974129e-07,7.046688210721186e-08,629.8270704974129,70466.88210721186
2026-09-10 18:52:00,6.244648602660163e-07,7.121239775642607e-08,624.4648602660163,71212.39775642607
2026-09-10 18:53:00,6.173078759275086e-07,7.146859815065909e-08,617.3078759275086,71468.59815065909
2026-09-10 18:54:00,6.105915986154287e-07,7.115286848602409e-08,610.5915986154287,71152.86848602409
2026-09-10 18:55:00,6.007389288242848e-07,6.939826135976546e-08,600.7389288242848,69398.26135976546
2026-09-10 18:56:00,5.972842700430192e-07,7.030017457054782e-08,597.2842700430192,70300.17457054782
2026-09-10 18:57:00,5.99536576828541e-07,6.98750994843067e-08,599.536576828541,69875.0994843067
2026-09-10 18:58:00,6.031084467394976e-07,7.195014717353843e-08,603.1084467394976,71950.14717353843
2026-09-10 18:59:00,6.069933533581207e-07,7.311857075364969e-08,606.9933533581207,73118.57075364969
2026-09-10 19:00:00,6.068721063456906e-07,7.274271496271467e-08,606.8721063456906,72742.71496271467
2026-09-10 19:01:00,6.318659870885313e-07,7.35667242679483e-08,631.8659870885313,73566.7242679483
2026-09-10 19:02:00,7.010601734691591e-07,7.613108721216122e-08,701.060173469159,76131.08721216122
2026-09-10 19:03:00,7.526050467276946e-07,8.19229057924531e-08,752.6050467276946,81922.9057924531
2026-09-10 19:04:00,7.283971399374423e-07,8.042057686452608e-08,728.3971399374423,80420.57686452608
2026-09-10 19:05:00,6.252585649235698e-07,7.121720102531981e-08,625.2585649235698,71217.20102531981
2026-09-10 19:06:00,5.843994586030021e-07,7.371534849198724e-08,584.3994586030021,73715.34849198724
2026-09-10 19:07:00,5.636262585539953e-07,7.306944382889924e-08,563.6262585539953,73069.44382889924
2026-09-10 19:08:00,5.604686634796963e-07,7.117348133078849e-08,560.4686634796963,71173.48133078849
2026-09-10 19:09:00,5.551066237785562e-07,7.152379311037294e-08,555.1066237785562,71523.79311037294
2026-09-10 19:10:00,5.576994794864731e-07,7.16044397108817e-08,557.6994794864731,71604.4397108817
2026-09-10 19:11:00,5.552244033424358e-07,7.099016841038974e-08,555.2244033424358,70990.16841038974
2026-09-10 19:12:00,5.516458827514725e-07,7.149785119509033e-08,551.6458827514725,71497.85119509033
2026-09-10 19:13:00,5.468953645504371e-07,7.183018624346005e-08,546.8953645504371,71830.18624346005
2026-09-10 19:14:00,5.422616595751606e-07,7.142229918599696e-08,542.2616595751606,71422.29918599696
2026-09-10 19:15:00,5.415701593847189e-07,7.194599760396159e-08,541.5701593847189,71945.99760396159
2026-09-10 19:16:00,5.403785507951397e-07,7.218500286398921e-08,540.3785507951397,72185.00286398921
2026-09-10 19:17:00,5.316066449267964e-07,6.968821963937444e-08,531.6066449267964,69688.21963937444
2026-09-10 19:18:00,5.294607490213821e-07,7.098729781773727e-08,529.4607490213821,70987.29781773727
2026-09-10 19:19:00,5.257221573629067e-07,6.901087346022905e-08,525.7221573629067,69010.87346022905
2026-09-10 19:20:00,5.200294594942534e-07,6.943928099190089e-08,520.0294594942534,69439.28099190089
2026-09-10 19:21:00,5.157588134352409e-07,6.985325029518208e-08,515.7588134352409,69853.25029518208
2026-09-10 19:22:00,5.106688831801875e-07,6.877952074546556e-08,510.66888318018755,68779.52074546556
2026-09-10 19:23:00,5.057951284470619e-07,6.927178475280016e-08,505.79512844706187,69271.78475280016
2026-09-10 19:24:00,5.026245730732626e-07,6.803852414805078e-08,502.6245730732626,68038.52414805078
2026-09-10 19:25:00,4.98299641549238e-07,6.818616071768702e-08,498.299641549238,68186.16071768702
2026-09-10 19:26:00,4.950720722263213e-07,6.761698045920639e-08,495.0720722263213,67616.98045920639
2026-09-10 19:27:00,4.912802751277923e-07,6.966156718135608e-08,491.28027512779227,69661.56718135608
2026-09-10 19:28:00,4.883933115706895e-07,7.040473093411492e-08,488.39331157068955,70404.73093411492
2026-09-10 19:29:00,4.85462976484996e-07,6.787612250036545e-08,485.46297648499603,67876.12250036545
2026-09-10 19:30:00,4.7947651182767e-07,6.881240466327654e-08,479.47651182767004,68812.40466327654
2026-09-10 19:31:00,4.785130158779793e-07,6.889403181276066e-08,478.51301587797934,68894.03181276066
2026-09-10 19:32:00,4.767515520143206e-07,6.789781537008821e-08,476.7515520143206,67897.81537008821
2026-09-10 19:33:00,4.752765789817204e-07,6.58126424468719e-08,475.2765789817204,65812.6424468719
2026-09-10 19:34:00,4.6956463961578265e-07,6.633948146372859e-08,469.56463961578265,66339.48146372859
2026-09-10 19:35:00,4.680291567638051e-07,6.932754104127525e-08,468.0291567638051,69327.54104127525
2026-09-10 19:36:00,4.656682506265497e-07,6.771743699118815e-08,465.6682506265497,67717.43699118815
2026-09-10 19:37:00,4.709672509761731e-07,6.870077839948863e-08,470.9672509761731,68700.77839948863
2026-09-10 19:38:00,4.7399336722264707e-07,6.652110329241623e-08,473.99336722264707,66521.10329241623
2026-09-10 19:39:00,4.6990200530672155e-07,6.577793953965738e-08,469.90200530672155,65777.93953965738
2026-09-10 19:40:00,4.647348248454364e-07,6.494380500043917e-08,464.7348248454364,64943.80500043917
2026-09-10 19:41:00,4.623259428626625e-07,6.524489748471751e-08,462.3259428626625,65244.89748471751
2026-09-10 19:42:00,4.6046395141274843e-07,6.266883900707398e-08,460.46395141274843,62668.839007073984
2026-09-10 19:43:00,4.597063423261716e-07,6.298908061808106e-08,459.7063423261716,62989.08061808106
2026-09-10 19:44:00,4.596154212777037e-07,6.363753612959044e-08,459.6154212777037,63637.536129590444
2026-09-10 19:45:00,4.566656173210504e-07,6.432291854707728e-08,456.6656173210504,64322.91854707728
2026-09-10 19:46:00,4.597004021889006e-07,6.666389396059458e-08,459.7004021889006,66663.89396059458
2026-09-10 19:47:00,4.59940991959229e-07,6.628626891824752e-08,459.940991959229,66286.26891824752
2026-09-10 19:48:00,4.5681917981710285e-07,6.496144067114074e-08,456.81917981710285,64961.440671140736
2026-09-10 19:49:00,4.5680954485760594e-07,6.504228622361552e-08,456.80954485760594,65042.28622361552
2026-09-10 19:50:00,4.5280046379048144e-07,6.28942373737118e-08,452.80046379048144,62894.2373737118
2026-09-10 19:51:00,4.495963707995543e-07,6.262634144604817e-08,449.5963707995543,62626.34144604817
2026-09-10 19:52:00,4.4642831653618487e-07,6.262928309297422e-08,446.42831653618487,62629.28309297422
2026-09-10 19:53:00,4.4593033976525476e-07,6.280541242631443e-08,445.93033976525476,62805.41242631443
2026-09-10 19:54:00,4.4454608882915636e-07,6.377254635481222e-08,444.54608882915636,63772.54635481222
2026-09-10 19:55:00,4.447431649623468e-07,5.950612447236381e-08,444.7431649623468,59506.12447236381
2026-09-10 19:56:00,4.518365699368587e-07,5.751466858328058e-08,451.8365699368587,57514.66858328058
2026-09-10 19:57:00,4.650802338801441e-07,5.720128726238727e-08,465.0802338801441,57201.28726238727
2026-09-10 19:58:00,4.531023876097606e-07,5.525727786448442e-08,453.1023876097606,55257.27786448442
2026-09-10 19:59:00,4.422969084316719e-07,5.989452489529867e-08,442.2969084316719,59894.52489529867
2026-09-10 20:00:00,4.3557068352129136e-07,6.082983361466177e-08,435.57068352129136,60829.833614661766
2026-09-10 20:01:00,4.405626441439381e-07,6.151246623176121e-08,440.5626441439381,61512.46623176121
2026-09-10 20:02:00,5.243399527898873e-07,7.005550628491619e-08,524.3399527898873,70055.50628491619
2026-09-10 20:03:00,5.73884108234779e-07,6.947226438569487e-08,573.884108234779,69472.26438569487
2026-09-10 20:04:00,5.990846148051787e-07,7.24646369576476e-08,599.0846148051787,72464.6369576476
2026-09-10 20:05:00,7.760717153360019e-07,9.151072788426973e-08,776.071715336002,91510.72788426973
2026-09-10 20:06:00,8.16397744074493e-07,9.015172253157289e-08,816.397744074493,90151.72253157289
2026-09-10 20:07:00,8.207789505831897e-07,9.055241179112272e-08,820.7789505831897,90552.41179112272
2026-09-10 20:08:00,7.998436331035919e-07,8.485861968665631e-08,799.8436331035919,84858.61968665631
2026-09-10 20:09:00,7.515762945331517e-07,8.101726933773534e-08,751.5762945331517,81017.26933773534
2026-09-10 20:10:00,7.063224529701984e-07,7.534281820653632e-08,706.3224529701984,75342.81820653632
2026-09-10 20:11:00,6.578046054528386e-07,6.971385602128066e-08,657.8046054528386,69713.85602128066
2026-09-10 20:12:00,6.129217808847898e-07,6.607576352735123e-08,612.9217808847898,66075.76352735123
2026-09-10 20:13:00,5.736242769671662e-07,6.305939592721188e-08,573.6242769671662,63059.39592721188
2026-09-10 20:14:00,5.415884061221732e-07,6.54511467246266e-08,541.5884061221732,65451.1467246266
2026-09-10 20:15:00,5.209385562920943e-07,6.481987924189525e-08,520.9385562920943,64819.87924189525
2026-09-10 20:16:00,5.073714532954909e-07,6.26405807224728e-08,507.37145329549094,62640.580722472805
2026-09-10 20:17:00,4.979282266504015e-07,6.466660806836444e-08,497.9282266504015,64666.60806836444
2026-09-10 20:18:00,4.966250912730175e-07,6.479704950379528e-08,496.62509127301746,64797.04950379528
2026-09-10 20:19:00,4.946937224303838e-07,6.470293811844385e-08,494.6937224303838,64702.93811844385
2026-09-10 20:20:00,4.918768468087364e-07,6.287002918270446e-08,491.87684680873645,62870.02918270446
2026-09-10 20:21:00,4.886164788331371e-07,6.102111171912838e-08,488.6164788331371,61021.111719128385
2026-09-10 20:22:00,4.811878397958935e-07,6.241742767087999e-08,481.1878397958935,62417.42767087999
2026-09-10 20:23:00,4.775625939146266e-07,6.178517253374594e-08,477.56259391462663,61785.172533745936
2026-09-10 20:24:00,4.980695962331083e-07,6.148818698648029e-08,498.0695962331083,61488.18698648029
2026-09-10 20:25:00,4.7671699121565325e-07,6.180783884701668e-08,476.71699121565325,61807.83884701668
2026-09-10 20:26:00,4.5921535729576135e-07,5.8139871583762215e-08,459.21535729576135,58139.871583762215
2026-09-10 20:27:00,4.535479831702105e-07,6.157607401746645e-08,453.5479831702105,61576.07401746645
2026-09-10 20:28:00,4.451022164175811e-07,5.8332599195409784e-08,445.1022164175811,58332.599195409784
2026-09-10 20:29:00,4.393779988731694e-07,5.7008154641380315e-08,439.3779988731694,57008.154641380315
2026-09-10 20:30:00,4.3130052063133917e-07,5.38168229979874e-08,431.30052063133917,53816.8229979874
2026-09-10 20:31:00,4.2372121811240504e-07,5.4498482171538853e-08,423.72121811240504,54498.48217153885
2026-09-10 20:32:00,4.20356997210547e-07,5.702905880866638e-08,420.356997210547,57029.05880866638
2026-09-10 20:33:00,4.187939453004219e-07,5.853706497305211e-08,418.7939453004219,58537.06497305211
2026-09-10 20:34:00,4.15930941244369e-07,5.9455572909428156e-08,415.930941244369,59455.572909428156
2026-09-10 20:35:00,4.106939002213039e-07,5.94739333337202e-08,410.6939002213039,59473.9333337202
2026-09-10 20:36:00,4.088087450782041e-07,5.919080692251555e-08,408.8087450782041,59190.80692251555
2026-09-10 20:37:00,4.1163917785524973e-07,6.017179288164698e-08,411.6391778552497,60171.79288164698
2026-09-10 20:38:00,4.1227909264307527e-07,5.985899775851067e-08,412.2790926430753,59858.99775851067
2026-09-10 20:39:00,4.093841425856226e-07,5.8881720832459905e-08,409.3841425856226,58881.720832459905
2026-09-10 20:40:00,4.0354336761083687e-07,5.826606397363321e-08,403.54336761083687,58266.06397363321
2026-09-10 22:02:00,3.880550707435759e-07,4.59370532723824e-08,388.0550707435759,45937.0532723824
2026-09-10 22:03:00,3.862153334921459e-07,4.7393694302400036e-08,386.2153334921459,47393.694302400036
2026-09-10 22:04:00,3.827275349976844e-07,4.611414894384325e-08,382.7275349976844,46114.14894384325
2026-09-10 22:05:00,3.7935433283564635e-07,4.527842634161061e-08,379.35433283564635,45278.42634161061
2026-09-10 22:06:00,3.802100252414675e-07,4.6436316125664234e-08,380.2100252414675,46436.316125664234
2026-09-10 22:07:00,3.8341576669154165e-07,4.5361399969579e-08,383.41576669154165,45361.399969579
2026-09-10 22:08:00,3.9196311263367534e-07,4.672178377518321e-08,391.96311263367534,46721.78377518321
2026-09-10 22:09:00,4.411920428992744e-07,5.0631683734536637e-08,441.1920428992744,50631.68373453664
2026-09-10 22:10:00,5.119813977216836e-07,5.7324445634776566e-08,511.9813977216836,57324.445634776566
2026-09-10 22:11:00,5.060040848547942e-07,5.558583993092725e-08,506.0040848547942,55585.83993092725
2026-09-10 22:12:00,4.7592044438715675e-07,5.443321171583193e-08,475.92044438715675,54433.21171583193
2026-09-10 22:13:00,4.348550532995432e-07,5.043133555204804e-08,434.8550532995432,50431.33555204804
2026-09-10 22:14:00,4.047035986332048e-07,4.837757572317969e-08,404.7035986332048,48377.57572317969
2026-09-10 22:15:00,3.896682301274268e-07,4.7050775719981175e-08,389.6682301274268,47050.775719981175
2026-09-10 22:16:00,3.825546741609287e-07,4.643550255423179e-08,382.5546741609287,46435.50255423179
2026-09-10 22:17:00,3.7769140703858284e-07,4.676900644540183e-08,377.69140703858284,46769.00644540183
2026-09-10 22:18:00,3.750005248548405e-07,4.794232566496248e-08,375.0005248548405,47942.32566496248
2026-09-10 22:19:00,3.7403614783215744e-07,4.655225538385821e-08,374.03614783215744,46552.25538385821
2026-09-10 22:20:00,3.7347052739278297e-07,4.948097043211419e-08,373.47052739278297,49480.97043211419
2026-09-10 22:21:00,3.7200641145318514e-07,4.8154557674706666e-08,372.00641145318514,48154.557674706666
2026-09-10 22:22:00,3.6893914057145594e-07,4.842499379265064e-08,368.93914057145594,48424.99379265064
2026-09-10 22:23:00,3.6972241446164844e-07,4.826585353612245e-08,369.72241446164844,48265.85353612245
2026-09-10 22:24:00,3.6899785982313915e-07,4.63392062499679e-08,368.99785982313915,46339.2062499679
2026-09-10 22:25:00,3.686707259475952e-07,4.771774442247079e-08,368.6707259475952,47717.74442247079
2026-09-10 22:26:00,3.671594299703429e-07,4.5488057764941914e-08,367.1594299703429,45488.057764941914
2026-09-10 22:27:00,3.6677602111012675e-07,4.613963611177496e-08,366.77602111012675,46139.63611177496
2026-09-10 22:28:00,3.6411830706128967e-07,4.416456533817836e-08,364.11830706128967,44164.56533817836
2026-09-10 22:29:00,3.6566407857208105e-07,4.6283926025125766e-08,365.66407857208105,46283.926025125766
2026-09-10 22:30:00,3.6986077134315565e-07,4.5258602199282905e-08,369.86077134315565,45258.602199282905
2026-09-10 22:31:00,3.713051910381182e-07,4.783760942927984e-08,371.3051910381182,47837.60942927984
2026-09-10 22:32:00,3.7119400531082647e-07,4.587893798202458e-08,371.19400531082647,45878.93798202458
2026-09-10 22:33:00,3.6706759942717326e-07,4.611559489831052e-08,367.06759942717326,46115.59489831052
2026-09-10 22:34:00,3.6620625110117544e-07,4.4346716521204144e-08,366.20625110117544,44346.716521204144
2026-09-10 22:35:00,3.6442312989493075e-07,4.7716920192897305e-08,364.42312989493075,47716.920192897305
2026-09-10 22:36:00,3.6364039601721743e-07,4.55042155067531e-08,363.6403960172174,45504.2155067531
2026-09-10 22:37:00,3.626066700235242e-07,4.716549639738332e-08,362.6066700235242,47165.49639738332
2026-09-10 22:38:00,3.6307514506006555e-07,4.5981817464735286e-08,363.07514506006555,45981.817464735286
2026-09-10 22:39:00,3.6129182490185485e-07,4.550850007944973e-08,361.29182490185485,45508.50007944973
2026-09-10 22:40:00,3.6122591495768575e-07,4.429299238495332e-08,361.22591495768575,44292.99238495332
2026-09-10 22:41:00,3.6220205856807297e-07,4.354826899088948e-08,362.20205856807297,43548.26899088948
2026-09-10 22:42:00,3.635707059856941e-07,4.285722710051232e-08,363.5707059856941,42857.22710051232
2026-09-10 22:43:00,3.6186580132380186e-07,4.336334313848056e-08,361.86580132380186,43363.34313848056
2026-09-10 22:44:00,3.623212023740052e-07,4.2620765583478715e-08,362.3212023740052,42620.765583478715
2026-09-10 22:45:00,3.631185450103658e-07,4.4536271559536544e-08,363.1185450103658,44536.271559536544
2026-09-10 22:46:00,3.6576776096808317e-07,4.4110208818892715e-08,365.76776096808317,44110.208818892715
2026-09-10 22:47:00,3.6576776096808317e-07,4.4647958219456996e-08,365.76776096808317,44647.958219456996
2026-09-10 22:48:00,3.703033542024059e-07,4.376283513352064e-08,370.3033542024059,43762.83513352064
2026-09-10 22:49:00,3.6974833506064897e-07,4.601067615794818e-08,369.74833506064897,46010.67615794818
2026-09-10 22:50:00,3.705805227127712e-07,4.666166830702423e-08,370.5805227127712,46661.66830702423
2026-09-10 22:51:00,3.729787465545087e-07,4.781624696192921e-08,372.9787465545087,47816.24696192921
2026-09-10 22:52:00,3.7419414411488106e-07,4.9397083756730353e-08,374.19414411488106,49397.08375673035
2026-09-10 22:53:00,3.710618727836845e-07,4.935450448328993e-08,371.0618727836845,49354.50448328993
2026-09-10 22:54:00,3.7052618040434027e-07,4.7929489710440976e-08,370.52618040434027,47929.489710440976
2026-09-10 22:55:00,3.687542005081923e-07,4.892707750059344e-08,368.7542005081923,48927.07750059344
2026-09-10 22:56:00,3.7131252383915125e-07,4.778928541782079e-08,371.31252383915125,47789.28541782079
2026-09-10 22:57:00,3.7414321241158177e-07,4.9782705957568396e-08,374.14321241158177,49782.705957568396
2026-09-10 22:58:00,3.7454196899489034e-07,4.861328406491339e-08,374.54196899489034,48613.28406491339
2026-09-10 22:59:00,3.7071313840897346e-07,4.956380905696278e-08,370.71313840897346,49563.80905696278
2026-09-10 23:00:00,3.6732475905409956e-07,4.855021273897364e-08,367.32475905409956,48550.21273897364
2026-09-10 23:01:00,3.675761490740115e-07,4.817198728801486e-08,367.5761490740115,48171.98728801486
2026-09-10 23:02:00,3.675785933410225e-07,4.6751065241323886e-08,367.5785933410225,46751.065241323886
2026-09-10 23:03:00,3.6968017980143486e-07,4.875854742181218e-08,369.68017980143486,48758.54742181218
2026-09-10 23:04:00,3.6848979334536125e-07,4.918869933590031e-08,368.48979334536125,49188.69933590031
2026-09-10 23:05:00,3.682505393953761e-07,4.846057066743015e-08,368.2505393953761,48460.57066743015
2026-09-10 23:06:00,3.6704554418065527e-07,4.8966491306146054e-08,367.04554418065527,48966.491306146054
2026-09-10 23:07:00,3.6779721312996116e-07,4.5409414894947986e-08,367.79721312996116,45409.414894947986
2026-09-10 23:08:00,3.712422653734393e-07,4.732433822596249e-08,371.2422653734393,47324.33822596249
2026-09-10 23:09:00,3.7159574617362523e-07,4.829028910080524e-08,371.59574617362523,48290.28910080524
2026-09-10 23:10:00,3.696841588407551e-07,5.00753749577143e-08,369.6841588407551,50075.3749577143
2026-09-10 23:11:00,3.7285698795130884e-07,5.015620629933437e-08,372.85698795130884,50156.20629933437
2026-09-10 23:12:00,3.703352433603868e-07,4.9509299770988946e-08,370.3352433603868,49509.299770988946
2026-09-10 23:13:00,3.6625692700908985e-07,5.1013977042657643e-08,366.25692700908985,51013.97704265764
2026-09-10 23:14:00,3.6505176126411243e-07,4.8894222004491894e-08,365.05176126411243,48894.222004491894
2026-09-10 23:15:00,3.6399396208253165e-07,4.6821526211715536e-08,363.99396208253165,46821.526211715536
2026-09-10 23:16:00,3.6529044677990896e-07,4.7992699592214194e-08,365.29044677990896,47992.699592214194
2026-09-10 23:17:00,3.6996246421949763e-07,5.044478967874966e-08,369.96246421949763,50444.78967874966
2026-09-10 23:18:00,3.6975748685108556e-07,4.753422899739235e-08,369.75748685108556,47534.22899739235
2026-09-10 23:19:00,3.712704881309037e-07,4.683967702590053e-08,371.2704881309037,46839.67702590053
2026-09-10 23:20:00,3.7993234514033247e-07,5.028857330557912e-08,379.9323451403325,50288.57330557912
2026-09-10 23:21:00,4.2038556102852453e-07,5.0685535768479895e-08,420.38556102852453,50685.535768479895
2026-09-10 23:22:00,4.427095916526014e-07,5.04494579445236e-08,442.7095916526014,50449.4579445236
2026-09-10 23:23:00,4.305042011765181e-07,5.135273184464495e-08,430.5042011765181,51352.73184464495
2026-09-10 23:24:00,4.350386575424636e-07,4.8900641758109487e-08,435.0386575424636,48900.64175810949
2026-09-10 23:25:00,4.224678207265242e-07,4.6939437226001246e-08,422.4678207265242,46939.437226001246
2026-09-10 23:26:00,4.16252134982642e-07,4.64190605953263e-08,416.252134982642,46419.0605953263
2026-09-10 23:27:00,4.1578746845516434e-07,4.87137654658909e-08,415.78746845516434,48713.7654658909
2026-09-10 23:28:00,4.01374393277365e-07,5.043675699312189e-08,401.374393277365,50436.75699312189
2026-09-10 23:29:00,3.839978148789669e-07,4.4270592525208485e-08,383.9978148789669,44270.592525208485
2026-09-10 23:30:00,3.696531223340571e-07,4.300452260963539e-08,369.6531223340571,43004.52260963539
2026-09-10 23:31:00,3.623794384566281e-07,4.063268121967667e-08,362.3794384566281,40632.68121967667
2026-09-10 23:32:00,3.616198114286817e-07,4.2073896366900954e-08,361.6198114286817,42073.89636690095
2026-09-10 23:33:00,3.6816757642554876e-07,4.625033511729271e-08,368.16757642554876,46250.33511729271
2026-09-10 23:34:00,4.087651745976473e-07,5.1372829545925924e-08,408.7651745976473,51372.829545925924
2026-09-10 23:35:00,5.67961762953928e-07,6.285925735483033e-08,567.961762953928,62859.25735483033
2026-09-10 23:36:00,6.522853368551296e-07,6.603664814974763e-08,652.2853368551296,66036.64814974763
2026-09-10 23:37:00,6.146761961645097e-07,6.005979003020911e-08,614.6761961645097,60059.790030209115
2026-09-10 23:38:00,5.440276140689093e-07,5.832274041495111e-08,544.0276140689093,58322.74041495111
2026-09-10 23:39:00,4.875608965448919e-07,4.959202115628614e-08,487.5608965448919,49592.02115628614
2026-09-10 23:40:00,4.324897133756167e-07,4.6394433184104855e-08,432.4897133756167,46394.433184104855
2026-09-10 23:41:00,3.962803702961537e-07,4.535348452350263e-08,396.2803702961537,45353.48452350263
2026-09-10 23:42:00,3.787207845107332e-07,4.435803901969848e-08,378.7207845107332,44358.03901969848
2026-09-10 23:43:00,3.719924563938548e-07,4.397884012519171e-08,371.9924563938548,43978.84012519171
2026-09-10 23:44:00,3.670164119284891e-07,4.363321792766328e-08,367.0164119284891,43633.21792766328
2026-09-10 23:45:00,3.678110829241632e-07,4.424907729116967e-08,367.8110829241632,44249.07729116967
2026-09-10 23:46:00,3.675382913570502e-07,4.428071065376571e-08,367.5382913570502,44280.71065376571
2026-09-10 23:47:00,3.6874499187433685e-07,4.271685227763555e-08,368.74499187433685,42716.85227763555
2026-09-10 23:48:00,3.6995152186136693e-07,4.276605380937326e-08,369.9515218613669,42766.05380937326
2026-09-10 23:49:00,3.70703929775118e-07,4.2515328146919273e-08,370.703929775118,42515.32814691927
2026-09-10 23:50:00,3.6990678609072347e-07,4.161224964605026e-08,369.9067860907235,41612.24964605026
2026-09-10 23:51:00,3.7069332847750047e-07,4.204161996312905e-08,370.6933284775005,42041.61996312905
2026-09-10 23:52:00,3.730796436229866e-07,4.390734531511953e-08,373.0796436229866,43907.34531511953
2026-09-10 23:53:00,3.7596700508402137e-07,4.3196006771495377e-08,375.96700508402137,43196.00677149538
2026-09-10 23:54:00,3.758772209039307e-07,4.414614451775378e-08,375.8772209039307,44146.14451775378
2026-09-10 23:55:00,3.801421541993477e-07,4.4038152680059284e-08,380.1421541993477,44038.152680059284
2026-09-10 23:56:00,3.7856244716749643e-07,4.394345154423718e-08,378.56244716749643,43943.45154423718
2026-09-10 23:57:00,3.795761358560412e-07,4.5115985614074816e-08,379.5761358560412,45115.985614074816
2026-09-10 23:58:00,3.7846339751013147e-07,4.764773819943002e-08,378.4633975101315,47647.73819943002
2026-09-10 23:59:00,3.755519628612092e-07,4.647559492809705e-08,375.5519628612092,46475.59492809705
2026-09-11 00:00:00,3.761113873679278e-07,4.293530153631764e-08,376.1113873679278,42935.30153631764
2026-09-11 00:01:00,3.781709096983832e-07,4.355446137083163e-08,378.1709096983832,43554.46137083163
2026-09-11 00:02:00,3.7725084212070215e-07,4.3191274556875214e-08,377.25084212070215,43191.274556875214
2026-09-11 00:03:00,3.8011526726222655e-07,4.034455969303963e-08,380.11526726222655,40344.55969303963
2026-09-11 00:04:00,3.8658427570226195e-07,3.895448585922168e-08,386.58427570226195,38954.48585922168
2026-09-11 00:05:00,3.887910224875668e-07,3.9620516645300086e-08,388.7910224875668,39620.516645300086
2026-09-11 00:06:00,3.9484800140598963e-07,3.91606782557119e-08,394.84800140598963,39160.6782557119
2026-09-11 00:07:00,3.9647392213737476e-07,4.055308622241682e-08,396.47392213737476,40553.08622241682
2026-09-11 00:08:00,3.9246415894922393e-07,4.009694265505459e-08,392.46415894922393,40096.94265505459
2026-09-11 00:09:00,3.903051890574716e-07,4.1663327010610374e-08,390.3051890574716,41663.327010610374
2026-09-11 00:10:00,3.888840467425325e-07,4.1678752893403725e-08,388.8840467425325,41678.752893403725
2026-09-11 00:11:00,3.871238050123793e-07,4.071552339723894e-08,387.1238050123793,40715.52339723894
2026-09-11 00:12:00,3.861582626996096e-07,4.008346010664354e-08,386.1582626996096,40083.46010664354
2026-09-11 00:13:00,3.8493016063512187e-07,3.984563434755728e-08,384.93016063512187,39845.63434755728
2026-09-11 00:14:00,3.838655402432778e-07,3.929595138174591e-08,383.8655402432778,39295.95138174591
2026-09-11 00:15:00,3.810242219515203e-07,3.909053702955134e-08,381.0242219515203,39090.53702955134
2026-09-11 00:16:00,3.7885442338847497e-07,3.948710869394745e-08,378.85442338847497,39487.10869394745
2026-09-11 00:17:00,3.7752613479824504e-07,3.8144285952057544e-08,377.52613479824504,38144.285952057544
2026-09-11 00:18:00,3.759223545785062e-07,3.972473905378138e-08,375.9223545785062,39724.73905378138
2026-09-11 00:19:00,3.757069748644426e-07,4.080082049995326e-08,375.7069748644426,40800.82049995326
2026-09-11 00:20:00,3.7324204527067195e-07,4.0138093737596137e-08,373.24204527067195,40138.09373759614
2026-09-11 00:21:00,3.725286319422594e-07,3.974541229467832e-08,372.5286319422594,39745.41229467832
2026-09-11 00:22:00,3.724144050920586e-07,4.0250945687603235e-08,372.4144050920586,40250.945687603235
2026-09-11 00:23:00,3.7309902722881816e-07,4.2800071042847776e-08,373.09902722881816,42800.071042847776
2026-09-11 00:24:00,3.723270936006884e-07,4.017555710333909e-08,372.3270936006884,40175.55710333909
2026-09-11 00:25:00,3.725635053797305e-07,4.0679342561134035e-08,372.5635053797305,40679.342561134035
2026-09-11 00:26:00,3.6978204320803343e-07,4.234334483044222e-08,369.78204320803343,42343.34483044222
2026-09-11 00:27:00,3.688742538088263e-07,4.2898463448182156e-08,368.8742538088263,42898.463448182156
2026-09-11 00:28:00,3.6836090089309437e-07,4.159959487992637e-08,368.36090089309437,41599.59487992637
2026-09-11 00:29:00,3.681697648971749e-07,4.212366633282727e-08,368.1697648971749,42123.66633282727
2026-09-11 00:30:00,3.664326300167886e-07,4.1429697006378774e-08,366.4326300167886,41429.697006378774
2026-09-11 00:31:00,3.6635211131397227e-07,4.307360867983334e-08,366.3521113139723,43073.60867983334
2026-09-11 00:32:00,3.668668284717569e-07,4.301364242564887e-08,366.8668284717569,43013.64242564887
2026-09-11 00:33:00,3.6511758594315324e-07,4.0594933636839414e-08,365.11758594315324,40594.933636839414
2026-09-11 00:34:00,3.6477621279118466e-07,4.1685861873475005e-08,364.77621279118466,41685.861873475005
2026-09-11 00:35:00,3.6187879004501156e-07,4.20980548199168e-08,361.87879004501156,42098.0548199168
2026-09-11 00:36:00,3.6061811670151656e-07,4.032761324879175e-08,360.61811670151656,40327.61324879175
2026-09-11 00:37:00,3.592774646676844e-07,4.080268212192095e-08,359.2774646676844,40802.68212192095
2026-09-11 00:38:00,3.5974443335362594e-07,4.1594461208660505e-08,359.74443335362594,41594.461208660505
2026-09-11 00:39:00,3.597995714699209e-07,4.2130462674094815e-08,359.7995714699209,42130.462674094815
2026-09-11 00:40:00,3.5997365444018214e-07,4.303567635588479e-08,359.97365444018214,43035.67635588479
2026-09-11 00:41:00,3.5976867707177007e-07,4.317763213634862e-08,359.76867707177007,43177.63213634862
2026-09-11 00:42:00,3.5981622659164714e-07,4.308487433490882e-08,359.81622659164714,43084.87433490882
2026-09-11 00:43:00,3.601348623760714e-07,4.321179147837029e-08,360.1348623760714,43211.79147837029
2026-09-11 00:44:00,3.657154366010218e-07,4.284782662011821e-08,365.7154366010218,42847.82662011821
2026-09-11 00:45:00,3.8195878460101085e-07,4.381377749496096e-08,381.95878460101085,43813.77749496096
2026-09-11 00:46:00,4.1969474295910913e-07,4.629730554484013e-08,419.69474295910913,46297.30554484013
2026-09-11 00:47:00,4.308801635488635e-07,4.5349501931468694e-08,430.8801635488635,45349.501931468694
2026-09-11 00:48:00,4.108915163669735e-07,4.4373368979222505e-08,410.8915163669735,44373.368979222505
2026-09-11 00:49:00,3.921817040009046e-07,4.39767973148264e-08,392.1817040009046,43976.7973148264
2026-09-11 00:50:00,3.787922082665318e-07,4.1699074415646464e-08,378.7922082665318,41699.074415646464
2026-09-11 00:51:00,3.727814146259334e-07,4.323518609794519e-08,372.7814146259334,43235.18609794519
2026-09-11 00:52:00,3.6739422171194747e-07,4.426362565368436e-08,367.39422171194747,44263.62565368436
2026-09-11 00:53:00,3.636886845015397e-07,4.35675211463149e-08,363.6886845015397,43567.5211463149
2026-09-11 00:54:00,3.6134724723524414e-07,4.55761757223172e-08,361.34724723524414,45576.1757223172
2026-09-11 00:55:00,3.611445436035865e-07,4.527760921746449e-08,361.1445436035865,45277.60921746449
2026-09-11 00:56:00,3.610994667724299e-07,4.4075967764456436e-08,361.0994667724299,44075.967764456436
2026-09-11 00:57:00,3.6331547903500905e-07,4.504036610342155e-08,363.31547903500905,45040.36610342155
2026-09-11 00:58:00,3.6187577734381193e-07,4.5202416032452675e-08,361.87577734381193,45202.416032452675
2026-09-11 00:59:00,3.610229271089338e-07,4.5122945380171586e-08,361.0229271089338,45122.945380171586
2026-09-11 01:00:00,3.615467107920267e-07,4.52662618499744e-08,361.5467107920267,45266.2618499744
2026-09-11 01:01:00,3.639328554072563e-07,4.528130048697676e-08,363.9328554072563,45281.30048697676
2026-09-11 01:02:00,3.6637752032220305e-07,4.488686755621529e-08,366.37752032220305,44886.86755621529
2026-09-11 01:03:00,3.676738344893238e-07,4.4333884119396316e-08,367.6738344893238,44333.884119396316
2026-09-11 01:04:00,3.7083438542140357e-07,4.5188734532075614e-08,370.83438542140357,45188.734532075614
2026-09-11 01:05:00,3.703579523062217e-07,4.5743274057485905e-08,370.3579523062217,45743.274057485905
2026-09-11 01:06:00,3.6988001284044003e-07,4.851052182175408e-08,369.88001284044003,48510.52182175408
2026-09-11 01:07:00,3.68791887694897e-07,4.753302818016891e-08,368.791887694897,47533.02818016891
2026-09-11 01:08:00,3.718370749083988e-07,4.667798236823728e-08,371.8370749083988,46677.98236823728
2026-09-11 01:09:00,3.7148490150684665e-07,4.7532250135873255e-08,371.48490150684665,47532.250135873255
2026-09-11 01:10:00,3.8602451013503014e-07,4.811978016050489e-08,386.02451013503014,48119.78016050489
2026-09-11 01:11:00,4.067660483997315e-07,4.803894881888482e-08,406.7660483997315,48038.94881888482
2026-09-11 01:12:00,4.482862436816504e-07,4.919314378071249e-08,448.2862436816504,49193.14378071249
2026-09-11 01:13:00,4.893205982625659e-07,5.273849268405684e-08,489.3205982625659,52738.49268405684
2026-09-11 01:14:00,5.246707246442384e-07,5.8180624762371735e-08,524.6707246442384,58180.624762371735
2026-09-11 01:15:00,4.886072133558628e-07,5.380089973527902e-08,488.60721335586277,53800.89973527902
2026-09-11 01:16:00,4.44835166035773e-07,4.6413770604658566e-08,444.835166035773,46413.770604658566
2026-09-11 01:17:00,4.0836130210664123e-07,4.7378751588667e-08,408.36130210664123,47378.751588667
2026-09-11 01:18:00,3.862692778966448e-07,4.505765716089627e-08,386.2692778966448,45057.65716089627
2026-09-11 01:19:00,3.7498134020097496e-07,4.410732401538553e-08,374.98134020097496,44107.32401538553
2026-09-11 01:20:00,3.7210682535260275e-07,4.6053880708996076e-08,372.10682535260275,46053.880708996076
2026-09-11 01:21:00,3.683327065573394e-07,4.401301012535441e-08,368.3327065573394,44013.01012535441
2026-09-11 01:22:00,3.663207053250517e-07,4.617963611508458e-08,366.3207053250517,46179.63611508458
2026-09-11 01:23:00,3.665716974410316e-07,4.798365083047429e-08,366.5716974410316,47983.65083047429
2026-09-11 01:24:00,3.660723564280488e-07,4.461557878698841e-08,366.0723564280488,44615.57878698841
2026-09-11 01:25:00,3.642205967935297e-07,4.472726544690886e-08,364.2205967935297,44727.26544690886
2026-09-11 01:26:00,3.6368584233059664e-07,4.5675651705323617e-08,363.68584233059664,45675.65170532362
2026-09-11 01:27:00,3.635390157796792e-07,4.561335842367953e-08,363.5390157796792,45613.35842367953
2026-09-11 01:28:00,3.6394953895069193e-07,4.450758694929391e-08,363.94953895069193,44507.58694929391
2026-09-11 01:29:00,3.633028029526031e-07,4.4239875762741576e-08,363.3028029526031,44239.875762741576
2026-09-11 01:30:00,3.622108692979964e-07,4.49982771044688e-08,362.2108692979964,44998.2771044688
2026-09-11 01:31:00,3.6229008060217893e-07,4.491880645218771e-08,362.29008060217893,44918.80645218771
2026-09-11 01:32:00,3.648499102837377e-07,4.367185368892024e-08,364.8499102837377,43671.85368892024
2026-09-11 01:33:00,3.6162040828457975e-07,4.43503935798617e-08,361.62040828457975,44350.3935798617
2026-09-11 01:34:00,3.6292885852162726e-07,4.308645884520956e-08,362.92885852162726,43086.45884520956
2026-09-11 01:35:00,3.641554542355152e-07,4.248447282861889e-08,364.1554542355152,42484.47282861889
2026-09-11 01:36:00,3.729862214640889e-07,4.366991035453793e-08,372.9862214640889,43669.91035453793
2026-09-11 01:37:00,3.742260616945714e-07,4.4192816517352185e-08,374.2260616945714,44192.816517352185
2026-09-11 01:38:00,3.723286852164165e-07,4.375073814344432e-08,372.3286852164165,43750.73814344432
2026-09-11 01:39:00,3.7413781228679e-07,4.397410791057155e-08,374.13781228679,43974.10791057155
2026-09-11 01:40:00,3.699556145875249e-07,4.462315317255161e-08,369.9556145875249,44623.15317255161
2026-09-11 01:41:00,3.698286832332087e-07,4.5206409282627646e-08,369.8286832332087,45206.40928262765
2026-09-11 01:42:00,3.694327688208432e-07,4.400632391821091e-08,369.4327688208432,44006.32391821091
2026-09-11 01:43:00,3.6975140460526745e-07,4.460772728975826e-08,369.75140460526745,44607.72728975826
2026-09-11 01:44:00,3.7147924558667e-07,4.4085986417030654e-08,371.47924558667,44085.986417030654
2026-09-11 01:45:00,3.6817300497204997e-07,4.5178662588796215e-08,368.17300497204997,45178.662588796215
2026-09-11 01:46:00,3.6358011357151554e-07,4.467157310727998e-08,363.58011357151554,44671.57310727998
2026-09-11 01:47:00,3.6434281014408043e-07,4.552681431846395e-08,364.34281014408043,45526.81431846395
2026-09-11 01:48:00,3.6546768455991696e-07,4.486214422172452e-08,365.46768455991696,44862.14422172452
2026-09-11 01:49:00,3.665599592750368e-07,4.320261126622427e-08,366.5599592750368,43202.61126622427
2026-09-11 01:50:00,3.646834159098944e-07,4.405551834452126e-08,364.6834159098944,44055.51834452126
2026-09-11 01:51:00,3.6237852896192635e-07,4.586108914850229e-08,362.37852896192635,45861.08914850229
2026-09-11 01:52:00,3.626607849582797e-07,4.5179049834587204e-08,362.6607849582797,45179.049834587204
2026-09-11 01:53:00,3.623883912950987e-07,4.491056415645289e-08,362.3883912950987,44910.56415645289
2026-09-11 01:54:00,3.609454495290265e-07,4.8833562971140054e-08,360.9454495290265,48833.562971140054
2026-09-11 01:55:00,3.6071963904760196e-07,4.611473158888657e-08,360.71963904760196,46114.73158888657
2026-09-11 01:56:00,3.612540240283124e-07,4.5292484429637625e-08,361.2540240283124,45292.484429637625
2026-09-11 01:57:00,3.603312848099449e-07,4.283883825451085e-08,360.3312848099449,42838.83825451085
2026-09-11 01:58:00,3.6009600989928003e-07,4.268417086450427e-08,360.09600989928003,42684.17086450427
2026-09-11 01:59:00,3.607319456477853e-07,4.062748715227826e-08,360.7319456477853,40627.48715227826
2026-09-11 02:00:00,3.6120817981100117e-07,4.4026801759855516e-08,361.2081798110012,44026.801759855516
2026-09-11 02:01:00,3.621051689606247e-07,4.2491659968391104e-08,362.1051689606247,42491.659968391104
2026-09-11 02:02:00,3.6067493169866793e-07,4.284155608047513e-08,360.67493169866793,42841.55608047513
2026-09-11 02:03:00,3.628680360634462e-07,4.1860371169377686e-08,362.8680360634462,41860.371169377686
2026-09-11 02:04:00,3.6387905311130453e-07,3.948736093661864e-08,363.87905311130453,39487.36093661864
2026-09-11 02:05:00,3.638550083451264e-07,4.124159858065468e-08,363.8550083451264,41241.59858065468
2026-09-11 02:06:00,3.65730045359669e-07,4.244324003366273e-08,365.730045359669,42443.24003366273
2026-09-11 02:07:00,3.6818590842813137e-07,4.445267265396069e-08,368.18590842813137,44452.67265396069
2026-09-11 02:08:00,3.6829823102380033e-07,4.239521089743903e-08,368.2982310238003,42395.21089743903
2026-09-11 02:09:00,3.6685699456029397e-07,4.546588172615884e-08,366.85699456029397,45465.88172615884
2026-09-11 02:10:00,3.658579146303964e-07,4.428083144603079e-08,365.8579146303964,44280.83144603079
2026-09-11 02:11:00,3.7385686368907045e-07,4.350292570620695e-08,373.85686368907045,43502.92570620695
2026-09-11 02:12:00,3.8012021263966744e-07,4.5132573234241136e-08,380.12021263966744,45132.573234241136
2026-09-11 02:13:00,3.8143622305142344e-07,4.359587890689909e-08,381.43622305142344,43595.87890689909
2026-09-11 02:14:00,3.877921983530541e-07,4.413595888763666e-08,387.7921983530541,44135.95888763666
2026-09-11 02:15:00,3.908714916178724e-07,4.366050276871647e-08,390.8714916178724,43660.50276871647
2026-09-11 02:16:00,3.907665302449459e-07,4.4163904533434106e-08,390.7665302449459,44163.904533434106
2026-09-11 02:17:00,3.942337798434892e-07,4.448081014629679e-08,394.2337798434892,44480.81014629679
2026-09-11 02:18:00,3.922123141819611e-07,4.50519372918734e-08,392.2123141819611,45051.9372918734
2026-09-11 02:19:00,3.9174230437311053e-07,4.4826435896538896e-08,391.7423043731105,44826.4358965389
2026-09-11 02:20:00,3.942879516216635e-07,4.511073825597123e-08,394.2879516216635,45110.73825597123
2026-09-11 02:21:00,3.981753877724259e-07,4.495277039495704e-08,398.1753877724259,44952.77039495704
2026-09-11 02:22:00,3.991773098732665e-07,4.460656199967161e-08,399.1773098732665,44606.56199967161
2026-09-11 02:23:00,4.049024369123799e-07,4.680151377556285e-08,404.9024369123799,46801.51377556285
2026-09-11 02:24:00,4.095506369594659e-07,4.699072775338209e-08,409.5506369594659,46990.72775338209
2026-09-11 02:25:00,4.08096354931331e-07,4.536224196272087e-08,408.096354931331,45362.24196272087
2026-09-11 02:26:00,4.077992912243644e-07,4.586680546481148e-08,407.7992912243644,45866.80546481148
2026-09-11 02:27:00,4.0903802300817915e-07,4.692629573810336e-08,409.03802300817915,46926.29573810336
2026-09-11 02:28:00,4.1119758975582954e-07,4.5154884276144e-08,411.19758975582954,45154.884276144
2026-09-11 02:29:00,4.1485827750875615e-07,4.32260840455001e-08,414.85827750875615,43226.0840455001
2026-09-11 02:30:00,4.187318438653165e-07,4.649770701803391e-08,418.7318438653165,46497.70701803391
2026-09-11 02:31:00,4.2669876165746246e-07,4.758824445616483e-08,426.69876165746246,47588.24445616483
2026-09-11 02:32:00,4.3185804088352597e-07,4.595820612962598e-08,431.858040883526,45958.20612962598
2026-09-11 02:33:00,4.350507936123904e-07,4.559327138053959e-08,435.0507936123904,45593.27138053959
2026-09-11 02:34:00,4.4014399236402824e-07,4.589494295714758e-08,440.14399236402824,45894.94295714758
2026-09-11 02:35:00,4.4088164941058494e-07,4.595704083953933e-08,440.88164941058494,45957.04083953933
2026-09-11 02:36:00,4.3957510342806927e-07,4.6447926393966554e-08,439.57510342806927,46447.926393966554
2026-09-11 02:37:00,4.3727780507651914e-07,4.559249333624393e-08,437.27780507651914,45592.49333624393
2026-09-11 02:38:00,4.3987739672957105e-07,4.728152447341927e-08,439.87739672957105,47281.52447341927
2026-09-11 02:39:00,4.405819140629319e-07,4.6443069834367634e-08,440.5819140629319,46443.069834367634
2026-09-11 02:40:00,4.41707157960991e-07,4.6965002553633894e-08,441.707157960991,46965.002553633894
2026-09-11 02:41:00,4.439112331056094e-07,4.693240285291722e-08,443.9112331056094,46932.40285291722
2026-09-11 02:42:00,4.460128479877312e-07,4.6045528279137216e-08,446.0128479877312,46045.528279137216
2026-09-11 02:43:00,4.502406625306321e-07,4.9556334147382586e-08,450.2406625306321,49556.334147382586
2026-09-11 02:44:00,4.52853527121988e-07,4.7767745314786225e-08,452.853527121988,47767.745314786225
2026-09-11 02:45:00,4.591623223859642e-07,4.779996132242559e-08,459.1623223859642,47799.96132242559
2026-09-11 02:46:00,4.732895035886031e-07,4.9760195963699516e-08,473.2895035886031,49760.195963699516
2026-09-11 02:47:00,4.99056795888464e-07,4.955477805879127e-08,499.05679588846397,49554.77805879127
2026-09-11 02:48:00,5.212993983150227e-07,4.898442540479664e-08,521.2993983150227,48984.42540479664
2026-09-11 02:49:00,5.346091711544432e-07,4.923748164742392e-08,534.6091711544432,49237.48164742392
2026-09-11 02:50:00,5.475205284710682e-07,4.8778229455592736e-08,547.5205284710682,48778.22945559274
2026-09-11 02:51:00,5.643292979584658e-07,5.1117275745582447e-08,564.3292979584658,51117.27574558245
2026-09-11 02:52:00,5.981107165098365e-07,5.627451926670801e-08,598.1107165098365,56274.51926670801
2026-09-11 02:53:00,6.446539373428095e-07,5.999015684210462e-08,644.6539373428095,59990.156842104625
2026-09-11 02:54:00,6.921413273630606e-07,6.044843559038782e-08,692.1413273630606,60448.43559038782
2026-09-11 02:55:00,7.273311553035455e-07,6.041700117975779e-08,727.3311553035455,60417.00117975779
2026-09-11 02:56:00,7.316845653804194e-07,6.022739995614756e-08,731.6845653804194,60227.399956147565
2026-09-11 02:57:00,7.243165214276814e-07,5.8184390638871264e-08,724.3165214276814,58184.390638871264
2026-09-11 02:58:00,7.212466925921035e-07,5.829413041169573e-08,721.2466925921035,58294.13041169573
2026-09-11 02:59:00,7.120161740203912e-07,5.8039905326268126e-08,712.0161740203912,58039.90532626813
2026-09-11 03:00:00,7.003323503340653e-07,5.737620867307669e-08,700.3323503340653,57376.20867307669
2026-09-11 03:01:00,6.933647114237829e-07,5.5905111651100015e-08,693.3647114237829,55905.111651100015
2026-09-11 03:02:00,6.815993742748105e-07,5.4037442964727234e-08,681.5993742748105,54037.44296472723
2026-09-11 03:03:00,6.60230227822467e-07,5.359380850222806e-08,660.230227822467,53593.80850222806
2026-09-11 03:04:00,6.526484526148124e-07,5.2533543737354194e-08,652.6484526148124,52533.54373735419
2026-09-11 03:05:00,6.591147894141614e-07,5.194737440206154e-08,659.1147894141614,51947.37440206154
2026-09-11 03:06:00,6.432580335058447e-07,5.083926879478895e-08,643.2580335058447,50839.26879478895
2026-09-11 03:07:00,6.235840146473492e-07,4.955893473379547e-08,623.5840146473492,49558.93473379547
2026-09-11 03:08:00,6.050343017705018e-07,4.860977043108505e-08,605.0343017705018,48609.77043108505
2026-09-11 03:09:00,5.895851700188359e-07,4.8037861688499106e-08,589.5851700188359,48037.861688499106
2026-09-11 03:10:00,5.684549364559643e-07,4.83377888826908e-08,568.4549364559643,48337.7888826908
2026-09-11 03:11:00,5.498360451383633e-07,4.5410629923026136e-08,549.8360451383633,45410.629923026136
2026-09-11 03:12:00,5.363763762034068e-07,4.30518802829738e-08,536.3763762034068,43051.8802829738
2026-09-11 03:13:00,5.222617573963362e-07,4.0903017861637636e-08,522.2617573963362,40903.017861637636
2026-09-11 03:14:00,5.089376031719439e-07,3.8606565055943065e-08,508.9376031719439,38606.565055943065
2026-09-11 03:15:00,4.99857208069443e-07,3.784855451272051e-08,499.857208069443,37848.55451272051
2026-09-11 03:16:00,4.923218170915789e-07,3.776986190473508e-08,492.32181709157885,37769.86190473508
2026-09-11 03:17:00,4.83899725622905e-07,3.2440006236811314e-08,483.89972562290495,32440.006236811314
2026-09-11 03:18:00,4.769644874613732e-07,3.367172496382409e-08,476.9644874613732,33671.72496382409
2026-09-11 03:19:00,4.7388269308612507e-07,3.7893087778684276e-08,473.8826930861251,37893.087778684276
2026-09-11 03:20:00,4.6964467514953867e-07,4.010890819472479e-08,469.64467514953867,40108.90819472479
2026-09-11 03:21:00,4.6244741724876803e-07,3.92364931656175e-08,462.44741724876803,39236.4931656175
2026-09-11 03:22:00,4.607773576026375e-07,3.982246710165782e-08,460.7773576026375,39822.46710165782
2026-09-11 03:23:00,4.5783295377077593e-07,4.081830340396664e-08,457.83295377077593,40818.30340396664
2026-09-11 03:24:00,4.551390020424151e-07,4.38073683994844e-08,455.1390020424151,43807.3683994844
2026-09-11 03:25:00,4.5227454847918125e-07,4.145056209381437e-08,452.27454847918125,41450.56209381437
2026-09-11 03:26:00,4.5143190163798863e-07,4.1717882481862034e-08,451.43190163798863,41717.882481862034
2026-09-11 03:27:00,4.5090888534105034e-07,4.268247622007948e-08,450.90888534105034,42682.47622007948
2026-09-11 03:28:00,4.4961410594623885e-07,4.385384499983047e-08,449.61410594623885,43853.84499983047
2026-09-11 03:29:00,4.4699797285829845e-07,4.385190166544817e-08,446.99797285829845,43851.90166544817
2026-09-11 03:30:00,4.4469160798144003e-07,4.293553601542044e-08,444.69160798144003,42935.53601542044
2026-09-11 03:31:00,4.440410634742875e-07,4.337566750223232e-08,444.0410634742875,43375.66750223232
2026-09-11 03:32:00,4.412792975472257e-07,4.334422953888861e-08,441.2792975472257,43344.22953888861
2026-09-11 03:33:00,4.366646351172676e-07,4.305953993366529e-08,436.6646351172676,43059.53993366529
2026-09-11 03:34:00,4.3176527242394513e-07,4.070234638220427e-08,431.76527242394513,40702.34638220427
2026-09-11 03:35:00,4.32084277690592e-07,3.9754151970328166e-08,432.084277690592,39754.15197032817
2026-09-11 03:36:00,4.317857076330256e-07,4.1807147965755576e-08,431.7857076330256,41807.147965755576
2026-09-11 03:37:00,4.307405845338508e-07,4.060570191199986e-08,430.7405845338508,40605.70191199986
2026-09-11 03:38:00,4.3196794763389335e-07,4.3088647316835704e-08,431.96794763389335,43088.647316835704
2026-09-11 03:39:00,4.363656671557692e-07,4.343563020370311e-08,436.3656671557692,43435.63020370311
2026-09-11 03:40:00,4.358651892744092e-07,4.5538794068988864e-08,435.8651892744092,45538.794068988864
2026-09-11 03:41:00,4.338861288033513e-07,4.406653175692554e-08,433.8861288033513,44066.53175692554
2026-09-11 03:42:00,4.317373623052845e-07,4.496746797144624e-08,431.7373623052845,44967.46797144624
2026-09-11 03:43:00,4.382380041079159e-07,4.374884454705352e-08,438.2380041079159,43748.84454705352
2026-09-11 03:44:00,4.4078441874262353e-07,4.193037383970477e-08,440.78441874262353,41930.37383970477
2026-09-11 03:45:00,4.3163450413885585e-07,4.303731060417704e-08,431.63450413885585,43037.31060417704
2026-09-11 03:46:00,4.2030191593767086e-07,4.1470926248621254e-08,420.30191593767086,41470.926248621254
2026-09-11 03:47:00,4.1319827914776397e-07,4.124969521512867e-08,413.19827914776397,41249.69521512867
2026-09-11 03:48:00,4.0921938193605456e-07,4.303614531409039e-08,409.21938193605456,43036.14531409039
2026-09-11 03:49:00,4.072617514339072e-07,4.564309463717109e-08,407.2617514339072,45643.09463717109
2026-09-11 03:50:00,4.0331769923795946e-07,4.331811709334943e-08,403.31769923795946,43318.11709334943
2026-09-11 03:51:00,4.0328188788407715e-07,4.399646513775224e-08,403.28188788407715,43996.46513775224
2026-09-11 03:52:00,4.025900750548317e-07,4.4425057410535373e-08,402.5900750548317,44425.05741053537
2026-09-11 03:53:00,4.0456797023580293e-07,4.464667568981895e-08,404.56797023580293,44646.67568981895
2026-09-11 03:54:00,4.0517849697607744e-07,4.6604579750919584e-08,405.17849697607744,46604.57975091958
2026-09-11 03:55:00,3.986102399267111e-07,4.4913608832075624e-08,398.6102399267111,44913.608832075624
2026-09-11 03:56:00,3.9859733647062967e-07,4.533909248038981e-08,398.59733647062967,45339.09248038981
2026-09-11 03:57:00,3.9758538150636014e-07,4.42790195620546e-08,397.58538150636014,44279.0195620546
2026-09-11 03:58:00,3.9626769421374775e-07,4.391602459463684e-08,396.26769421374775,43916.02459463684
2026-09-11 03:59:00,3.993692985204689e-07,4.370905415385096e-08,399.3692985204689,43709.05415385096
2026-09-11 04:00:00,3.992560095866793e-07,4.3867604659908466e-08,399.2560095866793,43867.604659908466
2026-09-11 04:01:00,3.977666835908167e-07,4.413609033804278e-08,397.7666835908167,44136.09033804278
2026-09-11 04:02:00,3.9939010321177193e-07,4.296375166745747e-08,399.39010321177193,42963.75166745747
2026-09-11 04:03:00,4.0072089291243174e-07,4.2395338795131465e-08,400.72089291243174,42395.338795131465
2026-09-11 04:04:00,4.0175274307330255e-07,4.212393989178054e-08,401.75274307330255,42123.93989178054
2026-09-11 04:05:00,4.0314034777111374e-07,4.467131375918143e-08,403.14034777111374,44671.31375918143
2026-09-11 04:06:00,4.010620671124343e-07,4.16363583610746e-08,401.0620671124343,41636.3583610746
2026-09-11 04:07:00,3.980568408223917e-07,4.1125577610046093e-08,398.0568408223917,41125.57761004609
2026-09-11 04:08:00,3.9730764456180623e-07,4.1790826799115166e-08,397.3076445618062,41790.826799115166
2026-09-11 04:09:00,3.9561390963172016e-07,4.405234577120609e-08,395.61390963172016,44052.34577120609
2026-09-11 04:10:00,3.9545611230096256e-07,3.983078755709357e-08,395.45611230096256,39830.78755709357
2026-09-11 04:11:00,3.96863612195375e-07,4.038241030457357e-08,396.863612195375,40382.41030457357
2026-09-11 04:12:00,3.9534168649879575e-07,3.9371343518723734e-08,395.34168649879575,39371.343518723734
2026-09-11 04:13:00,3.9940826468409796e-07,3.998564679363881e-08,399.40826468409796,39985.64679363881
2026-09-11 04:14:00,4.1869537881211727e-07,4.023753774617944e-08,418.69537881211727,40237.53774617944
2026-09-11 04:15:00,4.228786565363407e-07,3.9178438271392224e-08,422.8786565363407,39178.438271392224
2026-09-11 04:16:00,4.162764923876239e-07,3.67284869184914e-08,416.2764923876239,36728.4869184914
2026-09-11 04:17:00,4.0803246292853146e-07,3.7309991540723786e-08,408.03246292853146,37309.991540723786
2026-09-11 04:18:00,3.9608860902262677e-07,4.094965433409925e-08,396.08860902262677,40949.65433409925
2026-09-11 04:19:00,3.91381519193601e-07,3.7009872499993435e-08,391.381519193601,37009.872499993435
2026-09-11 04:20:00,3.870836167152447e-07,3.6597100461222e-08,387.0836167152447,36597.100461222
2026-09-11 04:21:00,3.8340101582434727e-07,3.672363035889248e-08,383.40101582434727,36723.63035889248
2026-09-11 04:22:00,3.797307215336332e-07,3.545930837844935e-08,379.7307215336332,35459.30837844935
2026-09-11 04:23:00,3.7788808526784123e-07,3.610641030604711e-08,377.88808526784123,36106.41030604711
2026-09-11 04:24:00,3.7440969435920124e-07,3.493562417133944e-08,374.40969435920124,34935.62417133944
2026-09-11 04:25:00,3.6904356193190324e-07,4.009033460761202e-08,369.04356193190324,40090.33460761202
2026-09-11 04:26:00,3.1427063618139073e-07,3.7338512726137196e-08,314.2706361813907,37338.512726137196
2026-09-11 04:27:00,1.0448678722241311e-07,3.71010777655556e-08,104.48678722241311,37101.0777655556
2026-09-11 04:28:00,5.054139151638992e-08,3.9582076283295464e-08,50.54139151638992,39582.076283295464
2026-09-11 04:29:00,4.750037163603338e-08,3.767029355117302e-08,47.50037163603338,37670.29355117302
2026-09-11 04:30:00,0.0,0.0,0.0,0.0
2026-09-11 04:31:00,0.0,0.0,0.0,0.0
2026-09-11 04:32:00,0.0,0.0,0.0,0.0
2026-09-11 04:33:00,0.0,0.0,0.0,0.0
2026-09-11 04:34:00,0.0,0.0,0.0,0.0
2026-09-11 04:35:00,0.0,0.0,0.0,0.0
2026-09-11 04:36:00,0.0,0.0,0.0,0.0
2026-09-11 04:37:00,0.0,0.0,0.0,0.0
2026-09-11 04:38:00,0.0,0.0,0.0,0.0
2026-09-11 04:39:00,0.0,0.0,0.0,0.0
2026-09-11 04:40:00,0.0,0.0,0.0,0.0
2026-09-11 04:41:00,0.0,0.0,0.0,0.0
2026-09-11 04:42:00,0.0,0.0,0.0,0.0
2026-09-11 04:43:00,0.0,0.0,0.0,0.0
2026-09-11 04:44:00,0.0,0.0,0.0,0.0
2026-09-11 04:45:00,0.0,0.0,0.0,0.0
2026-09-11 04:46:00,0.0,0.0,0.0,0.0
2026-09-11 04:47:00,0.0,0.0,0.0,0.0
2026-09-11 04:48:00,0.0,0.0,0.0,0.0
2026-09-11 04:49:00,0.0,0.0,0.0,0.0
2026-09-11 04:50:00,0.0,0.0,0.0,0.0
2026-09-11 04:51:00,0.0,0.0,0.0,0.0
2026-09-11 04:52:00,0.0,0.0,0.0,0.0
2026-09-11 04:53:00,0.0,0.0,0.0,0.0
2026-09-11 04:54:00,0.0,0.0,0.0,0.0
2026-09-11 04:55:00,0.0,0.0,0.0,0.0
2026-09-11 04:56:00,0.0,0.0,0.0,0.0
2026-09-11 04:57:00,0.0,0.0,0.0,0.0
2026-09-11 04:58:00,0.0,0.0,0.0,0.0
2026-09-11 04:59:00,0.0,0.0,0.0,0.0
2026-09-11 05:00:00,0.0,0.0,0.0,0.0
2026-09-11 05:01:00,0.0,0.0,0.0,0.0
2026-09-11 05:02:00,0.0,0.0,0.0,0.0
2026-09-11 05:03:00,0.0,0.0,0.0,0.0
2026-09-11 05:04:00,0.0,0.0,0.0,0.0
2026-09-11 05:05:00,0.0,0.0,0.0,0.0
2026-09-11 05:06:00,0.0,0.0,0.0,0.0
2026-09-11 05:07:00,0.0,0.0,0.0,0.0
2026-09-11 05:08:00,0.0,0.0,0.0,0.0
2026-09-11 05:09:00,0.0,0.0,0.0,0.0
2026-09-11 05:10:00,0.0,0.0,0.0,0.0
2026-09-11 05:11:00,0.0,0.0,0.0,0.0
2026-09-11 05:12:00,0.0,0.0,0.0,0.0
2026-09-11 05:13:00,0.0,0.0,0.0,0.0
2026-09-11 05:14:00,0.0,0.0,0.0,0.0
2026-09-11 05:15:00,0.0,0.0,0.0,0.0
2026-09-11 05:16:00,0.0,0.0,0.0,0.0
2026-09-11 05:17:00,0.0,0.0,0.0,0.0
2026-09-11 05:18:00,0.0,0.0,0.0,0.0
2026-09-11 05:19:00,0.0,0.0,0.0,0.0
2026-09-11 05:20:00,0.0,0.0,0.0,0.0
2026-09-11 05:21:00,0.0,0.0,0.0,0.0
2026-09-11 05:22:00,0.0,0.0,0.0,0.0
2026-09-11 05:23:00,0.0,0.0,0.0,0.0
2026-09-11 05:24:00,0.0,0.0,0.0,0.0
2026-09-11 05:25:00,5.110586798195982e-08,3.667057058009959e-08,51.10586798195982,36670.57058009959
2026-09-11 05:26:00,5.877688380451218e-08,3.980820295623744e-08,58.77688380451218,39808.20295623744
2026-09-11 05:27:00,1.29977493656952e-07,4.0807947243592935e-08,129.977493656952,40807.947243592935
2026-09-11 05:28:00,2.6370088335170294e-07,4.1727894029008894e-08,263.70088335170294,41727.894029008894
2026-09-11 05:29:00,3.415900948766648e-07,4.2595534210931874e-08,341.5900948766648,42595.53421093187
2026-09-11 05:30:00,3.6276284731684427e-07,4.1018651586455235e-08,362.7628473168443,41018.651586455235
2026-09-11 05:31:00,3.616845560827642e-07,4.23408508254397e-08,361.6845560827642,42340.8508254397
2026-09-11 05:32:00,3.6325349128674134e-07,4.16073326903188e-08,363.25349128674134,41607.3326903188
2026-09-11 05:33:00,3.6402565228854655e-07,4.1510229920049824e-08,364.02565228854655,41510.229920049824
2026-09-11 05:34:00,3.5940482234764204e-07,4.076818171938612e-08,359.40482234764204,40768.18171938612
2026-09-11 05:35:00,3.5871954651156557e-07,3.9950471375505003e-08,358.71954651156557,39950.471375505
2026-09-11 05:36:00,3.575819107481948e-07,4.148064292053277e-08,357.5819107481948,41480.64292053277
2026-09-11 05:37:00,3.6037150152878894e-07,4.0660534494918465e-08,360.37150152878894,40660.534494918465
2026-09-11 05:38:00,3.6088025012759317e-07,3.869588738325547e-08,360.8802501275932,38695.88738325547
2026-09-11 05:39:00,3.615220123265317e-07,4.0444767535063875e-08,361.5220123265317,40444.767535063875
2026-09-11 05:40:00,3.601340949899168e-07,4.16510381739954e-08,360.1340949899168,41651.0381739954
2026-09-11 05:41:00,3.57503608938714e-07,3.89635985698078e-08,357.503608938714,38963.5985698078
2026-09-11 05:42:00,3.5733864933717996e-07,3.930986736122577e-08,357.33864933717996,39309.86736122577
2026-09-11 05:43:00,3.5442158718979044e-07,4.005260123562948e-08,354.42158718979044,40052.60123562948
2026-09-11 05:44:00,3.556294814188732e-07,4.086960458948852e-08,355.6294814188732,40869.60458948852
2026-09-11 05:45:00,3.5401887998887105e-07,4.0898640918385354e-08,354.01887998887105,40898.640918385354
2026-09-11 05:46:00,3.533528740717884e-07,4.171889855797417e-08,353.3528740717884,41718.89855797417
2026-09-11 05:47:00,3.532427399477456e-07,4.1208917167523396e-08,353.2427399477456,41208.917167523396
2026-09-11 05:48:00,3.5255311559012625e-07,4.1885936497010334e-08,352.55311559012625,41885.936497010334
2026-09-11 05:49:00,3.540845341376553e-07,3.9528732287408275e-08,354.0845341376553,39528.732287408275
2026-09-11 05:50:00,3.5424847055764985e-07,3.791253888607571e-08,354.24847055764985,37912.53888607571
2026-09-11 05:51:00,3.525573788465408e-07,3.933261893962481e-08,352.5573788465408,39332.61893962481
2026-09-11 05:52:00,3.505159611449926e-07,3.895190303637719e-08,350.5159611449926,38951.90303637719
2026-09-11 05:53:00,3.515693833833211e-07,3.9584026723105126e-08,351.5693833833211,39584.026723105126
2026-09-11 05:54:00,3.5372778484088485e-07,4.0027888559279745e-08,353.72778484088485,40027.888559279745
2026-09-11 05:55:00,3.543381694726122e-07,4.273278975119865e-08,354.3381694726122,42732.78975119865
2026-09-11 05:56:00,3.54893046505822e-07,4.276590104268507e-08,354.893046505822,42765.90104268507
2026-09-11 05:57:00,3.53650136730721e-07,4.178634327445252e-08,353.650136730721,41786.34327445252
2026-09-11 05:58:00,3.5268143960820453e-07,4.158304633961052e-08,352.6814396082045,41583.04633961052
2026-09-11 05:59:00,3.5395532904658467e-07,4.010008325394665e-08,353.95532904658467,40100.08325394665
2026-09-11 06:00:00,3.5299697742630087e-07,3.8709426775085376e-08,352.9969774263009,38709.426775085376
2026-09-11 06:01:00,3.54394813939507e-07,3.828502315172955e-08,354.394813939507,38285.02315172955
2026-09-11 06:02:00,3.561340804481006e-07,3.966399120258757e-08,356.1340804481006,39663.99120258757
2026-09-11 06:03:00,3.582474050745077e-07,3.919091895454585e-08,358.2474050745077,39190.91895454585
2026-09-11 06:04:00,3.5891815741706523e-07,4.030184186376573e-08,358.91815741706523,40301.84186376573
2026-09-11 06:05:00,3.5824587030219845e-07,3.986195551419769e-08,358.24587030219845,39861.95551419769
2026-09-11 06:06:00,3.6255502777748916e-07,3.8914688360591754e-08,362.55502777748916,38914.688360591754
2026-09-11 06:07:00,3.648854374205257e-07,3.877480736491634e-08,364.8854374205257,38774.80736491634
2026-09-11 06:08:00,3.667049384148413e-07,3.835124573470239e-08,366.7049384148413,38351.24573470239
2026-09-11 06:09:00,3.6504093259281944e-07,4.156310851044509e-08,365.04093259281944,41563.10851044509
2026-09-11 06:10:00,3.6385503676683584e-07,3.9840251986333897e-08,363.85503676683584,39840.2519863339
2026-09-11 06:11:00,3.622711517436983e-07,3.825992322958882e-08,362.2711517436983,38259.92322958882
2026-09-11 06:12:00,3.6308858852862613e-07,4.047683077601505e-08,363.08858852862613,40476.83077601505
2026-09-11 06:13:00,3.626091711339541e-07,4.237737627477145e-08,362.6091711339541,42377.37627477145
2026-09-11 06:14:00,3.634231973137503e-07,4.120586183375963e-08,363.4231973137503,41205.86183375963
2026-09-11 06:15:00,3.6323731933407544e-07,4.198110659103804e-08,363.23731933407544,41981.10659103804
2026-09-11 06:16:00,3.6233242894923023e-07,4.267482722752902e-08,362.33242894923023,42674.82722752902
2026-09-11 06:17:00,3.5925938846048666e-07,4.231345585026247e-08,359.25938846048666,42313.45585026247
2026-09-11 06:18:00,3.5694341704584076e-07,4.352861537881836e-08,356.94341704584076,43528.61537881836
2026-09-11 06:19:00,3.5485666671775107e-07,4.058551894559059e-08,354.85666671775107,40585.51894559059
2026-09-11 06:20:00,3.5469136605570384e-07,3.92073005173188e-08,354.69136605570384,39207.3005173188
2026-09-11 06:21:00,3.5481076565702097e-07,3.89208310025424e-08,354.81076565702097,38920.8310025424
2026-09-11 06:22:00,3.5447430946078384e-07,3.9519257200026914e-08,354.47430946078384,39519.257200026914
2026-09-11 06:23:00,3.516923072766076e-07,3.902644607478578e-08,351.6923072766076,39026.44607478578
2026-09-11 06:24:00,3.5185414049010433e-07,3.8879175434658464e-08,351.8541404901043,38879.175434658464
2026-09-11 06:25:00,3.521669214023859e-07,4.129745789782646e-08,352.1669214023859,41297.45789782646
2026-09-11 06:26:00,3.516905451306229e-07,4.050043855841068e-08,351.6905451306229,40500.43855841068
2026-09-11 06:27:00,3.4998700471078337e-07,3.9103735360868086e-08,349.98700471078337,39103.735360868086
2026-09-11 06:28:00,3.4902114975920995e-07,3.7673647312885805e-08,349.02114975920995,37673.647312885805
2026-09-11 06:29:00,3.47317779869627e-07,3.7858853829675354e-08,347.317779869627,37858.853829675354
2026-09-11 06:30:00,3.4518163261054724e-07,3.7648089090680514e-08,345.18163261054724,37648.089090680514
2026-09-11 06:31:00,3.464108431217028e-07,3.84320699708951e-08,346.4108431217028,38432.0699708951
2026-09-11 06:32:00,3.4553528394098976e-07,3.877279297626046e-08,345.53528394098976,38772.79297626046
2026-09-11 06:33:00,3.423523082801694e-07,3.6821731441705197e-08,342.3523082801694,36821.7314417052
2026-09-11 06:34:00,3.425230943321367e-07,4.040483503331416e-08,342.5230943321367,40404.83503331416
2026-09-11 06:35:00,3.428183106279903e-07,4.009613974176318e-08,342.8183106279903,40096.13974176318
2026-09-11 06:36:00,3.425914485433168e-07,4.0974967419060704e-08,342.5914485433168,40974.967419060704
2026-09-11 06:37:00,3.4204370535917406e-07,4.262637887109122e-08,342.04370535917406,42626.37887109122
2026-09-11 06:38:00,3.497900706861401e-07,4.1669842687497294e-08,349.7900706861401,41669.842687497294
2026-09-11 06:39:00,3.4024654382847075e-07,4.0634031250874614e-08,340.24654382847075,40634.031250874614
2026-09-11 06:40:00,3.4221224609609635e-07,3.956446903430333e-08,342.21224609609635,39564.46903430333
2026-09-11 06:41:00,3.423324983486964e-07,4.31107523013452e-08,342.3324983486964,43110.7523013452
2026-09-11 06:42:00,3.433904112171149e-07,3.9243776228659044e-08,343.3904112171149,39243.776228659044
2026-09-11 06:43:00,3.429789217079815e-07,3.993007879898869e-08,342.9789217079815,39930.07879898869
2026-09-11 06:44:00,3.422262011554267e-07,4.004694531545283e-08,342.2262011554267,40046.94531545283
2026-09-11 06:45:00,3.4572477147776226e-07,3.8689972114980264e-08,345.72477147776226,38689.972114980264
2026-09-11 06:46:00,3.4793040981639933e-07,3.80486362416832e-08,347.93040981639933,38048.6362416832
2026-09-11 06:47:00,3.5176086043975374e-07,3.6851915297120286e-08,351.76086043975374,36851.915297120286
2026-09-11 06:48:00,3.486747743863816e-07,3.869123332833624e-08,348.6747743863816,38691.23332833624
2026-09-11 06:49:00,3.4679331406550773e-07,4.0039140003500506e-08,346.79331406550773,40039.140003500506
2026-09-11 06:50:00,3.464829205768183e-07,4.254309970974646e-08,346.4829205768183,42543.09970974646
2026-09-11 06:51:00,3.4765028544825327e-07,3.9905540205609213e-08,347.65028544825327,39905.54020560921
2026-09-11 06:52:00,3.4924934766422666e-07,4.209170967328646e-08,349.24934766422666,42091.70967328646
2026-09-11 06:53:00,3.5146481991432665e-07,3.9186996758644455e-08,351.46481991432665,39186.996758644455
2026-09-11 06:54:00,3.524056637616013e-07,3.9112858729595246e-08,352.4056637616013,39112.858729595246
2026-09-11 06:55:00,3.5425418332124536e-07,4.2516209219911616e-08,354.25418332124536,42516.209219911616
2026-09-11 06:56:00,3.513627859774715e-07,4.245874052344334e-08,351.3627859774715,42458.74052344334
2026-09-11 06:57:00,3.49899551110866e-07,4.1241467130248566e-08,349.899551110866,41241.467130248566
2026-09-11 06:58:00,3.5129440334458195e-07,4.194142633195952e-08,351.29440334458195,41941.42633195952
2026-09-11 06:59:00,3.545654294612177e-07,4.2767378971575454e-08,354.5654294612177,42767.378971575454
2026-09-11 07:00:00,3.5334321069058205e-07,4.330807712449314e-08,353.34321069058205,43308.07712449314
2026-09-11 07:01:00,3.5069825798927923e-07,4.1854711696487357e-08,350.6982579892792,41854.71169648736
2026-09-11 07:02:00,3.4993360031876364e-07,4.29200071039304e-08,349.93360031876364,42920.0071039304
2026-09-11 07:03:00,3.474925165392051e-07,4.35852349767174e-08,347.4925165392051,43585.2349767174
2026-09-11 07:04:00,3.4694028272497235e-07,4.3587007780843123e-08,346.94028272497235,43587.00778084312
2026-09-11 07:05:00,3.471647573860537e-07,4.343397819184247e-08,347.1647573860537,43433.97819184247
2026-09-11 07:06:00,3.480021746327111e-07,4.070147952006664e-08,348.0021746327111,40701.47952006664
2026-09-11 07:07:00,3.457888624325278e-07,4.2363474506146304e-08,345.7888624325278,42363.4745061463
2026-09-11 07:08:00,3.4722660302577424e-07,4.2965879742951074e-08,347.22660302577424,42965.879742951074
2026-09-11 07:09:00,3.472661092018825e-07,4.299956302133978e-08,347.2661092018825,42999.56302133978
2026-09-11 07:10:00,3.4691973382905417e-07,3.904819223521372e-08,346.91973382905417,39048.19223521372
2026-09-11 07:11:00,3.4926867442663934e-07,3.835496897863777e-08,349.26867442663934,38354.96897863777
2026-09-11 07:12:00,3.5242504736743285e-07,3.908526835516568e-08,352.42504736743285,39085.26835516568
2026-09-11 07:13:00,3.545576419128338e-07,4.150781052203456e-08,354.5576419128338,41507.81052203456
2026-09-11 07:14:00,3.559848948953004e-07,4.5511868052017235e-08,355.9848948953004,45511.868052017235
2026-09-11 07:15:00,3.5972152545582503e-07,4.1038639153612166e-08,359.72152545582503,41038.63915361217
2026-09-11 07:16:00,3.683354066197353e-07,4.0691876534992844e-08,368.3354066197353,40691.87653499284
2026-09-11 07:17:00,3.712523835019965e-07,4.300345324281807e-08,371.2523835019965,43003.45324281807
2026-09-11 07:18:00,3.6987106000196945e-07,4.204158443599226e-08,369.87106000196945,42041.58443599226
2026-09-11 07:19:00,3.6613604947888234e-07,4.0589899441556554e-08,366.13604947888234,40589.899441556554
2026-09-11 07:20:00,3.644352091214387e-07,4.2094384866686596e-08,364.4352091214387,42094.384866686596
2026-09-11 07:21:00,3.656132889773289e-07,4.05003177661456e-08,365.6132889773289,40500.3177661456
2026-09-11 07:22:00,3.6048012930223194e-07,4.0915725918466705e-08,360.48012930223194,40915.725918466705
2026-09-11 07:23:00,3.578586245112092e-07,4.023794986096618e-08,357.8586245112092,40237.94986096618
2026-09-11 07:24:00,3.5751148175222625e-07,4.092024141755246e-08,357.51148175222625,40920.24141755246
2026-09-11 07:25:00,3.627045543908025e-07,4.0149146229850885e-08,362.7045543908025,40149.146229850885
2026-09-11 07:26:00,3.634020799836435e-07,3.994403030560534e-08,363.4020799836435,39944.03030560534
2026-09-11 07:27:00,3.668316139737726e-07,4.062734859644479e-08,366.8316139737726,40627.34859644479
2026-09-11 07:28:00,3.691941969918844e-07,3.947803861592547e-08,369.1941969918844,39478.03861592547
2026-09-11 07:29:00,3.695987800256262e-07,4.031968003914699e-08,369.5987800256262,40319.68003914699
2026-09-11 07:30:00,3.7131269436940784e-07,4.220685667633006e-08,371.31269436940784,42206.85667633006
2026-09-11 07:31:00,3.7252570450618805e-07,4.004431275461684e-08,372.52570450618805,40044.31275461684
2026-09-11 07:32:00,3.7314751466510643e-07,3.859370067971213e-08,373.1475146651064,38593.70067971213
2026-09-11 07:33:00,3.729716695488605e-07,3.7979756228878614e-08,372.9716695488605,37979.756228878614
2026-09-11 07:34:00,3.7291945886863687e-07,3.720617414160188e-08,372.91945886863687,37206.17414160188
2026-09-11 07:35:00,3.7383705375759746e-07,3.828642647363267e-08,373.83705375759746,38286.42647363267
2026-09-11 07:36:00,3.7494777416213765e-07,3.7120468476814494e-08,374.94777416213765,37120.468476814494
2026-09-11 07:37:00,3.7361382965173107e-07,3.638191614641073e-08,373.61382965173107,36381.91614641073
2026-09-11 07:38:00,3.724247221725818e-07,3.5403019182922435e-08,372.4247221725818,35403.019182922435
2026-09-11 07:39:00,3.685352680804499e-07,3.579070551040786e-08,368.5352680804499,35790.70551040786
2026-09-11 07:40:00,3.682116584968753e-07,3.481304489127979e-08,368.2116584968753,34813.04489127979
2026-09-11 07:41:00,3.649672351002664e-07,3.322032071650938e-08,364.9672351002664,33220.32071650938
2026-09-11 07:42:00,3.644516937129083e-07,3.164304018810071e-08,364.4516937129083,31643.040188100713
2026-09-11 07:43:00,3.6169697636978526e-07,3.2455197640501865e-08,361.69697636978526,32455.197640501865
2026-09-11 07:44:00,3.5996430369777954e-07,3.524300851154294e-08,359.96430369777954,35243.00851154294
2026-09-11 07:45:00,3.573346702978597e-07,3.4014746574939636e-08,357.3346702978597,34014.746574939636
2026-09-11 07:46:00,3.5458069191918185e-07,3.457451569488512e-08,354.58069191918185,34574.51569488512
2026-09-11 07:47:00,3.5351931160221284e-07,3.434160689153032e-08,353.51931160221284,34341.60689153032
2026-09-11 07:48:00,3.5156062949681655e-07,3.3144949895813625e-08,351.56062949681655,33144.949895813625
2026-09-11 07:49:00,3.4918156188723515e-07,3.351451027810981e-08,349.18156188723515,33514.51027810981
2026-09-11 07:50:00,3.5263695963294595e-07,3.348955246451624e-08,352.63695963294595,33489.55246451624
2026-09-11 07:51:00,3.5228342198934115e-07,3.24370255100348e-08,352.28342198934115,32437.0255100348
2026-09-11 07:52:00,3.516436208883533e-07,3.1414117529493524e-08,351.6436208883533,31414.117529493524
2026-09-11 07:53:00,3.4845859886445396e-07,3.1563658353661594e-08,348.45859886445396,31563.658353661594
2026-09-11 07:54:00,3.452833254868892e-07,3.022474714953205e-08,345.2833254868892,30224.74714953205
2026-09-11 07:55:00,3.446334062573442e-07,3.050006824878437e-08,344.6334062573442,30500.068248784373
2026-09-11 07:56:00,3.443704770234035e-07,2.9320585070991e-08,344.3704770234035,29320.585070991
2026-09-11 07:57:00,3.401289916382666e-07,2.9218103492212322e-08,340.1289916382666,29218.10349221232
2026-09-11 07:58:00,3.3910467323039484e-07,2.8924896255944077e-08,339.10467323039484,28924.896255944077
2026-09-11 07:59:00,3.3696406376293453e-07,2.7886269293730948e-08,336.96406376293453,27886.269293730948
2026-09-11 08:00:00,3.380442876732559e-07,3.102621093376001e-08,338.0442876732559,31026.210933760012
2026-09-11 08:01:00,3.3414380595786497e-07,2.6130997810014378e-08,334.14380595786497,26130.997810014378
2026-09-11 08:02:00,3.3337144600409374e-07,2.4716575452998768e-08,333.37144600409374,24716.575452998768
2026-09-11 08:03:00,3.316065999570128e-07,2.7158163717899697e-08,331.6065999570128,27158.163717899697
2026-09-11 08:04:00,3.294929911135114e-07,2.5712646234410386e-08,329.4929911135114,25712.646234410386
2026-09-11 08:05:00,3.304141671378602e-07,2.6116401485865026e-08,330.4141671378602,26116.401485865026
2026-09-11 08:06:00,3.280695750618179e-07,2.348092387194356e-08,328.0695750618179,23480.92387194356
2026-09-11 08:07:00,3.2632036095492367e-07,2.3744146204762728e-08,326.3203609549237,23744.14620476273
2026-09-11 08:08:00,3.264228496391297e-07,2.5001979153671527e-08,326.4228496391297,25001.979153671527
2026-09-11 08:09:00,3.256381830851751e-07,2.349167438353561e-08,325.6381830851751,23491.67438353561
2026-09-11 08:10:00,3.251614089094801e-07,2.2535868282602678e-08,325.1614089094801,22535.868282602678
2026-09-11 08:11:00,3.242300010697363e-07,1.976130548086985e-08,324.2300010697363,19761.30548086985
2026-09-11 08:12:00,3.2243372061202535e-07,1.9390149930131884e-08,322.43372061202535,19390.149930131884
2026-09-11 08:13:00,3.219127222564566e-07,1.8356519859707987e-08,321.9127222564566,18356.519859707987
2026-09-11 08:14:00,3.206657765986165e-07,2.031410062386385e-08,320.6657765986165,20314.10062386385
2026-09-11 08:15:00,3.1900626140668464e-07,2.0876475659292737e-08,319.00626140668464,20876.475659292737
2026-09-11 08:16:00,3.193925692812627e-07,1.9539905693477522e-08,319.3925692812627,19539.90569347752
2026-09-11 08:17:00,3.176437246565911e-07,2.1464167332396755e-08,317.6437246565911,21464.167332396755
2026-09-11 08:18:00,3.20090379091198e-07,2.2755562767429183e-08,320.090379091198,22755.562767429183
2026-09-11 08:19:00,3.2085438306239666e-07,2.1200113664576747e-08,320.85438306239666,21200.113664576747
2026-09-11 08:20:00,3.20480779691934e-07,2.1020165164031823e-08,320.480779691934,21020.165164031823
2026-09-11 08:21:00,3.21699388905472e-07,2.245388053268016e-08,321.699388905472,22453.88053268016
2026-09-11 08:22:00,3.236128236494551e-07,2.1263302230067893e-08,323.6128236494551,21263.302230067893
2026-09-11 08:23:00,3.2825315088302887e-07,2.0197212791117636e-08,328.25315088302887,20197.212791117636
2026-09-11 08:24:00,3.289721348664898e-07,2.2564835333582778e-08,328.9721348664898,22564.835333582778
2026-09-11 08:25:00,3.2813301231726655e-07,2.154729550341017e-08,328.13301231726655,21547.29550341017
2026-09-11 08:26:00,3.2777217029433814e-07,2.1637651670403102e-08,327.77217029433814,21637.651670403102
2026-09-11 08:27:00,3.250791564823885e-07,2.2169578173247828e-08,325.0791564823885,22169.578173247828
2026-09-11 08:28:00,3.245694131237542e-07,2.2179726499871322e-08,324.5694131237542,22179.72649987132
2026-09-11 08:29:00,3.220603161935287e-07,2.401064946866427e-08,322.0603161935287,24010.64946866427
2026-09-11 08:30:00,3.2071079658635426e-07,2.860930159442887e-08,320.71079658635426,28609.30159442887
2026-09-11 08:31:00,3.202008826974634e-07,2.3557889861081094e-08,320.2008826974634,23557.889861081094
2026-09-11 08:32:00,3.208654675290745e-07,2.198967052891021e-08,320.8654675290745,21989.67052891021
2026-09-11 08:33:00,3.1982111181605433e-07,2.4941499532360467e-08,319.8211118160543,24941.499532360467
2026-09-11 08:34:00,3.1746057516102155e-07,2.3625595702014834e-08,317.46057516102155,23625.595702014834
2026-09-11 08:35:00,3.16769416031093e-07,2.2987761028048226e-08,316.769416031093,22987.761028048226
2026-09-11 08:36:00,3.1618094453733647e-07,2.5118209734387165e-08,316.1809445373365,25118.209734387165
2026-09-11 08:37:00,3.166650230923551e-07,2.4057577263647545e-08,316.6650230923551,24057.577263647545
2026-09-11 08:38:00,3.165881707900553e-07,2.3609890931197697e-08,316.5881707900553,23609.890931197697
2026-09-11 08:39:00,3.1588672300131293e-07,2.406449617353701e-08,315.88672300131293,24064.49617353701
2026-09-11 08:40:00,3.144922402498196e-07,2.4456378255877098e-08,314.4922402498196,24456.378255877098
2026-09-11 08:41:00,3.1469204486711533e-07,2.4328915770865933e-08,314.6920448671153,24328.915770865933
2026-09-11 08:42:00,3.1444267278857296e-07,2.7232282207023673e-08,314.44267278857296,27232.282207023673
2026-09-11 08:43:00,3.151770044951263e-07,2.629833772971324e-08,315.1770044951263,26298.33772971324
2026-09-11 08:44:00,3.153990064674872e-07,2.5616715859655415e-08,315.3990064674872,25616.715859655415
2026-09-11 08:45:00,3.1382131737700547e-07,2.3966913786921396e-08,313.82131737700547,23966.913786921396
2026-09-11 08:46:00,3.124845875390747e-07,2.480255290038258e-08,312.4845875390747,24802.55290038258
2026-09-11 08:47:00,3.1202367267724185e-07,2.6350306825406733e-08,312.02367267724185,26350.306825406733
2026-09-11 08:48:00,3.122562759472203e-07,2.5351580390520212e-08,312.2562759472203,25351.580390520212
2026-09-11 08:49:00,3.12885902076232e-07,2.5569789841028978e-08,312.885902076232,25569.789841028978
2026-09-11 08:50:00,3.1050603865878657e-07,2.3782828151297508e-08,310.50603865878657,23782.828151297508
2026-09-11 08:51:00,3.0979427378952096e-07,2.445989899513279e-08,309.79427378952096,24459.89899513279
2026-09-11 08:52:00,3.0956232421885943e-07,2.4617442306862358e-08,309.56232421885943,24617.44230686236
2026-09-11 08:53:00,3.1194193184092e-07,2.6084210347221415e-08,311.94193184092,26084.210347221415
2026-09-11 08:54:00,3.1117545518100087e-07,2.6921666673729305e-08,311.17545518100087,26921.666673729305
2026-09-11 08:55:00,3.098845127169625e-07,2.6381579587564374e-08,309.8845127169625,26381.579587564374
2026-09-11 08:56:00,3.136872237519128e-07,2.5889123733691122e-08,313.6872237519128,25889.12373369112
2026-09-11 08:57:00,3.165825432915881e-07,2.6205551506564007e-08,316.5825432915881,26205.551506564007
2026-09-11 08:58:00,3.2902744351304136e-07,2.67744777460166e-08,329.02744351304136,26774.4777460166
2026-09-11 08:59:00,3.4160837003582856e-07,2.8212943092853493e-08,341.60837003582856,28212.943092853493
2026-09-11 09:00:00,3.50415945149507e-07,2.5445498152976143e-08,350.415945149507,25445.498152976143
2026-09-11 09:01:00,3.5105892948195105e-07,2.4606171322716364e-08,351.05892948195105,24606.171322716364
2026-09-11 09:02:00,3.4211700494779507e-07,2.460437187323805e-08,342.11700494779507,24604.37187323805
2026-09-11 09:03:00,3.366795624515362e-07,2.482681082938143e-08,336.6795624515362,24826.81082938143
2026-09-11 09:04:00,3.338881811032479e-07,2.4524295483274727e-08,333.8881811032479,24524.295483274727
2026-09-11 09:05:00,3.313253102987801e-07,2.601017534686889e-08,331.3253102987801,26010.17534686889
2026-09-11 09:06:00,3.2638885727465095e-07,2.5537424619415106e-08,326.38885727465095,25537.424619415106
2026-09-11 09:07:00,3.248143514156254e-07,2.425464273869693e-08,324.8143514156254,24254.64273869693
2026-09-11 09:08:00,3.23790516176814e-07,2.470093285467101e-08,323.790516176814,24700.93285467101
2026-09-11 09:09:00,3.2106686376209836e-07,2.4888141325618562e-08,321.06686376209836,24888.141325618562
2026-09-11 09:10:00,3.1747197226650314e-07,2.2691368783966936e-08,317.47197226650314,22691.368783966936
2026-09-11 09:11:00,3.15298223085847e-07,2.3816063787762687e-08,315.298223085847,23816.063787762687
2026-09-11 09:12:00,3.16907033948155e-07,2.3197552323495074e-08,316.907033948155,23197.552323495074
2026-09-11 09:13:00,3.167565978401399e-07,2.7247933687135628e-08,316.7565978401399,27247.933687135628
2026-09-11 09:14:00,3.186175092650956e-07,2.7137607716554157e-08,318.6175092650956,27137.607716554157
2026-09-11 09:15:00,3.1975045544641034e-07,2.610954652482178e-08,319.75045544641034,26109.54652482178
2026-09-11 09:16:00,3.2073685929390194e-07,3.014409344359592e-08,320.73685929390194,30144.09344359592
2026-09-11 09:17:00,3.204847871529637e-07,2.8469610668935275e-08,320.4847871529637,28469.610668935275
2026-09-11 09:18:00,3.2148199125003885e-07,2.7473921804244128e-08,321.48199125003885,27473.921804244128
2026-09-11 09:19:00,3.200605931397149e-07,2.815779787113115e-08,320.0605931397149,28157.79787113115
2026-09-11 09:20:00,3.2039753250501235e-07,2.5690228611097154e-08,320.39753250501235,25690.228611097154
2026-09-11 09:21:00,3.2244446401819005e-07,2.6106155459615366e-08,322.44446401819005,26106.155459615366
2026-09-11 09:22:00,3.2592828347333125e-07,2.994709902282011e-08,325.92828347333125,29947.09902282011
2026-09-11 09:23:00,3.289379151283356e-07,3.30638769696634e-08,328.9379151283356,33063.8769696634
2026-09-11 09:24:00,3.303828464140679e-07,3.107625090592592e-08,330.3828464140679,31076.250905925917
2026-09-11 09:25:00,3.305741245185345e-07,3.027165718094693e-08,330.5741245185345,30271.65718094693
2026-09-11 09:26:00,3.3357432016600796e-07,3.182466201678835e-08,333.57432016600796,31824.662016788352
2026-09-11 09:27:00,3.370950878434087e-07,3.228386802334171e-08,337.0950878434087,32283.86802334171
2026-09-11 09:28:00,3.405845063753077e-07,3.181272845154126e-08,340.5845063753077,31812.72845154126
2026-09-11 09:29:00,3.408771362956031e-07,3.5530700159824846e-08,340.8771362956031,35530.700159824846
2026-09-11 09:30:00,3.4321902830924955e-07,3.823942407166214e-08,343.21902830924955,38239.42407166214
2026-09-11 09:31:00,3.4112537150576827e-07,3.876357723697765e-08,341.12537150576827,38763.57723697765
2026-09-11 09:32:00,3.379405484338349e-07,3.897158862287142e-08,337.9405484338349,38971.58862287142
2026-09-11 09:33:00,3.360537164098787e-07,3.9577095378717786e-08,336.0537164098787,39577.095378717786
2026-09-11 09:34:00,3.34312858285557e-07,4.078172821664339e-08,334.312858285557,40781.72821664339
2026-09-11 09:35:00,3.3420687373109104e-07,4.3470837596260026e-08,334.20687373109104,43470.837596260026
2026-09-11 09:36:00,3.3610575655984576e-07,4.29849968952567e-08,336.10575655984576,42984.9968952567
2026-09-11 09:37:00,3.387869753623818e-07,4.4932804144082183e-08,338.7869753623818,44932.80414408218
2026-09-11 09:38:00,3.4064254350596457e-07,4.4417589606382535e-08,340.64254350596457,44417.589606382535
2026-09-11 09:39:00,3.417668779093219e-07,4.4135830989944225e-08,341.7668779093219,44135.830989944225
2026-09-11 09:40:00,3.412523312817939e-07,4.60348559272461e-08,341.2523312817939,46034.8559272461
2026-09-11 09:41:00,3.435307291965728e-07,4.397189812266333e-08,343.5307291965728,43971.89812266333
2026-09-11 09:42:00,3.424134433771542e-07,4.376713036435831e-08,342.4134433771542,43767.13036435831
2026-09-11 09:43:00,3.434248014855257e-07,4.353357851982764e-08,343.4248014855257,43533.57851982764
2026-09-11 09:44:00,3.425385557420668e-07,4.307953460624958e-08,342.5385557420668,43079.53460624958
2026-09-11 09:45:00,3.420845189339161e-07,4.499815275949004e-08,342.0845189339161,44998.15275949004
2026-09-11 09:46:00,3.4255165815011424e-07,4.6822243859878654e-08,342.55165815011424,46822.243859878654
2026-09-11 09:47:00,3.440289049194689e-07,4.777471929173771e-08,344.0289049194689,47774.71929173771
2026-09-11 09:48:00,3.454377406342246e-07,4.8031086663513634e-08,345.4377406342246,48031.08666351363
2026-09-11 09:49:00,3.4806427606781654e-07,5.2780642079142126e-08,348.06427606781654,52780.642079142126
2026-09-11 09:50:00,3.47211596363195e-07,5.145610870727069e-08,347.211596363195,51456.10870727069
2026-09-11 09:51:00,3.4773759693962347e-07,5.0941441287477573e-08,347.7375969396235,50941.44128747757
2026-09-11 09:52:00,3.4951969496432866e-07,4.9187203643441535e-08,349.51969496432866,49187.203643441535
2026-09-11 09:53:00,3.540679358593479e-07,5.0948010255069676e-08,354.0679358593479,50948.010255069676
2026-09-11 09:54:00,3.5028395473091223e-07,4.997314206889314e-08,350.2839547309122,49973.14206889314
2026-09-11 09:55:00,3.476695837889565e-07,4.929744790160839e-08,347.6695837889565,49297.44790160839
2026-09-11 09:56:00,3.489117545996123e-07,5.3923113085829755e-08,348.9117545996123,53923.113085829755
2026-09-11 09:57:00,3.502780430153507e-07,5.021257010184854e-08,350.2780430153507,50212.57010184854
2026-09-11 09:58:00,3.5176563528693805e-07,5.318856821645568e-08,351.76563528693805,53188.56821645568
2026-09-11 09:59:00,3.536553947469656e-07,5.036430295035643e-08,353.6553947469656,50364.30295035643
2026-09-11 10:00:00,3.553030865077744e-07,5.065246000413026e-08,355.3030865077744,50652.46000413026
2026-09-11 10:01:00,3.5833110700878024e-07,5.13725986195368e-08,358.33110700878024,51372.5986195368
2026-09-11 10:02:00,3.5468335113364446e-07,5.0524054273637375e-08,354.68335113364446,50524.054273637375
2026-09-11 10:03:00,3.5458518254927185e-07,4.920386942330879e-08,354.58518254927185,49203.86942330879
2026-09-11 10:04:00,3.534842392127757e-07,4.920979179701135e-08,353.4842392127757,49209.79179701135
2026-09-11 10:05:00,3.536223687206075e-07,4.981673384918395e-08,353.6223687206075,49816.73384918395
2026-09-11 10:06:00,3.548516644968913e-07,4.809847453657312e-08,354.8516644968913,48098.47453657312
2026-09-11 10:07:00,3.565820350104332e-07,4.884852700115516e-08,356.5820350104332,48848.52700115516
2026-09-11 10:08:00,3.553879253104242e-07,5.0639414439501707e-08,355.3879253104242,50639.41443950171
2026-09-11 10:09:00,3.558575656370522e-07,5.184928042467618e-08,355.8575656370522,51849.28042467618
2026-09-11 10:10:00,3.5630466754810186e-07,5.0639421544929064e-08,356.30466754810186,50639.421544929064
2026-09-11 10:11:00,3.5733211234401097e-07,5.271994396593982e-08,357.33211234401097,52719.94396593982
2026-09-11 10:12:00,3.5797972941509215e-07,5.080996956507988e-08,357.97972941509215,50809.96956507988
2026-09-11 10:13:00,3.58561948132774e-07,5.28885877315588e-08,358.561948132774,52888.5877315588
2026-09-11 10:14:00,3.5930330000155664e-07,5.3670255795168487e-08,359.30330000155664,53670.25579516849
2026-09-11 10:15:00,3.566115935882408e-07,5.3977434077978614e-08,356.6115935882408,53977.434077978614
2026-09-11 10:16:00,3.5616940863292257e-07,4.9490907372273796e-08,356.16940863292257,49490.907372273796
2026-09-11 10:17:00,3.5519644825399155e-07,4.757025706680906e-08,355.19644825399155,47570.25706680906
2026-09-11 10:18:00,3.555960290668736e-07,4.9932793899643e-08,355.5960290668736,49932.793899643
2026-09-11 10:19:00,3.5685116017702967e-07,5.036878647501908e-08,356.85116017702967,50368.78647501908
2026-09-11 10:20:00,3.547716289631353e-07,5.211353126810536e-08,354.7716289631353,52113.53126810536
2026-09-11 10:21:00,3.5526272768038325e-07,5.224653065738494e-08,355.26272768038325,52246.53065738494
2026-09-11 10:22:00,3.559819106158102e-07,5.348744025468477e-08,355.9819106158102,53487.44025468477
2026-09-11 10:23:00,3.5659874697557825e-07,5.341558306781735e-08,356.59874697557825,53415.58306781735
2026-09-11 10:24:00,3.55977078925207e-07,5.402440095281236e-08,355.977078925207,54024.40095281236
2026-09-11 10:25:00,3.5658405295180273e-07,5.292600491202393e-08,356.58405295180273,52926.00491202393
2026-09-11 10:26:00,3.58008179546232e-07,5.3439539016153503e-08,358.008179546232,53439.5390161535
2026-09-11 10:27:00,3.588875756577181e-07,5.708567485385174e-08,358.8875756577181,57085.67485385174
2026-09-11 10:28:00,3.5857172520081804e-07,5.298005945064688e-08,358.57172520081804,52980.05945064688
2026-09-11 10:29:00,3.588691583900072e-07,5.4030007134997504e-08,358.8691583900072,54030.007134997504
2026-09-11 10:30:00,3.601954290388676e-07,5.4200164356643654e-08,360.1954290388676,54200.164356643654
2026-09-11 10:31:00,3.6198125030750816e-07,5.5929454845227156e-08,361.98125030750816,55929.454845227156
2026-09-11 10:32:00,3.617471975303488e-07,5.47521636917736e-08,361.7471975303488,54752.1636917736
2026-09-11 10:33:00,3.6342251519272395e-07,5.525102508840973e-08,363.42251519272395,55251.02508840973
2026-09-11 10:34:00,3.652437214896054e-07,5.579541451083969e-08,365.2437214896054,55795.41451083969
2026-09-11 10:35:00,3.6100848888054315e-07,5.40172884200274e-08,361.00848888054315,54017.2884200274
2026-09-11 10:36:00,3.6220504284756316e-07,5.4024496876081685e-08,362.20504284756316,54024.496876081685
2026-09-11 10:37:00,3.6092444588575745e-07,5.377960121677461e-08,360.92444588575745,53779.60121677461
2026-09-11 10:38:00,3.6101073419558816e-07,4.9883993824551e-08,361.01073419558816,49883.993824551
2026-09-11 10:39:00,3.6539054804052284e-07,5.202679176363745e-08,365.39054804052284,52026.79176363745
2026-09-11 10:40:00,3.6929327507095877e-07,5.072200437439278e-08,369.29327507095877,50722.00437439278
2026-09-11 10:41:00,3.7094412164151436e-07,5.109260214908318e-08,370.94412164151436,51092.60214908318
2026-09-11 10:42:00,3.8831794313409773e-07,5.326817387185656e-08,388.31794313409773,53268.17387185656
2026-09-11 10:43:00,3.9393825090883183e-07,5.150585735691493e-08,393.93825090883183,51505.85735691493
2026-09-11 10:44:00,3.982168266247754e-07,5.224214305599162e-08,398.2168266247754,52242.14305599162
2026-09-11 10:45:00,3.9922232986100425e-07,5.1729699634961435e-08,399.22232986100425,51729.699634961435
2026-09-11 10:46:00,3.957366061513312e-07,5.684672998995666e-08,395.7366061513312,56846.72998995666
2026-09-11 10:47:00,3.8787521816630033e-07,5.987676132690467e-08,387.87521816630033,59876.76132690467
2026-09-11 10:48:00,3.8508326838382345e-07,5.868345098747341e-08,385.08326838382345,58683.45098747341
2026-09-11 10:49:00,3.828384649295913e-07,5.774472811026499e-08,382.8384649295913,57744.72811026499
2026-09-11 10:50:00,3.8323906892401283e-07,5.7039994061369725e-08,383.2390689240128,57039.994061369725
2026-09-11 10:51:00,3.8251863543337095e-07,5.727283181045095e-08,382.51863543337095,57272.83181045095
2026-09-11 10:52:00,3.7928151641608565e-07,5.566636573917094e-08,379.28151641608565,55666.36573917094
2026-09-11 10:53:00,3.784578268550831e-07,5.711610384651067e-08,378.4578268550831,57116.10384651067
2026-09-11 10:54:00,3.7650917761311575e-07,5.715856588039969e-08,376.50917761311575,57158.56588039969
2026-09-11 10:55:00,3.730087598796672e-07,5.78751908619779e-08,373.0087598796672,57875.1908619779
2026-09-11 10:56:00,3.750293160464935e-07,5.782486667271769e-08,375.0293160464935,57824.86667271769
2026-09-11 10:57:00,3.7271595942911517e-07,5.8230146038340536e-08,372.7159594291152,58230.146038340536
2026-09-11 10:58:00,3.7120986462468863e-07,5.843000394634146e-08,371.20986462468863,58430.00394634146
2026-09-11 10:59:00,3.6899862720929377e-07,5.869274488645715e-08,368.9986272092938,58692.74488645715
2026-09-11 11:00:00,3.6717386819873354e-07,5.897129895515718e-08,367.17386819873354,58971.29895515718
2026-09-11 11:01:00,3.6662075331150845e-07,5.7524339069914276e-08,366.62075331150845,57524.33906991428
2026-09-11 11:02:00,3.665933263619081e-07,5.73613760934677e-08,366.5933263619081,57361.3760934677
2026-09-11 11:03:00,3.7047379919386003e-07,5.67530591411014e-08,370.47379919386003,56753.0591411014
2026-09-11 11:04:00,3.7420835496959626e-07,5.649462053725074e-08,374.20835496959626,56494.62053725074
2026-09-11 11:05:00,3.764305063214124e-07,5.82600989673665e-08,376.4305063214124,58260.0989673665
2026-09-11 11:06:00,3.7859584267607715e-07,5.7273535247759355e-08,378.59584267607715,57273.535247759355
2026-09-11 11:07:00,3.774307515413966e-07,5.861215868208092e-08,377.4307515413966,58612.15868208092
2026-09-11 11:08:00,3.7590322676805954e-07,5.8987335904703286e-08,375.90322676805954,58987.335904703286
2026-09-11 11:09:00,3.7467052038664406e-07,5.90295989866263e-08,374.67052038664406,59029.5989866263
2026-09-11 11:10:00,3.758008517706912e-07,5.945011238850384e-08,375.8008517706912,59450.11238850384
2026-09-11 11:11:00,3.7339674463510164e-07,5.9365266480426726e-08,373.39674463510164,59365.266480426726
2026-09-11 11:12:00,3.757581055197079e-07,6.02004632810349e-08,375.7581055197079,60200.4632810349
2026-09-11 11:13:00,3.7420431908685714e-07,5.96546385622787e-08,374.20431908685714,59654.638562278706
2026-09-11 11:14:00,3.718216419201781e-07,5.975823569315253e-08,371.8216419201781,59758.23569315253
2026-09-11 11:15:00,3.70761313206458e-07,5.7619772064754216e-08,370.761313206458,57619.772064754216
2026-09-11 11:16:00,3.696402188779757e-07,5.807114433764582e-08,369.6402188779757,58071.14433764582
2026-09-11 11:17:00,3.712837610692077e-07,5.572552552735033e-08,371.2837610692077,55725.52552735033
2026-09-11 11:18:00,3.726882198407111e-07,5.48662555388546e-08,372.6882198407111,54866.2555388546
2026-09-11 11:19:00,3.7176297951191373e-07,5.7155002508579855e-08,371.7629795119137,57155.002508579855
2026-09-11 11:20:00,3.6930205737917277e-07,5.801913260938818e-08,369.30205737917277,58019.13260938818
2026-09-11 11:21:00,3.7032020827609813e-07,5.766617405811303e-08,370.3202082760981,57666.17405811303
2026-09-11 11:22:00,3.668946249035798e-07,5.8326229179783695e-08,366.8946249035798,58326.229179783695
2026-09-11 11:23:00,3.651492477274587e-07,5.789284429624786e-08,365.1492477274587,57892.84429624786
2026-09-11 11:24:00,3.655187583717634e-07,5.8646254075256365e-08,365.5187583717634,58646.254075256365
2026-09-11 11:25:00,3.621960047439643e-07,5.813647874219896e-08,362.1960047439643,58136.47874219896
2026-09-11 11:26:00,3.632033553913061e-07,5.8559091797860674e-08,363.2033553913061,58559.091797860674
2026-09-11 11:27:00,3.629027389706607e-07,5.964522387102988e-08,362.9027389706607,59645.223871029884
2026-09-11 11:28:00,3.6385384305503976e-07,6.019494236397804e-08,363.85384305503976,60194.94236397804
2026-09-11 11:29:00,3.665645351702551e-07,5.9508685978926223e-08,366.5645351702551,59508.68597892622
2026-09-11 11:30:00,3.7264098295963777e-07,5.9187357237533433e-08,372.64098295963777,59187.35723753343
2026-09-11 11:31:00,4.235026267451758e-07,6.070013824910347e-08,423.5026267451758,60700.138249103475
2026-09-11 11:32:00,4.5578116214528563e-07,6.374902739025856e-08,455.78116214528563,63749.02739025856
2026-09-11 11:33:00,4.616991589045938e-07,6.486774850600341e-08,461.6991589045938,64867.74850600341
2026-09-11 11:34:00,4.226584735533834e-07,5.981561912449251e-08,422.6584735533834,59815.619124492514
2026-09-11 11:35:00,3.9213449554154067e-07,5.848319872825414e-08,392.1344955415407,58483.19872825414
2026-09-11 11:36:00,3.723621659901255e-07,5.907882538735976e-08,372.3621659901255,59078.82538735976
2026-09-11 11:37:00,3.6359583077683055e-07,6.209722869243706e-08,363.59583077683055,62097.22869243706
2026-09-11 11:38:00,3.59680910833049e-07,6.48128164471018e-08,359.680910833049,64812.816447101795
2026-09-11 11:39:00,3.586198431548837e-07,6.433428723084944e-08,358.6198431548837,64334.28723084944
2026-09-11 11:40:00,3.593741269014572e-07,6.431096011283444e-08,359.3741269014572,64310.96011283444
2026-09-11 11:41:00,3.6033691230841214e-07,6.4655452547413e-08,360.33691230841214,64655.452547413006
2026-09-11 11:42:00,3.5774189655057853e-07,6.636014404648449e-08,357.74189655057853,66360.14404648449
2026-09-11 11:43:00,3.599652984576096e-07,6.739939095723457e-08,359.9652984576096,67399.39095723457
2026-09-11 11:44:00,3.599261333420145e-07,6.647684358540573e-08,359.9261333420145,66476.84358540573
2026-09-11 11:45:00,3.604230585096957e-07,6.683733744239362e-08,360.4230585096957,66837.33744239362
2026-09-11 11:46:00,3.6152209759166e-07,6.887398029675751e-08,361.52209759166,68873.98029675751
2026-09-11 11:47:00,3.609721659358911e-07,6.681343478476265e-08,360.9721659358911,66813.43478476265
2026-09-11 11:48:00,3.636629060110863e-07,6.896117099586263e-08,363.6629060110863,68961.17099586263
2026-09-11 11:49:00,3.6429364058676583e-07,6.905008831381565e-08,364.29364058676583,69050.08831381565
2026-09-11 11:50:00,3.648472102213418e-07,6.762315507558014e-08,364.8472102213418,67623.15507558014
2026-09-11 11:51:00,3.658336993339617e-07,6.825329990078899e-08,365.8336993339617,68253.29990078899
2026-09-11 11:52:00,3.676346125303098e-07,6.778807204455006e-08,367.6346125303098,67788.07204455006
2026-09-11 11:53:00,3.659154117485741e-07,6.80540566122545e-08,365.9154117485741,68054.0566122545
2026-09-11 11:54:00,3.6991201568525867e-07,6.850810052583256e-08,369.91201568525867,68508.10052583256
2026-09-11 11:55:00,3.755907016511628e-07,6.875634284142507e-08,375.5907016511628,68756.34284142507
2026-09-11 11:56:00,4.01901417035333e-07,6.906919480798024e-08,401.901417035333,69069.19480798024
2026-09-11 11:57:00,3.979412497301382e-07,6.866916635317466e-08,397.9412497301382,68669.16635317466
2026-09-11 11:58:00,3.8516103018082504e-07,6.760542703432293e-08,385.16103018082504,67605.42703432293
2026-09-11 11:59:00,3.7831426880075014e-07,6.725341705760002e-08,378.31426880075014,67253.41705760002
2026-09-11 12:00:00,3.748902486222505e-07,6.759867687833321e-08,374.8902486222505,67598.67687833321
2026-09-11 12:01:00,3.7519222928494855e-07,6.74829436775326e-08,375.19222928494855,67482.9436775326
2026-09-11 12:02:00,3.7538038100137783e-07,6.939150409834838e-08,375.3803810013778,69391.50409834838
2026-09-11 12:03:00,3.757200488507806e-07,7.097177956438827e-08,375.7200488507806,70971.77956438827
2026-09-11 12:04:00,3.7653580875485204e-07,7.125377265992938e-08,376.53580875485204,71253.77265992938
2026-09-11 12:05:00,3.7682701758967596e-07,7.200851115385376e-08,376.82701758967596,72008.51115385376
2026-09-11 12:06:00,3.7327777135942597e-07,7.145204250491588e-08,373.27777135942597,71452.04250491588
2026-09-11 12:07:00,3.727695343513915e-07,7.582485039847597e-08,372.7695343513915,75824.85039847597
2026-09-11 12:08:00,3.752473105578247e-07,7.778587018947292e-08,375.2473105578247,77785.87018947292
2026-09-11 12:09:00,3.782680266795069e-07,8.161050857324881e-08,378.2680266795069,81610.50857324881
2026-09-11 12:10:00,3.767856355807453e-07,8.16847673945631e-08,376.7856355807453,81684.7673945631
2026-09-11 12:11:00,3.732697564373666e-07,8.021018516046752e-08,373.2697564373666,80210.18516046752
2026-09-11 12:12:00,3.774464687467116e-07,8.104207438464073e-08,377.4464687467116,81042.07438464073
2026-09-11 12:13:00,3.804448169830721e-07,8.175129551091231e-08,380.4448169830721,81751.29551091231
2026-09-11 12:14:00,3.775101333758357e-07,8.030988851714937e-08,377.5101333758357,80309.88851714937
2026-09-11 12:15:00,3.7801822827532305e-07,7.973702764729751e-08,378.01822827532305,79737.02764729751
2026-09-11 12:16:00,3.763439337944874e-07,7.952793623644538e-08,376.3439337944874,79527.93623644538
2026-09-11 12:17:00,3.74545379600022e-07,8.153389785547915e-08,374.545379600022,81533.89785547915
2026-09-11 12:18:00,3.758381410534639e-07,8.149917363198256e-08,375.8381410534639,81499.17363198256
2026-09-11 12:19:00,3.767530074583192e-07,8.25054300435113e-08,376.7530074583192,82505.4300435113
2026-09-11 12:20:00,3.764665734706796e-07,8.35944291566193e-08,376.4665734706796,83594.4291566193
2026-09-11 12:21:00,3.759399191949342e-07,8.211965507598507e-08,375.9399191949342,82119.65507598507
2026-09-11 12:22:00,3.7411786024676985e-07,8.102485793415326e-08,374.11786024676985,81024.85793415326
2026-09-11 12:23:00,3.7572721112155705e-07,7.945421742761027e-08,375.72721112155705,79454.21742761027
2026-09-11 12:24:00,3.7459832924469083e-07,7.791636846832262e-08,374.59832924469083,77916.36846832262
2026-09-11 12:25:00,3.730625053322001e-07,7.951245351023317e-08,373.0625053322001,79512.45351023317
2026-09-11 12:26:00,3.734548670308868e-07,8.624456881989317e-08,373.4548670308868,86244.56881989317
2026-09-11 12:27:00,3.742149203844747e-07,8.244712290661482e-08,374.2149203844747,82447.12290661482
2026-09-11 12:28:00,3.75190012391613e-07,8.586092548057422e-08,375.190012391613,85860.92548057422
2026-09-11 12:29:00,3.747061896319792e-07,8.466813028462639e-08,374.7061896319792,84668.13028462639
2026-09-11 12:30:00,3.748636174805142e-07,8.403374351928505e-08,374.8636174805142,84033.74351928505
2026-09-11 12:31:00,3.760645199690771e-07,8.221081770898309e-08,376.0645199690771,82210.81770898309
2026-09-11 12:32:00,3.798448631187057e-07,8.22376122755486e-08,379.8448631187057,82237.6122755486
2026-09-11 12:33:00,3.8379968714252755e-07,8.21419376961785e-08,383.79968714252755,82141.9376961785
2026-09-11 12:34:00,3.910358543635084e-07,8.36558484706984e-08,391.0358543635084,83655.8484706984
2026-09-11 12:35:00,4.0170431248043315e-07,8.257550376811196e-08,401.70431248043315,82575.50376811196
2026-09-11 12:36:00,3.9750779023961513e-07,8.298440690168718e-08,397.50779023961513,82984.40690168718
2026-09-11 12:37:00,4.0330112938136153e-07,8.642867044272862e-08,403.30112938136153,86428.67044272862
2026-09-11 12:38:00,4.022417670057621e-07,8.565135800608914e-08,402.2417670057621,85651.35800608914
2026-09-11 12:39:00,3.9661321693529317e-07,8.500076376094512e-08,396.61321693529317,85000.76376094512
2026-09-11 12:40:00,3.9234583937286516e-07,8.4758490004333e-08,392.34583937286516,84758.490004333
2026-09-11 12:41:00,3.906492054284172e-07,8.516661864632624e-08,390.6492054284172,85166.61864632624
2026-09-11 12:42:00,3.8964705595390114e-07,8.767946724219655e-08,389.64705595390114,87679.46724219655
2026-09-11 12:43:00,3.896676901149476e-07,8.775641902047937e-08,389.6676901149476,87756.41902047937
2026-09-11 12:44:00,3.8749308828300855e-07,8.802162199117447e-08,387.49308828300855,88021.62199117447
2026-09-11 12:45:00,3.8579531747018336e-07,8.760613923186611e-08,385.79531747018336,87606.13923186611
2026-09-11 12:46:00,3.85712354500356e-07,8.640062532094817e-08,385.712354500356,86400.62532094817
2026-09-11 12:47:00,3.8625569231953705e-07,8.843858978480057e-08,386.25569231953705,88438.58978480057
2026-09-11 12:48:00,3.854797512303776e-07,8.724927624825796e-08,385.4797512303776,87249.27624825796
2026-09-11 12:49:00,3.865565361138579e-07,9.061503902785262e-08,386.5565361138579,90615.03902785262
2026-09-11 12:50:00,3.8755300124648784e-07,9.072188333902886e-08,387.55300124648784,90721.88333902886
2026-09-11 12:51:00,3.880277574808133e-07,9.002325640494746e-08,388.0277574808133,90023.25640494746
2026-09-11 12:52:00,3.841580280550261e-07,9.125169242452102e-08,384.1580280550261,91251.69242452102
2026-09-11 12:53:00,3.8346448150150536e-07,8.992293487608549e-08,383.46448150150536,89922.93487608549
2026-09-11 12:54:00,3.8400534663196595e-07,8.825739428175439e-08,384.00534663196595,88257.39428175439
2026-09-11 12:55:00,3.848794278837886e-07,8.836693865532652e-08,384.8794278837886,88366.93865532652
2026-09-11 12:56:00,3.8394244938899647e-07,9.285371049827518e-08,383.94244938899647,92853.71049827518
2026-09-11 12:57:00,3.835525888007396e-07,9.427368752312759e-08,383.5525888007396,94273.68752312759
2026-09-11 12:58:00,3.846990921374527e-07,9.39558120194306e-08,384.6990921374527,93955.8120194306
2026-09-11 12:59:00,3.855151931020373e-07,9.453868443642932e-08,385.5151931020373,94538.68443642932
2026-09-11 13:00:00,3.927183058749506e-07,9.624354646575739e-08,392.7183058749506,96243.54646575739
2026-09-11 13:01:00,4.157756734457507e-07,9.524189437115638e-08,415.7756734457507,95241.89437115638
2026-09-11 13:02:00,4.1040863152375096e-07,9.571424897103498e-08,410.40863152375096,95714.24897103498
2026-09-11 13:03:00,4.002673108516319e-07,9.661325606202809e-08,400.2673108516319,96613.25606202809
2026-09-11 13:04:00,3.9408149632436107e-07,9.654747401555142e-08,394.08149632436107,96547.47401555142
2026-09-11 13:05:00,3.939287864795915e-07,9.763375174998146e-08,393.9287864795915,97633.75174998146
2026-09-11 13:06:00,3.9626630154998566e-07,9.960671576436653e-08,396.26630154998566,99606.71576436653
2026-09-11 13:07:00,3.9566140230817837e-07,1.001103129283365e-07,395.66140230817837,100110.3129283365
2026-09-11 13:08:00,3.9201071899697126e-07,1.0178469977972782e-07,392.01071899697126,101784.69977972782
2026-09-11 13:09:00,3.924068323613028e-07,1.0091306279491619e-07,392.4068323613028,100913.06279491619
2026-09-11 13:10:00,3.956542116156925e-07,1.0113100046282852e-07,395.6542116156925,101131.00046282852
2026-09-11 13:11:00,3.972976116983773e-07,9.962361957605026e-08,397.2976116983773,99623.61957605026
2026-09-11 13:12:00,4.010699115042371e-07,1.0438294140158177e-07,401.0699115042371,104382.94140158177
2026-09-11 13:13:00,4.037715086724347e-07,1.0675169193063994e-07,403.7715086724347,106751.69193063994
2026-09-11 13:14:00,4.022919881663256e-07,1.0608547285073655e-07,402.2919881663256,106085.47285073655
2026-09-11 13:15:00,3.9969702925191086e-07,1.0853349863282347e-07,399.69702925191086,108533.49863282347
2026-09-11 13:16:00,3.9993324207898695e-07,1.0777179682008864e-07,399.93324207898695,107771.79682008864
2026-09-11 13:17:00,3.9833912524045445e-07,1.0985662868279178e-07,398.33912524045445,109856.62868279178
2026-09-11 13:18:00,3.963232586556842e-07,1.0861889165880712e-07,396.3232586556842,108618.89165880712
2026-09-11 13:19:00,3.952086160552426e-07,1.1023136892163166e-07,395.2086160552426,110231.36892163166
2026-09-11 13:20:00,3.9789995298633585e-07,1.0956456719668495e-07,397.89995298633585,109564.56719668495
2026-09-11 13:21:00,4.0048692540040065e-07,1.0449871723494653e-07,400.48692540040065,104498.71723494653
2026-09-11 13:22:00,3.960627452670451e-07,1.0593527832725158e-07,396.0627452670451,105935.27832725158
2026-09-11 13:23:00,3.942174373605667e-07,1.0681691264835536e-07,394.2174373605667,106816.91264835536
2026-09-11 13:24:00,3.9950126051735424e-07,1.0700514962991292e-07,399.50126051735424,107005.14962991292
2026-09-11 13:25:00,4.0051094174486934e-07,1.0912258829876009e-07,400.51094174486934,109122.58829876009
2026-09-11 13:26:00,3.9715294519737654e-07,1.0769408476107856e-07,397.15294519737654,107694.08476107856
2026-09-11 13:27:00,3.9796904616196116e-07,1.0936827266050386e-07,397.96904616196116,109368.27266050386
2026-09-11 13:28:00,4.0111484622684657e-07,1.0776812331414476e-07,401.11484622684657,107768.12331414476
2026-09-11 13:29:00,4.038387828586565e-07,1.107058622551449e-07,403.8387828586565,110705.8622551449
2026-09-11 13:30:00,4.0990533989315736e-07,1.1380273434724586e-07,409.90533989315736,113802.73434724586
2026-09-11 13:31:00,4.1093585423368495e-07,1.1637689567578491e-07,410.93585423368495,116376.89567578491
2026-09-11 13:32:00,4.1064961919801135e-07,1.1639057362344829e-07,410.64961919801135,116390.57362344829
2026-09-11 13:33:00,4.1055696442526823e-07,1.1613576589297736e-07,410.55696442526823,116135.76589297736
2026-09-11 13:34:00,4.0697315739635087e-07,1.211934517186819e-07,406.97315739635087,121193.4517186819
2026-09-11 13:35:00,4.107647271212045e-07,1.1579528091942848e-07,410.7647271212045,115795.28091942848
2026-09-11 13:36:00,4.096246755125321e-07,1.175157535726612e-07,409.6246755125321,117515.7535726612
2026-09-11 13:37:00,4.0772462739369075e-07,1.1550515210956291e-07,407.72462739369075,115505.15210956291
2026-09-11 13:38:00,4.062788150349661e-07,1.163410843219026e-07,406.2788150349661,116341.0843219026
2026-09-11 13:39:00,4.08844726962343e-07,1.1706571712011282e-07,408.844726962343,117065.71712011282
2026-09-11 13:40:00,4.0955740132631036e-07,1.158127389544461e-07,409.55740132631036,115812.7389544461
2026-09-11 13:41:00,4.0881553786675795e-07,1.1864072746448073e-07,408.81553786675795,118640.72746448073
2026-09-11 13:42:00,4.095065833098488e-07,1.1805320099256278e-07,409.5065833098488,118053.20099256278
2026-09-11 13:43:00,4.075137098880077e-07,1.1632535290573287e-07,407.5137098880077,116325.35290573287
2026-09-11 13:44:00,4.0954861901809636e-07,1.17606852256813e-07,409.54861901809636,117606.852256813
2026-09-11 13:45:00,4.0756441421763157e-07,1.1858084292271087e-07,407.56441421763157,118580.84292271087
2026-09-11 13:46:00,4.095624035471701e-07,1.1873648020355176e-07,409.5624035471701,118736.48020355176
2026-09-11 13:47:00,4.0765135622677917e-07,1.1960482027006947e-07,407.65135622677917,119604.82027006947
2026-09-11 13:48:00,4.0790934008327895e-07,1.1773501285006205e-07,407.90934008327895,117735.01285006205
2026-09-11 13:49:00,4.085532054887153e-07,1.1624421603073642e-07,408.5532054887153,116244.21603073642
2026-09-11 13:50:00,4.084621139099909e-07,1.1671850330685629e-07,408.4621139099909,116718.50330685629
2026-09-11 13:51:00,4.0794736833049683e-07,1.17284585599009e-07,407.94736833049683,117284.585599009
2026-09-11 13:52:00,4.086247713530611e-07,1.2137631699715712e-07,408.6247713530611,121376.31699715712
2026-09-11 13:53:00,4.1234190462091647e-07,1.2079151190391713e-07,412.34190462091647,120791.51190391713
2026-09-11 13:54:00,4.1424570440540265e-07,1.2567286944431544e-07,414.24570440540265,125672.86944431544
2026-09-11 13:55:00,4.147202332660527e-07,1.2244345271028578e-07,414.7202332660527,122443.45271028578
2026-09-11 13:56:00,4.174213756868994e-07,1.1941848754304374e-07,417.4213756868994,119418.48754304374
2026-09-11 13:57:00,4.20782725996105e-07,1.1514499931308819e-07,420.782725996105,115144.99931308819
2026-09-11 13:58:00,4.2725025650725e-07,1.1210848782639005e-07,427.25025650725,112108.48782639005
2026-09-11 13:59:00,4.4737478788192675e-07,1.1172384262181367e-07,447.37478788192675,111723.84262181367
2026-09-11 14:00:00,5.03636385928985e-07,1.1575600211699566e-07,503.63638592898496,115756.00211699566
2026-09-11 14:01:00,5.83842052037653e-07,1.2163417295596446e-07,583.842052037653,121634.17295596446
2026-09-11 14:02:00,6.414786639652448e-07,1.2795948123311973e-07,641.4786639652448,127959.48123311973
2026-09-11 14:03:00,6.51329969514336e-07,1.2529925186299806e-07,651.329969514336,125299.25186299806
2026-09-11 14:04:00,6.450513296840654e-07,1.2640191471291473e-07,645.0513296840654,126401.91471291473
2026-09-11 14:05:00,6.168642698867188e-07,1.2236975521773275e-07,616.8642698867188,122369.75521773275
2026-09-11 14:06:00,5.692810418622685e-07,1.1855358650336711e-07,569.2810418622685,118553.58650336711
2026-09-11 14:07:00,5.306213211042632e-07,1.166837790833597e-07,530.6213211042632,116683.7790833597
2026-09-11 14:08:00,4.995094968762714e-07,1.1658615761689362e-07,499.50949687627144,116586.15761689362
2026-09-11 14:09:00,4.7498039634774614e-07,1.1261532506523508e-07,474.98039634774614,112615.32506523508
2026-09-11 14:10:00,4.574497722842352e-07,1.0981177211988324e-07,457.4497722842352,109811.77211988324
2026-09-11 14:11:00,4.4704518131766235e-07,1.0925354132496068e-07,447.04518131766235,109253.54132496068
2026-09-11 14:12:00,4.407111759974214e-07,1.0562852281736923e-07,440.7111759974214,105628.52281736923
2026-09-11 14:13:00,4.319827553445066e-07,1.0180178833252285e-07,431.9827553445066,101801.78833252285
2026-09-11 14:14:00,4.2940865796481376e-07,1.0272950135004066e-07,429.40865796481376,102729.50135004066
2026-09-11 14:15:00,4.240638986630074e-07,1.0253698690121382e-07,424.0638986630074,102536.98690121382
2026-09-11 14:16:00,4.249941980560834e-07,1.0217146240165675e-07,424.9941980560834,102171.46240165675
2026-09-11 14:17:00,4.2408129274917883e-07,1.0118716886609036e-07,424.08129274917883,101187.16886609036
2026-09-11 14:18:00,4.238514748067246e-07,1.0259227423148332e-07,423.8514748067246,102592.27423148332
2026-09-11 14:19:00,4.2179075876447314e-07,1.0257296167992536e-07,421.79075876447314,102572.96167992536
2026-09-11 14:20:00,4.214688829051738e-07,1.0092438174069684e-07,421.4688829051738,100924.38174069684
2026-09-11 14:21:00,4.2047813053613936e-07,1.0051121535070706e-07,420.47813053613936,100511.21535070706
2026-09-11 14:22:00,4.2288505142096255e-07,1.0137838302171076e-07,422.88505142096255,101378.38302171076
2026-09-11 14:23:00,4.224608858294232e-07,1.0061550881346193e-07,422.4608858294232,100615.50881346193
2026-09-11 14:24:00,4.231411310229305e-07,9.98703981736071e-08,423.1411310229305,99870.3981736071
2026-09-11 14:25:00,4.1886710278049577e-07,9.707054715590857e-08,418.86710278049577,97070.54715590857
2026-09-11 14:27:00,4.108579503281362e-07,9.510175402738241e-08,410.8579503281362,95101.75402738241
2026-09-11 14:28:00,4.0771919884718955e-07,9.000719813911928e-08,407.71919884718955,90007.19813911928
2026-09-11 14:29:00,4.05249323875978e-07,9.009858814579275e-08,405.249323875978,90098.58814579275
2026-09-11 14:30:00,4.053059683428728e-07,8.883310442797665e-08,405.3059683428728,88833.10442797665
2026-09-11 14:31:00,4.059026537106547e-07,9.189559335709419e-08,405.9026537106547,91895.59335709419
2026-09-11 14:32:00,4.060602520894463e-07,9.380779886214441e-08,406.0602520894463,93807.79886214441
2026-09-11 14:33:00,4.0153426539291104e-07,9.58931920536088e-08,401.53426539291104,95893.1920536088
2026-09-11 14:34:00,3.992123538409942e-07,9.32169470502231e-08,399.2123538409942,93216.9470502231
2026-09-11 14:35:00,3.9643467175665137e-07,9.330737071877593e-08,396.43467175665137,93307.37071877593
2026-09-11 14:36:00,3.950245286432619e-07,9.371780862466039e-08,395.0245286432619,93717.80862466039
2026-09-11 14:37:00,3.931447452032444e-07,9.409292545115022e-08,393.1447452032444,94092.92545115022
2026-09-11 14:38:00,3.9290492281907063e-07,9.045403714935674e-08,392.90492281907063,90454.03714935674
2026-09-11 14:39:00,3.938005477266415e-07,9.081547602818318e-08,393.8005477266415,90815.47602818318
2026-09-11 14:40:00,3.951023188619729e-07,9.205950135537933e-08,395.1023188619729,92059.50135537933
2026-09-11 14:41:00,3.918972879546345e-07,9.226530295336488e-08,391.8972879546345,92265.30295336488
2026-09-11 14:42:00,3.93450790170391e-07,9.123355226847707e-08,393.450790170391,91233.55226847707
2026-09-11 14:43:00,3.9319866118603386e-07,9.170589976292831e-08,393.19866118603386,91705.89976292831
2026-09-11 14:44:00,3.8993431417111424e-07,8.84137989487499e-08,389.93431417111424,88413.7989487499
2026-09-11 14:45:00,3.8454359696515894e-07,8.501001502736472e-08,384.54359696515894,85010.01502736472
2026-09-11 14:46:00,3.81209758870682e-07,8.310837529279524e-08,381.209758870682,83108.37529279524
2026-09-11 14:47:00,3.7983409129083157e-07,8.206411905575806e-08,379.83409129083157,82064.11905575806
2026-09-11 14:48:00,3.794567362547241e-07,8.536736118003319e-08,379.4567362547241,85367.36118003319
2026-09-11 14:49:00,3.779971393669257e-07,8.550482988312069e-08,377.9971393669257,85504.82988312069
2026-09-11 14:50:00,3.7914185213594465e-07,8.768414971882521e-08,379.14185213594465,87684.14971882521
2026-09-11 14:51:00,3.797101442160056e-07,9.146420865135951e-08,379.7101442160056,91464.20865135951
2026-09-11 14:52:00,3.787394859955384e-07,8.905548298798749e-08,378.7394859955384,89055.48298798749
2026-09-11 14:53:00,3.784522846217442e-07,8.949521657086734e-08,378.4522846217442,89495.21657086734
2026-09-11 14:54:00,3.7746116277048714e-07,9.080562080043819e-08,377.46116277048714,90805.62080043819
2026-09-11 14:55:00,3.7985614653734956e-07,9.344360307750321e-08,379.85614653734956,93443.60307750321
2026-09-11 14:56:00,3.792296752180846e-07,9.369529863079151e-08,379.2296752180846,93695.29863079151
2026-09-11 14:57:00,3.8024995774321724e-07,9.388236321683507e-08,380.24995774321724,93882.36321683507
2026-09-11 14:58:00,3.7973600797158724e-07,9.467063932788733e-08,379.73600797158724,94670.63932788733
2026-09-11 14:59:00,3.8130031043692725e-07,9.47137976936574e-08,381.30031043692725,94713.7976936574
2026-09-11 15:00:00,3.7979827993694926e-07,9.305134796022685e-08,379.79827993694926,93051.34796022685
2026-09-11 15:01:00,3.7862358226448123e-07,9.152890356745047e-08,378.62358226448123,91528.90356745047
2026-09-11 15:02:00,3.765654241760785e-07,9.162282310626324e-08,376.5654241760785,91622.82310626324
2026-09-11 15:03:00,3.7614125858453917e-07,8.964209996520367e-08,376.1412585845392,89642.09996520367
2026-09-11 15:04:00,3.739345686426532e-07,8.862811284870986e-08,373.9345686426532,88628.11284870986
2026-09-11 15:05:00,3.750110977307486e-07,8.766001258209144e-08,375.0110977307486,87660.01258209144
2026-09-11 15:06:00,3.760434879040986e-07,8.607644730318498e-08,376.0434879040986,86076.44730318498
2026-09-11 15:07:00,3.8262035673142236e-07,9.09595456732859e-08,382.62035673142236,90959.5456732859
2026-09-11 15:08:00,3.8883331399119925e-07,9.437154346869647e-08,388.83331399119925,94371.54346869647
2026-09-11 15:09:00,3.9403849427799287e-07,9.582623761161813e-08,394.03849427799287,95826.23761161813
2026-09-11 15:10:00,3.99094403746858e-07,9.827579106058693e-08,399.094403746858,98275.79106058693
2026-09-11 15:11:00,4.0129842204805755e-07,9.817991752925082e-08,401.29842204805755,98179.91752925082
2026-09-11 15:12:00,3.969541637616203e-07,9.705443915208889e-08,396.9541637616203,97054.43915208889
2026-09-11 15:13:00,3.959166292588634e-07,9.570675274517271e-08,395.9166292588634,95706.75274517271
2026-09-11 15:14:00,3.956879766064958e-07,9.383907695337257e-08,395.6879766064958,93839.07695337257
2026-09-11 15:15:00,3.95059998936631e-07,9.741059869838864e-08,395.059998936631,97410.59869838864
2026-09-11 15:16:00,3.9565932752338995e-07,1.0166202457639884e-07,395.65932752338995,101662.02457639884
2026-09-11 15:17:00,3.932573235942982e-07,1.0029793173771395e-07,393.2573235942982,100297.93173771395
2026-09-11 15:18:00,3.94029058270462e-07,1.0282734308475483e-07,394.029058270462,102827.34308475483
2026-09-11 15:19:00,3.9548024233226897e-07,1.0415219264814368e-07,395.480242332269,104152.19264814368
2026-09-11 15:20:00,3.9289980691137316e-07,1.0554362006587326e-07,392.89980691137316,105543.62006587326
2026-09-11 15:21:00,3.919658979611995e-07,1.0299527275492437e-07,391.9658979611995,102995.27275492437
2026-09-11 15:22:00,3.8887287701072637e-07,1.0021007312843722e-07,388.87287701072637,100210.07312843722
2026-09-11 15:23:00,3.868779288040969e-07,9.667702727256255e-08,386.8779288040969,96677.02727256255
2026-09-11 15:24:00,3.846055278700078e-07,9.299264291939835e-08,384.6055278700078,92992.64291939835
2026-09-11 15:25:00,3.8410294678214996e-07,9.49354941326419e-08,384.10294678214996,94935.4941326419
2026-09-11 15:26:00,3.870532907512825e-07,9.86790382739855e-08,387.0532907512825,98679.0382739855
2026-09-11 15:27:00,3.858242507703835e-07,1.0112897541603161e-07,385.8242507703835,101128.97541603161
2026-09-11 15:28:00,3.8427717186095833e-07,1.0126995420023377e-07,384.27717186095833,101269.95420023377
2026-09-11 15:29:00,3.7892272075623623e-07,9.744127993371876e-08,378.92272075623623,97441.27993371876
2026-09-11 15:30:00,3.7560027976724086e-07,9.606156936570187e-08,375.60027976724086,96061.56936570187
2026-09-11 15:31:00,3.7714241329922515e-07,9.683284929451474e-08,377.14241329922515,96832.84929451474
2026-09-11 15:32:00,3.7774498196085915e-07,9.904729836307524e-08,377.74498196085915,99047.29836307524
2026-09-11 15:33:00,3.7694479715355556e-07,1.0056096755306498e-07,376.94479715355556,100560.96755306498
2026-09-11 15:34:00,3.7558072563115275e-07,1.0250615645190919e-07,375.58072563115275,102506.15645190919
2026-09-11 15:35:00,3.7490747217816534e-07,1.0106415970767557e-07,374.90747217816534,101064.15970767557
2026-09-11 15:36:00,3.74973552652591e-07,1.0137833328371926e-07,374.973552652591,101378.33328371926
2026-09-11 15:37:00,3.720519998751115e-07,9.984358229075951e-08,372.0519998751115,99843.58229075951
2026-09-11 15:38:00,3.7201371583250875e-07,9.700820413627298e-08,372.01371583250875,97008.20413627298
2026-09-11 15:39:00,3.7328496205191186e-07,9.569370718054415e-08,373.28496205191186,95693.70718054415
2026-09-11 15:40:00,3.700104684867256e-07,9.643589748975501e-08,370.0104684867256,96435.897489755
2026-09-11 15:41:00,3.701904347508389e-07,9.640231013463563e-08,370.1904347508389,96402.31013463563
2026-09-11 15:42:00,3.6787105273106135e-07,9.716070081822181e-08,367.87105273106135,97160.70081822181
2026-09-11 15:43:00,3.6924191704201803e-07,9.671335732264197e-08,369.24191704201803,96713.35732264197
2026-09-11 15:44:00,3.687872833779693e-07,9.745672002736683e-08,368.7872833779693,97456.72002736683
2026-09-11 15:45:00,3.6993142771279963e-07,9.476406859221242e-08,369.93142771279963,94764.06859221242
2026-09-11 15:46:00,3.6942944348083984e-07,9.643862597386033e-08,369.42944348083984,96438.62597386033
2026-09-11 15:47:00,3.669052830446162e-07,9.216729068839413e-08,366.9052830446162,92167.29068839413
2026-09-11 15:48:00,3.637323402472248e-07,8.726233602374123e-08,363.7323402472248,87262.33602374123
2026-09-11 15:49:00,3.647541007012478e-07,8.97917473707821e-08,364.7541007012478,89791.7473707821
2026-09-11 15:50:00,3.646819095592946e-07,9.013560031689849e-08,364.6819095592946,90135.60031689849
2026-09-11 15:51:00,3.662825918127055e-07,9.168363135358959e-08,366.2825918127055,91683.63135358959
2026-09-11 15:52:00,3.662477183752344e-07,9.198335249038792e-08,366.2477183752344,91983.35249038792
2026-09-11 15:53:00,3.6687055171569227e-07,9.323048999476669e-08,366.8705517156923,93230.48999476669
2026-09-11 15:54:00,3.6729997532347625e-07,9.450905480434812e-08,367.29997532347625,94509.05480434812
2026-09-11 15:55:00,3.679358826502721e-07,9.51727443521122e-08,367.9358826502721,95172.7443521122
2026-09-11 15:56:00,3.6913891676704225e-07,9.567710179680944e-08,369.13891676704225,95677.10179680944
2026-09-11 15:57:00,3.696964085975196e-07,9.569350112315078e-08,369.6964085975196,95693.50112315078
2026-09-11 15:58:00,3.6890818932988623e-07,9.407615664258628e-08,368.9081893298862,94076.15664258628
2026-09-11 15:59:00,3.710189560024446e-07,9.386722155113603e-08,371.0189560024446,93867.22155113603
2026-09-11 16:00:00,3.71665265674892e-07,1.0004976758182238e-07,371.665265674892,100049.76758182238
2026-09-11 16:01:00,3.714258411946503e-07,9.819849111636358e-08,371.4258411946503,98198.49111636358
2026-09-11 16:02:00,3.710219402819348e-07,9.292547531458695e-08,371.0219402819348,92925.47531458695
2026-09-11 16:03:00,3.6773877809537225e-07,8.98270755556041e-08,367.73877809537225,89827.0755556041
2026-09-11 16:04:00,3.6696533811664267e-07,8.772294535219771e-08,366.96533811664267,87722.94535219771
2026-09-11 16:05:00,3.645294555099099e-07,8.621670133379666e-08,364.5294555099099,86216.70133379666
2026-09-11 16:06:00,3.6564156857821217e-07,8.39216056647274e-08,365.6415685782122,83921.6056647274
2026-09-11 16:07:00,3.629459968124138e-07,8.597574918667306e-08,362.9459968124138,85975.74918667306
2026-09-11 16:08:00,3.628653075793409e-07,8.545264051917911e-08,362.8653075793409,85452.64051917911
2026-09-11 16:09:00,3.6307915252109524e-07,8.571936405132874e-08,363.07915252109524,85719.36405132874
2026-09-11 16:10:00,3.617709580794326e-07,8.344066770860081e-08,361.7709580794326,83440.66770860081
2026-09-11 16:11:00,3.5909448570237146e-07,8.166359322103744e-08,359.09448570237146,81663.59322103744
2026-09-11 16:12:00,3.584934518130467e-07,7.954560743428374e-08,358.4934518130467,79545.60743428374
2026-09-11 16:13:00,3.5585509294833173e-07,7.894302456179503e-08,355.85509294833173,78943.02456179503
2026-09-11 16:14:00,3.582295562409854e-07,8.02706026092892e-08,358.2295562409854,80270.6026092892
2026-09-11 16:15:00,3.574180311716191e-07,8.036080600959394e-08,357.4180311716191,80360.80600959394
2026-09-11 16:16:00,3.591709969441581e-07,8.675326057527855e-08,359.1709969441581,86753.26057527855
2026-09-11 16:17:00,3.5979249446427275e-07,8.459855393994076e-08,359.79249446427275,84598.55393994076
2026-09-11 16:18:00,3.621660198405152e-07,8.500781945031122e-08,362.1660198405152,85007.81945031122
2026-09-11 16:19:00,3.606522795962519e-07,8.638166804075809e-08,360.6522795962519,86381.66804075809
2026-09-11 16:20:00,3.623118516316026e-07,8.567013765059528e-08,362.3118516316026,85670.13765059528
2026-09-11 16:21:00,3.6417259252630174e-07,8.274083285186862e-08,364.17259252630174,82740.83285186862
2026-09-11 16:22:00,3.63602794095641e-07,8.458975742087205e-08,363.602794095641,84589.75742087205
2026-09-11 16:23:00,3.640289492068405e-07,8.595988987281089e-08,364.0289492068405,85959.88987281089
2026-09-11 16:24:00,3.6386870760907186e-07,8.456689926106264e-08,363.86870760907186,84566.89926106264
2026-09-11 16:25:00,3.6324320262792753e-07,8.279510410602597e-08,363.24320262792753,82795.10410602597
2026-09-11 16:26:00,3.6588872376341897e-07,8.239696569489752e-08,365.88872376341897,82396.96569489752
2026-09-11 16:27:00,3.681588225390442e-07,8.2251489175178e-08,368.1588225390442,82251.489175178
2026-09-11 16:28:00,3.6564622973855876e-07,8.337365642319128e-08,365.64622973855876,83373.65642319128
2026-09-11 16:29:00,3.616875687839638e-07,8.1962504339117e-08,361.6875687839638,81962.504339117
2026-09-11 16:30:00,3.596866520183539e-07,8.09180491501138e-08,359.6866520183539,80918.0491501138
2026-09-11 16:31:00,3.597288866785675e-07,8.028208497989908e-08,359.7288866785675,80282.08497989908
2026-09-11 16:32:00,3.611503416323103e-07,8.082061242475902e-08,361.1503416323103,80820.61242475902
2026-09-11 16:33:00,3.6597901953427936e-07,8.116681016190341e-08,365.97901953427936,81166.81016190341
2026-09-11 16:34:00,3.651002487004007e-07,8.018249531005495e-08,365.1002487004007,80182.49531005495
2026-09-11 16:35:00,3.6262139246900915e-07,7.978592009294516e-08,362.62139246900915,79785.92009294516
2026-09-11 16:36:00,3.662096901280165e-07,7.816935010396264e-08,366.2096901280165,78169.35010396264
2026-09-11 16:37:00,3.666044392502954e-07,7.773918042630612e-08,366.6044392502954,77739.18042630612
2026-09-11 16:38:00,3.6416005855244293e-07,7.6140977967043e-08,364.16005855244293,76140.977967043
2026-09-11 16:39:00,3.6401965530785674e-07,7.425474990441217e-08,364.01965530785674,74254.74990441217
2026-09-11 16:40:00,3.6222121480022906e-07,7.407803082060127e-08,362.22121480022906,74078.03082060127
2026-09-11 16:41:00,3.6232179922990326e-07,7.580022298725453e-08,362.32179922990326,75800.22298725453
2026-09-11 16:42:00,3.652313864677126e-07,7.896344556002077e-08,365.2313864677126,78963.44556002077
2026-09-11 16:43:00,3.685576928091905e-07,7.956054304258942e-08,368.5576928091905,79560.54304258942
2026-09-11 16:44:00,3.7373945360741345e-07,8.117280714259323e-08,373.73945360741345,81172.80714259323
2026-09-11 16:45:00,3.6689641547127394e-07,8.319629074549084e-08,366.89641547127394,83196.29074549084
2026-09-11 16:46:00,3.6787966450901877e-07,8.235236492737386e-08,367.87966450901877,82352.36492737386
2026-09-11 16:47:00,3.6950265780433256e-07,8.459590361553637e-08,369.50265780433256,84595.90361553637
2026-09-11 16:48:00,3.6803419334319187e-07,8.464100176297507e-08,368.0341933431919,84641.00176297507
2026-09-11 16:49:00,3.6786124724130786e-07,8.25823676109394e-08,367.86124724130786,82582.3676109394
2026-09-11 16:50:00,3.672334685234091e-07,8.023884134900072e-08,367.2334685234091,80238.84134900072
2026-09-11 16:51:00,3.694468659887207e-07,8.10267124506936e-08,369.4468659887207,81026.7124506936
2026-09-11 16:52:00,3.6880715015286114e-07,8.410752627696638e-08,368.80715015286114,84107.52627696638
2026-09-11 16:53:00,3.690454661864351e-07,8.152910879744013e-08,369.0454661864351,81529.10879744013
2026-09-11 16:54:00,3.687468961288687e-07,8.296524356410373e-08,368.7468961288687,82965.24356410373
2026-09-11 16:55:00,3.674707045320247e-07,8.232927228846165e-08,367.4707045320247,82329.27228846165
2026-09-11 16:56:00,3.6825264260187396e-07,8.229528702941025e-08,368.25264260187396,82295.28702941025
2026-09-11 16:57:00,3.668868657769053e-07,7.92408272332068e-08,366.8868657769053,79240.8272332068
2026-09-11 16:58:00,3.6769017697224626e-07,8.228960979295152e-08,367.69017697224626,82289.60979295152
2026-09-11 16:59:00,3.678242705973389e-07,8.282500374434676e-08,367.8242705973389,82825.00374434676
2026-09-11 17:00:00,3.6706299511024554e-07,7.926657730195075e-08,367.06299511024554,79266.57730195075
2026-09-11 17:01:00,3.657638671938912e-07,7.804521828802535e-08,365.7638671938912,78045.21828802535
2026-09-11 17:02:00,3.6377204537529906e-07,7.892797526665163e-08,363.77204537529906,78927.97526665163
2026-09-11 17:03:00,3.6219051935404423e-07,7.660125334041368e-08,362.1905193540442,76601.25334041368
2026-09-11 17:04:00,3.6278964898883714e-07,7.694587367268468e-08,362.78964898883714,76945.87367268468
2026-09-11 17:05:00,3.6256082580621296e-07,7.577391869517669e-08,362.56082580621296,75773.91869517669
2026-09-11 17:06:00,3.6154889926365286e-07,7.466640283837478e-08,361.54889926365286,74666.40283837478
2026-09-11 17:07:00,3.622711517436983e-07,7.53886553184202e-08,362.2711517436983,75388.6553184202
2026-09-11 17:08:00,3.6181614859742695e-07,7.74127286717885e-08,361.81614859742695,77412.7286717885
2026-09-11 17:09:00,3.628810532063653e-07,7.634952225998859e-08,362.8810532063653,76349.52225998859
2026-09-11 17:10:00,3.6069755537937453e-07,7.290024939266004e-08,360.69755537937453,72900.24939266004
2026-09-11 17:11:00,3.5697968314707396e-07,7.629933662656185e-08,356.97968314707396,76299.33662656185
2026-09-11 17:12:00,3.576364235868823e-07,7.512640110007851e-08,357.6364235868823,75126.40110007851
2026-09-11 17:13:00,3.575572407044092e-07,7.376660704494498e-08,357.5572407044092,73766.60704494498
2026-09-11 17:14:00,3.578832092898665e-07,7.781180499932816e-08,357.8832092898665,77811.80499932816
2026-09-11 17:15:00,3.5364104178370326e-07,7.942210089595392e-08,353.64104178370326,79422.10089595392
2026-09-11 17:16:00,3.531155527980445e-07,7.949844160748398e-08,353.1155527980445,79498.44160748398
2026-09-11 17:17:00,3.5128476838508504e-07,7.881736507897585e-08,351.28476838508504,78817.36507897585
2026-09-11 17:18:00,3.5083922966805403e-07,7.810329094581903e-08,350.83922966805403,78103.29094581903
2026-09-11 17:19:00,3.5026806699534063e-07,7.900186460574332e-08,350.26806699534063,79001.86460574332
2026-09-11 17:20:00,3.470976821517979e-07,7.707289029212916e-08,347.0976821517979,77072.89029212916
2026-09-11 17:21:00,3.478451446881081e-07,7.65165850680205e-08,347.8451446881081,76516.5850680205
2026-09-11 17:22:00,3.4885437116827234e-07,7.694126935575696e-08,348.85437116827234,76941.26935575696
2026-09-11 17:23:00,3.4634109624676057e-07,7.916976585420343e-08,346.34109624676057,79169.76585420343
2026-09-11 17:24:00,3.4681556826399174e-07,7.741124363747076e-08,346.81556826399174,77411.24363747076
2026-09-11 17:25:00,3.469197622507636e-07,7.693871850733558e-08,346.9197622507636,76938.71850733558
2026-09-11 17:26:00,3.463018458660372e-07,7.86899931881635e-08,346.3018458660372,78689.9931881635
2026-09-11 17:27:00,3.4651625924198015e-07,7.864097995025077e-08,346.51625924198015,78640.97995025077
2026-09-11 17:28:00,3.4568429896353337e-07,7.772129606564704e-08,345.68429896353337,77721.29606564704
2026-09-11 17:29:00,3.4679791838243545e-07,7.658233869278774e-08,346.79791838243545,76582.33869278774
2026-09-11 17:30:00,3.453158399224776e-07,7.564448623043063e-08,345.3158399224776,75644.48623043063
2026-09-11 17:31:00,3.478957921743131e-07,7.698885440277081e-08,347.8957921743131,76988.85440277081
2026-09-11 17:32:00,3.4579204566398403e-07,7.569076387881069e-08,345.792045663984,75690.76387881069
2026-09-11 17:33:00,3.4597312037476513e-07,7.68445502785653e-08,345.97312037476513,76844.5502785653
2026-09-11 17:34:00,3.461433948359627e-07,7.858412232053524e-08,346.1433948359627,78584.12232053524
2026-09-11 17:35:00,3.4632162737580074e-07,7.310804051030573e-08,346.32162737580074,73108.04051030573
2026-09-11 17:36:00,3.470825333806715e-07,7.498956478002583e-08,347.0825333806715,74989.56478002583
2026-09-11 17:37:00,3.470340175226738e-07,7.69001715639206e-08,347.0340175226738,76900.1715639206
2026-09-11 17:38:00,3.459094273239316e-07,7.644209176760342e-08,345.9094273239316,76442.09176760342
2026-09-11 17:39:00,3.449986536452343e-07,7.408392832530808e-08,344.9986536452343,74083.92832530808
2026-09-11 17:40:00,3.4370091839264205e-07,7.32435196937331e-08,343.70091839264205,73243.5196937331
2026-09-11 17:41:00,3.450541612437519e-07,7.269074586702118e-08,345.0541612437519,72690.74586702118
2026-09-11 17:42:00,3.4611019827934797e-07,7.621675024438446e-08,346.11019827934797,76216.75024438446
2026-09-11 17:43:00,3.4687184324866394e-07,1.3119363018176955e-07,346.87184324866394,131193.63018176955
2026-09-11 17:44:00,3.4854105024351156e-07,7.89515581800515e-08,348.54105024351156,78951.5581800515
2026-09-11 17:45:00,3.4842585705519014e-07,7.510668353916117e-08,348.42585705519014,75106.68353916117
2026-09-11 17:46:00,3.4759483469315455e-07,7.706650251293468e-08,347.59483469315455,77066.50251293468
2026-09-11 17:47:00,3.4704797258200415e-07,7.518301714526388e-08,347.04797258200415,75183.01714526388
2026-09-11 17:48:00,3.4736581255856436e-07,7.190869411033418e-08,347.36581255856436,71908.69411033418
2026-09-11 17:49:00,3.466611815383658e-07,7.165564142042058e-08,346.6611815383658,71655.64142042058
2026-09-11 17:50:00,3.4632967071956955e-07,6.970829957708702e-08,346.32967071956955,69708.29957708702
2026-09-11 17:51:00,3.4694244277488906e-07,7.119403022670667e-08,346.94244277488906,71194.03022670667
2026-09-11 17:52:00,3.445873346663575e-07,6.995782797503125e-08,344.5873346663575,69957.82797503125
2026-09-11 17:53:00,3.4727185038718744e-07,6.904284788333825e-08,347.27185038718744,69042.84788333825
2026-09-11 17:54:00,3.45734264328712e-07,7.074765306924746e-08,345.734264328712,70747.65306924746
2026-09-11 17:55:00,3.469492355634429e-07,7.120514311509396e-08,346.9492355634429,71205.14311509396
2026-09-11 17:56:00,3.5351649785297923e-07,6.977973754374034e-08,353.5164978529792,69779.73754374034
2026-09-11 17:57:00,3.6781588619305694e-07,6.918048711668234e-08,367.81588619305694,69180.48711668234
2026-09-11 17:58:00,3.7314489986783883e-07,7.083980335664819e-08,373.14489986783883,70839.80335664819
2026-09-11 17:59:00,3.769185923374607e-07,7.049224137745114e-08,376.9185923374607,70492.24137745114
2026-09-11 18:00:00,3.7922347928542877e-07,7.067968255114465e-08,379.22347928542877,70679.68255114465
2026-09-11 18:01:00,3.714607146321214e-07,7.056877393551986e-08,371.4607146321214,70568.77393551986
2026-09-11 18:02:00,3.692113352826709e-07,6.911467664849624e-08,369.2113352826709,69114.67664849624
2026-09-11 18:03:00,3.624826376835699e-07,6.734288149345957e-08,362.4826376835699,67342.88149345957
2026-09-11 18:04:00,3.5645956586449756e-07,6.699551846622853e-08,356.45956586449756,66995.51846622853
2026-09-11 18:05:00,3.5092216421617195e-07,6.634450500087041e-08,350.92216421617195,66344.50500087041
2026-09-11 18:06:00,3.5000232401216635e-07,6.719935896626339e-08,350.00232401216635,67199.35896626339
2026-09-11 18:07:00,3.5523927977010317e-07,6.824067355637453e-08,355.23927977010317,68240.67355637453
2026-09-11 18:08:00,3.57024390496008e-07,6.941184693687319e-08,357.024390496008,69411.84693687319
2026-09-11 18:09:00,3.581389762530307e-07,6.86060133148203e-08,358.1389762530307,68606.0133148203
2026-09-11 18:10:00,3.5790029073723417e-07,7.082026343141479e-08,357.9002907372342,70820.26343141479
2026-09-11 18:11:00,3.5403513720666524e-07,7.002847723924788e-08,354.03513720666524,70028.47723924788
2026-09-11 18:12:00,3.5079617077826697e-07,6.768789262423525e-08,350.79617077826697,67687.89262423525
2026-09-11 18:13:00,3.478735663975385e-07,6.555095666271882e-08,347.8735663975385,65550.95666271882
2026-09-11 18:14:00,3.4496403600314807e-07,6.591472612171856e-08,344.96403600314807,65914.72612171856
2026-09-11 18:15:00,3.4480586919016787e-07,6.917382222582091e-08,344.80586919016787,69173.82222582091
2026-09-11 18:16:00,3.454072725617152e-07,6.934681806569643e-08,345.4072725617152,69346.81806569643
2026-09-11 18:17:00,3.440178488745005e-07,6.980253886013088e-08,344.0178488745005,69802.53886013088
2026-09-11 18:18:00,3.430322976782918e-07,6.917323247535023e-08,343.0322976782918,69173.23247535023
2026-09-11 18:19:00,3.450880967648118e-07,6.929838747282702e-08,345.0880967648118,69298.38747282702
2026-09-11 18:20:00,3.455307648891903e-07,7.151204783895082e-08,345.5307648891903,71512.04783895082
2026-09-11 18:21:00,3.450900010193436e-07,7.061308338052186e-08,345.0900010193436,70613.08338052186
2026-09-11 18:22:00,3.452695693795249e-07,6.895004389662063e-08,345.2695693795249,68950.04389662063
2026-09-11 18:23:00,3.4414438232488465e-07,6.68306867623869e-08,344.14438232488465,66830.6867623869
2026-09-11 18:24:00,3.419044389829651e-07,6.398281016117835e-08,341.9044389829651,63982.81016117835
2026-09-11 18:25:00,3.399861725483788e-07,6.340017222328242e-08,339.9861725483788,63400.172223282425
2026-09-11 18:26:00,3.425174099902506e-07,6.682892461640222e-08,342.5174099902506,66828.92461640222
2026-09-11 18:27:00,3.435641815485724e-07,6.322403578451485e-08,343.5641815485724,63224.035784514854
2026-09-11 18:28:00,3.439750457800983e-07,6.283039510890376e-08,343.9750457800983,62830.39510890376
2026-09-11 18:29:00,3.431126174291421e-07,6.098129290421639e-08,343.1126174291421,60981.29290421639
2026-09-11 18:30:00,3.446444623023126e-07,5.8210925857338225e-08,344.6444623023126,58210.925857338225
2026-09-11 18:31:00,3.454860575402563e-07,5.903395106088283e-08,345.4860575402563,59033.95106088283
2026-09-11 18:32:00,3.445654783718055e-07,6.071045532962671e-08,344.5654783718055,60710.45532962671
2026-09-11 18:33:00,3.430641015711444e-07,5.81312598058048e-08,343.0641015711444,58131.2598058048
2026-09-11 18:34:00,3.43006888670061e-07,5.887422105388396e-08,343.006888670061,58874.22105388396
2026-09-11 18:35:00,3.5120436336910643e-07,5.914623102398764e-08,351.20436336910643,59146.23102398764
2026-09-11 18:36:00,3.6104680134485534e-07,5.957326720817946e-08,361.04680134485534,59573.26720817946
2026-09-11 18:37:00,3.6217025467522035e-07,5.844855976988583e-08,362.17025467522035,58448.55976988583
2026-09-11 18:38:00,3.6163797290100774e-07,5.778624512231545e-08,361.63797290100774,57786.24512231545
2026-09-11 18:39:00,3.587413459626987e-07,6.035001831605769e-08,358.7413459626987,60350.018316057685
2026-09-11 18:40:00,3.5692059441316815e-07,5.735842734111429e-08,356.92059441316815,57358.42734111429
2026-09-11 18:41:00,3.587860533116327e-07,5.935282132440989e-08,358.7860533116327,59352.82132440989
2026-09-11 18:42:00,3.5939976328336343e-07,6.144054509604757e-08,359.3997632833634,61440.54509604757
2026-09-11 18:43:00,3.5718466051548603e-07,5.970195360305297e-08,357.18466051548603,59701.95360305297
2026-09-11 18:44:00,3.554933130089921e-07,6.055817891592596e-08,355.4933130089921,60558.178915925964
2026-09-11 18:45:00,3.5329617276147474e-07,5.98743596924578e-08,353.29617276147474,59874.3596924578
2026-09-11 18:46:00,3.504463279568881e-07,5.9102315930203986e-08,350.4463279568881,59102.315930203986
2026-09-11 18:47:00,3.501409935324773e-07,5.687381587904383e-08,350.1409935324773,56873.81587904383
2026-09-11 18:48:00,3.509481132368819e-07,5.516587719966992e-08,350.9481132368819,55165.87719966992
2026-09-11 18:49:00,3.4999399645130325e-07,5.6716441321214006e-08,349.99399645130325,56716.441321214006
2026-09-11 18:50:00,3.5173272294741764e-07,5.7412151477365114e-08,351.73272294741764,57412.151477365114
2026-09-11 18:51:00,3.554046941189881e-07,5.706517924863874e-08,355.4046941189881,57065.17924863874
2026-09-11 18:52:00,3.5885088323084346e-07,5.8079955067569244e-08,358.85088323084346,58079.955067569244
2026-09-11 18:53:00,3.6877133879897883e-07,5.758809251688035e-08,368.77133879897883,57588.09251688035
2026-09-11 18:54:00,3.798450620706717e-07,5.6263459669025906e-08,379.8450620706717,56263.459669025906
2026-09-11 18:55:00,3.7659339113815804e-07,5.6420443428351064e-08,376.59339113815804,56420.44342835106
2026-09-11 18:56:00,3.759696483029984e-07,5.795597957103382e-08,375.9696483029984,57955.97957103382
2026-09-11 18:57:00,3.719580377037346e-07,5.680179526734719e-08,371.9580377037346,56801.79526734719
2026-09-11 18:58:00,3.689706886689237e-07,5.691427418241801e-08,368.9706886689237,56914.27418241801
2026-09-11 18:59:00,3.6649475987360347e-07,5.5634934881254594e-08,366.49475987360347,55634.934881254594
2026-09-11 19:00:00,3.6612121334655967e-07,5.6300780926221705e-08,366.12121334655967,56300.780926221705
2026-09-11 19:01:00,3.6420064475350955e-07,5.592139018517628e-08,364.20064475350955,55921.39018517628
2026-09-11 19:02:00,3.62951226406949e-07,5.460944052515515e-08,362.951226406949,54609.44052515515
2026-09-11 19:03:00,3.6158834859634226e-07,5.6318555152756744e-08,361.58834859634226,56318.555152756744
2026-09-11 19:04:00,3.588151855637989e-07,5.274412018252406e-08,358.8151855637989,52744.12018252406
2026-09-11 19:05:00,3.5687264698935905e-07,5.543383352346609e-08,356.87264698935905,55433.83352346609
2026-09-11 19:06:00,3.548850315837626e-07,5.776017175662673e-08,354.8850315837626,57760.17175662673
2026-09-11 19:07:00,3.526036493894935e-07,5.757351573265623e-08,352.6036493894935,57573.51573265623
2026-09-11 19:08:00,3.5235342465966824e-07,5.9550327335955444e-08,352.35342465966824,59550.327335955444
2026-09-11 19:09:00,3.4967308693012455e-07,5.841353001301286e-08,349.67308693012455,58413.53001301286
2026-09-11 19:10:00,3.492885696232406e-07,5.78302952192189e-08,349.2885696232406,57830.2952192189
2026-09-11 19:11:00,3.492521898351697e-07,5.877690867350793e-08,349.2521898351697,58776.90867350793
2026-09-11 19:12:00,3.4848392260755645e-07,5.8085703358301544e-08,348.48392260755645,58085.70335830154
2026-09-11 19:13:00,3.480418229173665e-07,6.118683160138971e-08,348.0418229173665,61186.83160138971
2026-09-11 19:14:00,3.477813663721463e-07,6.030210641938538e-08,347.7813663721463,60302.10641938538
2026-09-11 19:15:00,3.4678006954891316e-07,6.026930066127534e-08,346.78006954891316,60269.30066127534
2026-09-11 19:16:00,3.4610212651386973e-07,5.986219520082159e-08,346.10212651386973,59862.19520082159
2026-09-11 19:17:00,3.452506973644631e-07,5.8329018060021554e-08,345.2506973644631,58329.01806002155
2026-09-11 19:18:00,3.4594492603901017e-07,5.8551421489028144e-08,345.94492603901017,58551.421489028144
2026-09-11 19:19:00,3.467437466042611e-07,5.78272114637457e-08,346.7437466042611,57827.2114637457
2026-09-11 19:20:00,3.46835065556661e-07,5.6815373739027564e-08,346.835065556661,56815.373739027564
2026-09-11 19:21:00,3.461211406374787e-07,5.73552760840812e-08,346.1211406374787,57355.2760840812
2026-09-11 19:22:00,3.447792380484316e-07,5.65636888438803e-08,344.7792380484316,56563.6888438803
2026-09-11 19:23:00,3.4594117437336536e-07,5.617102871724455e-08,345.94117437336536,56171.02871724455
2026-09-11 19:24:00,3.45523346823029e-07,5.5683472055534367e-08,345.523346823029,55683.47205553437
2026-09-11 19:25:00,3.475240362149634e-07,5.5952739330678014e-08,347.5240362149634,55952.739330678014
2026-09-11 19:26:00,3.498427929571335e-07,5.845187800446183e-08,349.8427929571335,58451.87800446183
2026-09-11 19:27:00,3.4705013263192086e-07,5.533943792102036e-08,347.05013263192086,55339.43792102036
2026-09-11 19:28:00,3.465517579570587e-07,5.564170635352639e-08,346.5517579570587,55641.70635352639
2026-09-11 19:29:00,3.4713292507149163e-07,5.796823998593936e-08,347.1329250714916,57968.23998593936
2026-09-11 19:30:00,3.467042688498623e-07,5.6405777826284975e-08,346.7042688498623,56405.777826284975
2026-09-11 19:31:00,3.459649633441586e-07,5.570928252041085e-08,345.9649633441586,55709.28252041085
2026-09-11 19:32:00,3.4579505836518365e-07,5.570987227088153e-08,345.79505836518365,55709.87227088153
2026-09-11 19:33:00,3.454451871220954e-07,5.542772996136591e-08,345.4451871220954,55427.72996136591
2026-09-11 19:34:00,3.467666260803526e-07,5.5636473206277515e-08,346.7666260803526,55636.473206277515
2026-09-11 19:35:00,3.4953015415339905e-07,5.585966178500712e-08,349.53015415339905,55859.66178500712
2026-09-11 19:36:00,3.4893065503638354e-07,5.4818737993400646e-08,348.93065503638354,54818.737993400646
2026-09-11 19:37:00,3.4919091262963775e-07,5.454868912124766e-08,349.19091262963775,54548.68912124766
2026-09-11 19:38:00,3.4875108667620225e-07,5.6687387228748776e-08,348.75108667620225,56687.387228748776
2026-09-11 19:39:00,3.4569643503346015e-07,5.583605755532517e-08,345.69643503346015,55836.05755532517
2026-09-11 19:40:00,3.428671959682106e-07,5.411288839241024e-08,342.8671959682106,54112.88839241024
2026-09-11 19:41:00,3.4152739658566134e-07,5.580657713721848e-08,341.52739658566134,55806.57713721848
2026-09-11 19:42:00,3.4403333870614006e-07,5.258577218114624e-08,344.03333870614006,52585.77218114624
2026-09-11 19:43:00,3.531683319124568e-07,5.663175528525244e-08,353.1683319124568,56631.75528525244
2026-09-11 19:44:00,3.7087710325067746e-07,5.500406885516895e-08,370.87710325067746,55004.06885516895
2026-09-11 19:45:00,3.6997283814343973e-07,5.4661203563455274e-08,369.97283814343973,54661.203563455274
2026-09-11 19:46:00,3.5952831467511714e-07,5.35544693036627e-08,359.52831467511714,53554.4693036627
2026-09-11 19:47:00,3.531653476329666e-07,5.444193007519971e-08,353.1653476329666,54441.93007519971
2026-09-11 19:48:00,3.500544494272617e-07,5.4888108280692904e-08,350.0544494272617,54888.108280692904
2026-09-11 19:49:00,3.470427714091784e-07,5.41133147180517e-08,347.0427714091784,54113.3147180517
2026-09-11 19:50:00,3.4739775855996413e-07,5.454309359720355e-08,347.39775855996413,54543.09359720355
2026-09-11 19:51:00,3.4753529121189786e-07,5.376928058353769e-08,347.53529121189786,53769.28058353769
2026-09-11 19:52:00,3.453118324614479e-07,5.24134016188782e-08,345.3118324614479,52413.4016188782
2026-09-11 19:53:00,3.445836966875504e-07,5.146365467112446e-08,344.5836966875504,51463.65467112446
2026-09-11 19:54:00,3.4548403959888674e-07,5.010601356048028e-08,345.48403959888674,50106.01356048028
2026-09-11 19:55:00,3.443370815148228e-07,5.246359080501861e-08,344.3370815148228,52463.59080501861
2026-09-11 19:56:00,3.4354340527897875e-07,5.295584770692585e-08,343.54340527897875,52955.84770692585
2026-09-11 19:57:00,3.463312054918788e-07,5.504690037128057e-08,346.3312054918788,55046.90037128057
2026-09-11 19:58:00,3.4532212112026173e-07,5.342038633671109e-08,345.3221211202617,53420.38633671109
2026-09-11 19:59:00,3.465519000656059e-07,5.386558399322894e-08,346.5519000656059,53865.58399322894
2026-09-11 20:00:00,3.487818105440965e-07,5.510158729293835e-08,348.7818105440965,55101.58729293835
2026-09-11 20:01:00,3.474959839877556e-07,5.5353080341546956e-08,347.4959839877556,55353.080341546956
2026-09-11 20:02:00,3.452155112881883e-07,5.3127116927953466e-08,345.2155112881883,53127.116927953466
2026-09-11 20:03:00,3.449213465955836e-07,5.176830342179528e-08,344.9213465955836,51768.30342179528
2026-09-11 20:04:00,3.462193092218513e-07,5.319409979165357e-08,346.2193092218513,53194.09979165357
2026-09-11 20:05:00,3.48596813637414e-07,5.3480942341366244e-08,348.596813637414,53480.942341366244
2026-09-11 20:06:00,3.4484864386286063e-07,5.438500139121061e-08,344.8486438628606,54385.00139121061
2026-09-11 20:07:00,3.4476096288926783e-07,5.343936138046956e-08,344.76096288926783,53439.36138046956
2026-09-11 20:08:00,3.4716194363682007e-07,5.201884789585165e-08,347.16194363682007,52018.84789585165
2026-09-11 20:09:00,3.438981082126702e-07,5.192199381554019e-08,343.8981082126702,51921.99381554019
2026-09-11 20:10:00,3.4232209600304486e-07,5.277997416897051e-08,342.32209600304486,52779.97416897051
2026-09-11 20:11:00,3.4234770396324166e-07,5.877721065417063e-08,342.34770396324166,58777.21065417063
2026-09-11 20:12:00,3.428961008467013e-07,5.294400295952073e-08,342.8961008467013,52944.00295952073
2026-09-11 20:13:00,3.4261290693393676e-07,5.406792524809134e-08,342.61290693393676,54067.92524809134
2026-09-11 20:14:00,3.4162732731601864e-07,5.47513430149138e-08,341.62732731601864,54751.3430149138
2026-09-11 20:15:00,3.432531912039849e-07,5.234788247321376e-08,343.2531912039849,52347.88247321376
2026-09-11 20:16:00,3.4579076668705966e-07,5.075358444628364e-08,345.79076668705966,50753.58444628364
2026-09-11 20:17:00,3.4719951713668706e-07,5.091116150879316e-08,347.19951713668706,50911.16150879316
2026-09-11 20:18:00,3.4938591397803975e-07,4.97767054241649e-08,349.38591397803975,49776.7054241649
2026-09-11 20:19:00,3.567540716176154e-07,5.011216686057196e-08,356.7540716176154,50112.16686057196
2026-09-11 20:20:00,3.6978039474888647e-07,5.31818606930301e-08,369.78039474888647,53181.8606930301
2026-09-11 20:21:00,3.664410144210706e-07,5.024221749749813e-08,366.4410144210706,50242.21749749813
2026-09-11 20:22:00,3.623412681008631e-07,4.926494057144737e-08,362.3412681008631,49264.94057144737
2026-09-11 20:23:00,3.561466144219594e-07,4.85844573461236e-08,356.1466144219594,48584.4573461236
2026-09-11 20:24:00,3.524573628510552e-07,4.7355491972211894e-08,352.4573628510552,47355.491972211894
2026-09-11 20:25:00,3.529441698901792e-07,5.165551897334808e-08,352.9441698901792,51655.51897334808
2026-09-11 20:26:00,3.4986695141014934e-07,5.244925560532465e-08,349.86695141014934,52449.25560532465
2026-09-11 20:27:00,3.495182170354383e-07,5.0681567387300674e-08,349.5182170354383,50681.567387300674
2026-09-11 20:28:00,3.461674396021408e-07,5.3593879556501633e-08,346.1674396021408,53593.87955650163
2026-09-11 20:29:00,3.4766867429425474e-07,5.4528008774923364e-08,347.66867429425474,54528.008774923364
2026-09-11 20:30:00,3.4721651331892645e-07,5.2031602137958544e-08,347.21651331892645,52031.60213795854
2026-09-11 20:31:00,3.4633265499905974e-07,5.206597109008726e-08,346.33265499905974,52065.97109008726
2026-09-11 20:32:00,3.4357535128037853e-07,5.1770154385621936e-08,343.5753512803785,51770.154385621936
2026-09-11 20:33:00,3.40347526162077e-07,5.0884452207355935e-08,340.347526162077,50884.452207355935
2026-09-11 20:34:00,3.385104605513334e-07,5.052498153190754e-08,338.5104605513334,50524.98153190754
2026-09-11 20:35:00,3.3794196951930644e-07,5.073039588410211e-08,337.94196951930644,50730.39588410211
2026-09-11 20:36:00,3.382395732387522e-07,5.005245284905868e-08,338.2395732387522,50052.45284905868
2026-09-11 20:37:00,3.377855364306015e-07,5.237800593249631e-08,337.7855364306015,52378.00593249631
2026-09-11 20:38:00,3.364012002293748e-07,5.1051795679768475e-08,336.4012002293748,51051.795679768475
2026-09-11 20:39:00,3.355836213358998e-07,5.040411821255475e-08,335.5836213358998,50404.11821255475
2026-09-11 20:40:00,3.343487549045676e-07,5.0724541011959445e-08,334.3487549045676,50724.541011959445
2026-09-11 20:41:00,3.3469103755123797e-07,5.1959567315407185e-08,334.69103755123797,51959.567315407185
2026-09-11 20:42:00,3.334078542138741e-07,5.208726605587799e-08,333.4078542138741,52087.26605587799
2026-09-11 20:43:00,3.337524390190083e-07,4.922826235542743e-08,333.7524390190083,49228.26235542743
2026-09-11 20:44:00,3.3600608162487333e-07,5.171471784137793e-08,336.00608162487333,51714.71784137793
2026-09-11 20:45:00,3.3873496363412414e-07,5.0529681772104595e-08,338.73496363412414,50529.681772104595
2026-09-11 20:46:00,3.432956532378739e-07,5.3189914694939944e-08,343.2956532378739,53189.914694939944
2026-09-11 20:47:00,3.4906847190541157e-07,5.087978394158199e-08,349.06847190541157,50879.78394158199
2026-09-11 20:48:00,3.522762597185647e-07,5.192638141693351e-08,352.2762597185647,51926.38141693351
2026-09-11 20:49:00,3.553596172878315e-07,5.226184285334057e-08,355.3596172878315,52261.84285334057
2026-09-11 20:50:00,3.5474795367917977e-07,5.09987003738388e-08,354.7479536791798,50998.7003738388
2026-09-11 20:51:00,3.532933305905317e-07,5.0840732512824616e-08,353.2933305905317,50840.732512824616
2026-09-11 20:52:00,3.4988838137905987e-07,4.9105842947483325e-08,349.88838137905987,49105.842947483325
2026-09-11 20:53:00,3.479120778138167e-07,4.9391900347472983e-08,347.9120778138167,49391.90034747298
2026-09-11 20:54:00,3.487760693587916e-07,5.3741526784278904e-08,348.7760693587916,53741.5267842789
2026-09-11 20:55:00,3.4691245787144e-07,4.8981267042336185e-08,346.91245787144,48981.267042336185
2026-09-11 20:56:00,3.468255158622924e-07,4.860578073362376e-08,346.8255158622924,48605.78073362376
2026-09-11 20:57:00,3.4736046927719144e-07,5.276620385075148e-08,347.36046927719144,52766.20385075148
2026-09-11 20:58:00,3.4523603176239703e-07,4.988864432675655e-08,345.23603176239703,49888.64432675655
2026-09-11 20:59:00,3.4445369578861573e-07,4.992223168187593e-08,344.45369578861573,49922.23168187593
2026-09-11 21:00:00,3.483222315026069e-07,5.070151587460714e-08,348.3222315026069,50701.51587460714
2026-09-11 21:01:00,3.489253685984295e-07,5.0322707778605036e-08,348.9253685984295,50322.707778605036
2026-09-11 21:02:00,3.531096695041924e-07,5.07040525121738e-08,353.1096695041924,50704.0525121738
2026-09-11 21:03:00,3.5806627352030773e-07,5.530771574058235e-08,358.06627352030773,55307.71574058235
2026-09-11 21:04:00,3.600244440349343e-07,6.078341385773456e-08,360.0244440349343,60783.41385773456
2026-09-11 21:05:00,3.58455764626342e-07,5.452003293271446e-08,358.455764626342,54520.03293271446
2026-09-11 21:06:00,3.5159408184881613e-07,4.694742727906487e-08,351.59408184881613,46947.42727906487
2026-09-11 21:07:00,3.493461235848372e-07,4.0117399180417124e-08,349.3461235848372,40117.399180417124
2026-09-11 21:08:00,3.518117637213436e-07,3.8519189615726646e-08,351.8117637213436,38519.189615726646
2026-09-11 21:09:00,3.619539938881644e-07,4.620992299919635e-08,361.9539938881644,46209.92299919635
2026-09-11 21:10:00,3.718876655511849e-07,4.788643437336759e-08,371.8876655511849,47886.43437336759
2026-09-11 21:11:00,3.793580276578723e-07,4.910739903607464e-08,379.3580276578723,49107.39903607464
2026-09-11 21:12:00,3.766660654491716e-07,4.8444878331110885e-08,376.6660654491716,48444.878331110885
2026-09-11 21:13:00,3.708149733938626e-07,4.7846206996382534e-08,370.8149733938626,47846.206996382534
2026-09-11 21:14:00,3.6443006479203177e-07,4.799128561217003e-08,364.43006479203177,47991.28561217003
2026-09-11 21:15:00,3.597928355247859e-07,4.805454878464843e-08,359.7928355247859,48054.54878464843
2026-09-11 21:16:00,3.5465873793327773e-07,4.457831792592515e-08,354.65873793327773,44578.31792592515
2026-09-11 21:17:00,3.5309045642861747e-07,4.45152465999854e-08,353.0904564286175,44515.2465999854
2026-09-11 21:18:00,3.52241414702803e-07,4.519885266063284e-08,352.241414702803,45198.85266063284
2026-09-11 21:19:00,3.486392188278842e-07,4.298537348290665e-08,348.6392188278842,42985.37348290665
2026-09-11 21:20:00,3.474581262707943e-07,4.149963217514596e-08,347.4581262707943,41499.63217514596
2026-09-11 21:21:00,3.4926739544971497e-07,4.325736568944194e-08,349.26739544971497,43257.36568944194
2026-09-11 21:22:00,3.4665629300434375e-07,4.2643655717711226e-08,346.65629300434375,42643.655717711226
2026-09-11 21:23:00,3.4729333719951683e-07,4.1394770278202486e-08,347.2933371995168,41394.770278202486
2026-09-11 21:24:00,3.4872732612711843e-07,4.214007631730965e-08,348.72732612711843,42140.07631730965
2026-09-11 21:25:00,3.4713781360551366e-07,4.313824675250544e-08,347.13781360551366,43138.24675250544
2026-09-11 21:26:00,3.5054037539339333e-07,4.119715413253289e-08,350.54037539339333,41197.15413253289
2026-09-11 21:27:00,3.560088543963502e-07,4.240073891992324e-08,356.0088543963502,42400.73891992324
2026-09-11 21:28:00,3.5622463201434584e-07,4.314390267268209e-08,356.22463201434584,43143.90267268209
2026-09-11 21:29:00,3.531675929480116e-07,4.2574914260740115e-08,353.1675929480116,42574.914260740115
2026-09-11 21:30:00,3.525570946294465e-07,4.1724160126932475e-08,352.5570946294465,41724.160126932475
2026-09-11 21:31:00,3.525714760144183e-07,4.5143565330363344e-08,352.5714760144183,45143.565330363344
2026-09-11 21:32:00,3.529463583618053e-07,4.427348088142935e-08,352.9463583618053,44273.48088142935
2026-09-11 21:33:00,3.501049263832101e-07,4.277094944882265e-08,350.1049263832101,42770.94944882265
2026-09-11 21:34:00,3.463704842943116e-07,4.1795416905188176e-08,346.3704842943116,41795.416905188176
2026-09-11 21:35:00,3.4389273650958785e-07,4.3345401934402616e-08,343.89273650958785,43345.40193440262
2026-09-11 21:36:00,3.44417856013024e-07,4.2050817938843466e-08,344.417856013024,42050.817938843466
2026-09-11 21:37:00,3.4413483263051603e-07,4.276371257105893e-08,344.13483263051603,42763.71257105893
2026-09-11 21:38:00,3.428412185257912e-07,4.145311649494943e-08,342.8412185257912,41453.11649494943
2026-09-11 21:39:00,3.407296276236593e-07,4.120259333717513e-08,340.7296276236593,41202.59333717513
2026-09-11 21:40:00,3.389582730051188e-07,4.190025748584958e-08,338.9582730051188,41900.25748584958
2026-09-11 21:41:00,3.3814183098002104e-07,4.209200099580812e-08,338.14183098002104,42092.00099580812
2026-09-11 21:42:00,3.4059533504660067e-07,4.367205619359993e-08,340.59533504660067,43672.05619359993
2026-09-11 21:43:00,3.4157659456468537e-07,4.310657786277261e-08,341.57659456468537,43106.57786277261
2026-09-11 21:44:00,3.4140970228691003e-07,4.16551948489996e-08,341.40970228691003,41655.1948489996
2026-09-11 21:45:00,3.4238658486174245e-07,4.192348512788158e-08,342.38658486174245,41923.48512788158
2026-09-11 21:46:00,3.4728887499113625e-07,4.194300373683291e-08,347.28887499113625,41943.00373683291
2026-09-11 21:47:00,3.6963473348805564e-07,4.452162016832517e-08,369.63473348805564,44521.62016832517
2026-09-11 21:48:00,5.196776555749238e-07,5.5579246094339396e-08,519.6776555749238,55579.246094339396
2026-09-11 21:49:00,5.577207957685459e-07,5.801648939041115e-08,557.7207957685459,58016.48939041115
2026-09-11 21:50:00,5.258739861346839e-07,5.1816954282912775e-08,525.873986134684,51816.954282912775
2026-09-11 21:51:00,4.849123911299102e-07,4.727869651333094e-08,484.91239112991025,47278.69651333094
2026-09-11 21:52:00,4.4803240939472744e-07,4.620553895051671e-08,448.03240939472744,46205.53895051671
2026-09-11 21:53:00,4.2858752635765995e-07,4.590717495034369e-08,428.58752635765995,45907.17495034369
2026-09-11 21:54:00,4.18883558950256e-07,4.377452711423757e-08,418.883558950256,43774.52711423757
2026-09-11 21:55:00,4.1109868220701173e-07,4.542018672282211e-08,411.09868220701173,45420.18672282211
2026-09-11 21:56:00,4.065315124535118e-07,4.377725559834289e-08,406.5315124535118,43777.25559834289
2026-09-11 21:57:00,4.03793848136047e-07,4.3921158265902704e-08,403.793848136047,43921.158265902704
2026-09-11 21:58:00,4.038188876620552e-07,4.3322483378460674e-08,403.8188876620552,43322.483378460674
2026-09-11 21:59:00,4.0229642195299675e-07,4.1551661666971995e-08,402.29642195299675,41551.661666971995
2026-09-11 22:00:00,4.007521852145146e-07,3.981344320891367e-08,400.7521852145146,39813.44320891367
2026-09-11 22:01:00,4.006065239536838e-07,4.1460463506837186e-08,400.6065239536838,41460.463506837186
2026-09-11 22:02:00,3.974727746935969e-07,4.405762510373279e-08,397.4727746935969,44057.62510373279
2026-09-11 22:03:00,3.966070778460562e-07,4.369190520492339e-08,396.6070778460562,43691.90520492339
2026-09-11 22:04:00,3.968597752646019e-07,4.4501256013518287e-08,396.8597752646019,44501.25601351829
2026-09-11 22:05:00,3.9335927226602507e-07,4.163872802109836e-08,393.3592722660251,41638.72802109836
2026-09-11 22:06:00,3.8964472537372785e-07,4.2637289254798816e-08,389.64472537372785,42637.289254798816
2026-09-11 22:07:00,3.8634900079159706e-07,4.5437136719783666e-08,386.34900079159706,45437.136719783666
2026-09-11 22:08:00,3.8221389786485815e-07,4.16117735824173e-08,382.21389786485815,41611.7735824173
2026-09-11 22:09:00,3.775091670377151e-07,4.1691635033203056e-08,377.5091670377151,41691.635033203056
2026-09-11 22:10:00,3.7527235008383286e-07,4.177305257258013e-08,375.27235008383286,41773.05257258013
2026-09-11 22:11:00,3.7204614500296884e-07,4.2122760390839176e-08,372.04614500296884,42122.760390839176
2026-09-11 22:12:00,3.6896616961712425e-07,4.153775989834685e-08,368.96616961712425,41537.75989834685
2026-09-11 22:13:00,3.681932980725833e-07,4.109490703285701e-08,368.1932980725833,41094.90703285701
2026-09-11 22:14:00,3.647986943633441e-07,3.989677566096361e-08,364.7986943633441,39896.77566096361
2026-09-11 22:15:00,3.626713578341878e-07,4.025859823286737e-08,362.6713578341878,40258.59823286737
2026-09-11 22:16:00,3.632652578744455e-07,4.1653343885172944e-08,363.2652578744455,41653.343885172944
2026-09-11 22:17:00,3.6397958069755987e-07,4.241076467792482e-08,363.97958069755987,42410.76467792482
2026-09-11 22:18:00,3.655509317468386e-07,4.277745802028221e-08,365.5509317468386,42777.45802028221
2026-09-11 22:19:00,3.6821114690610557e-07,4.1939784978239913e-08,368.21114690610557,41939.78497823991
2026-09-11 22:20:00,3.751905808258016e-07,3.974212248181175e-08,375.1905808258016,39742.12248181175
2026-09-11 22:21:00,3.8432898463724996e-07,4.042241030788318e-08,384.32898463724996,40422.41030788318
2026-09-11 22:22:00,3.8969466231719707e-07,3.740250065220607e-08,389.69466231719707,37402.50065220607
2026-09-11 22:23:00,3.9601621892870753e-07,3.702505324554295e-08,396.01621892870753,37025.05324554295
2026-09-11 22:24:00,4.0317485172636225e-07,3.729197928237227e-08,403.17485172636225,37291.97928237227
2026-09-11 22:25:00,4.1477153445157455e-07,3.8086295006678483e-08,414.77153445157455,38086.29500667848
2026-09-11 22:26:00,4.2662639998525265e-07,4.21986889875825e-08,426.62639998525265,42198.6889875825
2026-09-11 22:27:00,4.481762232444453e-07,4.427060318334952e-08,448.1762232444453,44270.60318334952
2026-09-11 22:28:00,4.482014617224195e-07,4.430476607808487e-08,448.2014617224195,44304.76607808487
2026-09-11 22:29:00,4.567929465792986e-07,4.28326956125602e-08,456.7929465792986,42832.6956125602
2026-09-11 22:30:00,4.875509489465912e-07,4.386249941035203e-08,487.55094894659123,43862.49941035203
2026-09-11 22:31:00,5.498840778273006e-07,4.9511200472807104e-08,549.8840778273006,49511.200472807104
2026-09-11 22:32:00,6.324438004412514e-07,5.256118740248894e-08,632.4438004412514,52561.18740248894
2026-09-11 22:33:00,6.765110924789042e-07,5.6200459397359737e-08,676.5110924789042,56200.45939735974
2026-09-11 22:34:00,7.122454235286568e-07,5.653240364722478e-08,712.2454235286568,56532.40364722478
2026-09-11 22:35:00,7.492190547964128e-07,5.593158292072076e-08,749.2190547964128,55931.58292072076
2026-09-11 22:36:00,7.632712026861554e-07,5.879800824004633e-08,763.2712026861554,58798.00824004633
2026-09-11 22:37:00,7.610991019646463e-07,5.8654492818277504e-08,761.0991019646463,58654.492818277504
2026-09-11 22:38:00,7.560759627267544e-07,5.8338756048215146e-08,756.0759627267544,58338.756048215146
2026-09-11 22:39:00,7.433793598465854e-07,5.4858425357906526e-08,743.3793598465854,54858.425357906526
2026-09-11 22:40:00,7.326896138692973e-07,5.4515918890274406e-08,732.6896138692973,54515.918890274406
2026-09-11 22:41:00,7.199707283689349e-07,5.489511778478118e-08,719.9707283689349,54895.11778478118
2026-09-11 22:42:00,7.063525231387757e-07,5.598467822665043e-08,706.3525231387757,55984.67822665043
2026-09-11 22:43:00,6.988978498156939e-07,5.921253887208877e-08,698.8978498156939,59212.53887208877
2026-09-11 22:44:00,6.886808137096523e-07,5.7378837681199e-08,688.6808137096523,57378.837681199
2026-09-11 22:45:00,6.77452078434726e-07,5.551330772846086e-08,677.452078434726,55513.30772846086
2026-09-11 22:46:00,6.70963288484927e-07,5.279409975855742e-08,670.963288484927,52794.09975855742
2026-09-11 22:47:00,6.673036523352494e-07,4.9599432117020115e-08,667.3036523352494,49599.432117020115
2026-09-11 22:48:00,6.617674443987198e-07,4.9804068424919024e-08,661.7674443987198,49804.06842491902
2026-09-11 22:49:00,6.513603807434265e-07,5.3445869951929126e-08,651.3603807434265,53445.869951929126
2026-09-11 22:50:00,6.396193157343077e-07,5.1642828680087405e-08,639.6193157343077,51642.828680087405
2026-09-11 22:51:00,6.335050102279638e-07,5.1469438488993546e-08,633.5050102279638,51469.438488993546
2026-09-11 22:52:00,6.273811550272512e-07,5.020648075060308e-08,627.3811550272512,50206.48075060308
2026-09-11 22:53:00,6.162173917800828e-07,5.151688498017393e-08,616.2173917800828,51516.88498017393
2026-09-11 22:54:00,6.044788847248128e-07,5.015922610596135e-08,604.4788847248128,50159.22610596135
2026-09-11 22:55:00,5.92261244491965e-07,4.960644162110839e-08,592.261244491965,49606.44162110839
2026-09-11 22:56:00,5.834649527969304e-07,4.653908192153722e-08,583.4649527969304,46539.08192153722
2026-09-11 22:57:00,5.734972319260123e-07,4.521071872432003e-08,573.4972319260123,45210.71872432003
2026-09-11 22:58:00,5.619068588202936e-07,4.4580993119325285e-08,561.9068588202936,44580.993119325285
2026-09-11 22:59:00,5.514264671546698e-07,4.4659099529553714e-08,551.4264671546698,44659.099529553714
2026-09-11 23:00:00,5.421184710030502e-07,4.2387224397089085e-08,542.1184710030502,42387.224397089085
2026-09-11 23:01:00,5.327419216882845e-07,4.886736348908016e-08,532.7419216882845,48867.36348908016
2026-09-11 23:02:00,5.218872161094623e-07,3.838106010789488e-08,521.8872161094623,38381.06010789488
2026-09-11 23:03:00,5.141947667652857e-07,3.719718577599451e-08,514.1947667652857,37197.18577599451
2026-09-11 23:04:00,5.065239179202763e-07,3.49524569287496e-08,506.5239179202763,34952.4569287496
2026-09-11 23:05:00,4.981126835446048e-07,3.784642643722691e-08,498.1126835446048,37846.42643722691
2026-09-11 23:06:00,4.940244480167166e-07,3.618923116732731e-08,494.02444801671663,36189.23116732731
2026-09-11 23:07:00,4.988884825252171e-07,3.6346808229836824e-08,498.8884825252171,36346.808229836824
2026-09-11 23:08:00,5.124047675053589e-07,3.775658896643108e-08,512.4047675053589,37756.58896643108
2026-09-11 23:09:00,5.337504944691318e-07,3.968655093444795e-08,533.7504944691318,39686.55093444795
2026-09-11 23:10:00,5.705414309886692e-07,3.8847513650352994e-08,570.5414309886692,38847.513650352994
2026-09-11 23:11:00,5.984843483020086e-07,4.024458988283186e-08,598.4843483020086,40244.58988283186
2026-09-11 23:12:00,6.306812565526343e-07,4.0415649493752426e-08,630.6812565526343,40415.649493752426
2026-09-11 23:13:00,7.178506393756834e-07,4.5274710203102586e-08,717.8506393756834,45274.710203102586
2026-09-11 23:14:00,8.168005933839595e-07,5.257944124537062e-08,816.8005933839595,52579.44124537062
2026-09-11 23:15:00,7.941382023091137e-07,5.1188983718475356e-08,794.1382023091137,51188.983718475356
2026-09-11 23:16:00,7.347410928559839e-07,4.590794233649831e-08,734.7410928559839,45907.94233649831
2026-09-11 23:17:00,6.746279268554645e-07,4.151260668550094e-08,674.6279268554645,41512.60668550094
2026-09-11 23:18:00,6.235259775166924e-07,4.002549758297391e-08,623.5259775166924,40025.49758297391
2026-09-11 23:19:00,5.94635992001713e-07,3.711766183300824e-08,594.635992001713,37117.66183300824
2026-09-11 23:20:00,5.687788871000521e-07,3.5441733103880324e-08,568.7788871000521,35441.733103880324
2026-09-11 23:21:00,5.550624564421014e-07,3.4874684473606976e-08,555.0624564421014,34874.684473606976
2026-09-11 23:22:00,5.441162329589133e-07,3.6930007496494e-08,544.1162329589133,36930.007496494
2026-09-11 23:23:00,5.357858867682808e-07,3.508048962430621e-08,535.7858867682808,35080.48962430621
2026-09-11 23:24:00,5.302772478898987e-07,3.2395632842963096e-08,530.2772478898987,32395.632842963096
2026-09-11 23:25:00,5.237532150204061e-07,3.2174206410218176e-08,523.7532150204061,32174.206410218176
2026-09-11 23:26:00,5.189896796764515e-07,3.272660364928015e-08,518.9896796764515,32726.60364928015
2026-09-11 23:27:00,5.158545945960213e-07,3.015051674992719e-08,515.8545945960213,30150.516749927192
2026-09-11 23:28:00,5.166966161596065e-07,2.8917826355723264e-08,516.6966161596065,28917.826355723264
2026-09-11 23:29:00,5.155274607204774e-07,2.836581636245228e-08,515.5274607204774,28365.81636245228
2026-09-11 23:30:00,5.122440711602394e-07,2.91579862476965e-08,512.2440711602394,29157.9862476965
2026-09-11 23:31:00,5.091638399790099e-07,2.6058017965624458e-08,509.16383997900994,26058.017965624458
2026-09-11 23:32:00,5.069746293884236e-07,2.4797197184511788e-08,506.97462938842364,24797.197184511788
2026-09-11 23:33:00,5.018470119466656e-07,2.3229842938121692e-08,501.8470119466656,23229.842938121692
2026-09-11 23:34:00,4.991892978978285e-07,2.4244021901154156e-08,499.1892978978285,24244.021901154156
2026-09-11 23:35:00,4.947684715261857e-07,2.2141055211477578e-08,494.76847152618575,22141.05521147758
2026-09-11 23:36:00,4.870513521382236e-07,2.4846007917744828e-08,487.0513521382236,24846.007917744828
2026-09-11 23:37:00,4.842680141337041e-07,2.3170855456555728e-08,484.2680141337041,23170.855456555728
2026-09-11 23:38:00,5.29255373749038e-07,2.6967319044501892e-08,529.255373749038,26967.31904450189
2026-09-11 23:39:00,5.572163672695751e-07,2.7647997669077995e-08,557.2163672695751,27647.997669077995
2026-09-11 23:40:00,5.428171903076873e-07,2.469193027820893e-08,542.8171903076873,24691.93027820893
2026-09-11 23:41:00,5.167689209883974e-07,2.168958168624613e-08,516.7689209883974,21689.58168624613
2026-09-11 23:42:00,4.933319814881543e-07,2.1689388063350634e-08,493.33198148815427,21689.388063350634
2026-09-11 23:43:00,4.739992789382086e-07,2.1437301711557666e-08,473.9992789382086,21437.301711557666
2026-09-11 23:44:00,4.587369915043382e-07,2.0126893929273137e-08,458.7369915043382,20126.893929273137
2026-09-11 23:45:00,4.502800834416121e-07,2.0331921035676714e-08,450.2800834416121,20331.921035676714
2026-09-11 23:46:00,4.428019906299596e-07,2.2135740351814093e-08,442.8019906299596,22135.740351814093
2026-09-11 23:47:00,4.354044165211235e-07,2.3323703857158762e-08,435.4044165211235,23323.703857158762
2026-09-11 23:48:00,4.302362981434271e-07,2.21726246252274e-08,430.2362981434271,22172.6246252274
2026-09-11 23:49:00,4.2506360387051245e-07,1.9403628925829253e-08,425.06360387051245,19403.628925829253
2026-09-11 23:50:00,4.2032510805256607e-07,1.995836207413504e-08,420.32510805256607,19958.36207413504
2026-09-11 23:51:00,4.161681772529846e-07,1.8711995508624568e-08,416.1681772529846,18711.995508624568
2026-09-11 23:52:00,4.13803292076409e-07,1.784132841464725e-08,413.803292076409,17841.32841464725
2026-09-11 23:53:00,4.089742446922173e-07,1.8095942522222686e-08,408.9742446922173,18095.942522222686
2026-09-11 23:54:00,4.0536153278480924e-07,2.0375219733637095e-08,405.36153278480924,20375.219733637095
2026-09-11 23:55:00,4.0385003785559093e-07,2.009072375130927e-08,403.8500378555909,20090.72375130927
2026-09-11 23:56:00,4.008983012226963e-07,1.9730451938926308e-08,400.8983012226963,19730.451938926308
2026-09-11 23:57:00,3.982958673987014e-07,1.9129826611674616e-08,398.2958673987014,19129.826611674616
2026-09-11 23:58:00,3.9591881773048954e-07,1.98558147701533e-08,395.91881773048954,19855.8147701533
2026-09-11 23:59:00,3.9469489365728805e-07,2.3212535893435415e-08,394.69489365728805,23212.535893435415
2026-09-12 00:00:00,3.9364942949760007e-07,2.291222322980957e-08,393.64942949760007,22912.22322980957
2026-09-12 00:01:00,3.914326498488663e-07,2.330723702925752e-08,391.4326498488663,23307.23702925752
2026-09-12 00:02:00,3.9022822306833405e-07,2.286477496227235e-08,390.22822306833405,22864.77496227235
2026-09-12 00:03:00,3.905610697074735e-07,2.1966556573715934e-08,390.5610697074735,21966.556573715934
2026-09-12 00:04:00,3.910399755113758e-07,2.411911204092121e-08,391.0399755113758,24119.11204092121
2026-09-12 00:05:00,3.8597050888711237e-07,2.2300056912172295e-08,385.9705088871124,22300.056912172295
2026-09-12 00:06:00,3.8077905628597364e-07,2.284072309066687e-08,380.77905628597364,22840.72309066687
2026-09-12 00:07:00,3.7915617667749757e-07,2.3365181789358758e-08,379.15617667749757,23365.181789358758
2026-09-12 00:08:00,3.754730073524115e-07,2.2336546834367255e-08,375.4730073524115,22336.546834367255
2026-09-12 00:09:00,3.7290655541255546e-07,2.1200113664576747e-08,372.90655541255546,21200.113664576747
2026-09-12 00:10:00,3.672229240692104e-07,2.0930656319251284e-08,367.2229240692104,20930.656319251284
2026-09-12 00:11:00,3.6546214232657803e-07,1.9603069389972916e-08,365.46214232657803,19603.069389972916
2026-09-12 00:12:00,3.64374017181035e-07,2.0871471662076146e-08,364.374017181035,20871.471662076146
2026-09-12 00:13:00,3.6617140608541376e-07,2.4162789102888382e-08,366.17140608541376,24162.789102888382
2026-09-12 00:14:00,3.6334046171759837e-07,2.1536527228249724e-08,363.3404617175984,21536.527228249724
2026-09-12 00:15:00,3.608295173762599e-07,2.2818609224373176e-08,360.8295173762599,22818.609224373176
2026-09-12 00:16:00,3.610812768783944e-07,2.3168313489918546e-08,361.0812768783944,23168.313489918546
2026-09-12 00:17:00,3.63742458375782e-07,2.5573925199751102e-08,363.742458375782,25573.925199751102
2026-09-12 00:18:00,3.624817566105776e-07,2.8532522122759474e-08,362.4817566105776,28532.522122759474
2026-09-12 00:19:00,3.5774266393673315e-07,2.5796905944730497e-08,357.74266393673315,25796.905944730497
2026-09-12 00:20:00,3.564243797882227e-07,2.377263008668251e-08,356.4243797882227,23772.63008668251
2026-09-12 00:21:00,3.558350556431833e-07,2.541925958610136e-08,355.8350556431833,25419.25958610136
2026-09-12 00:22:00,3.5505249229572655e-07,2.618018335454053e-08,355.05249229572655,26180.18335454053
2026-09-12 00:23:00,3.519281506214611e-07,2.4552477384531812e-08,351.9281506214611,24552.477384531812
2026-09-12 00:24:00,3.502126162402419e-07,2.352520311887929e-08,350.2126162402419,23525.20311887929
2026-09-12 00:25:00,3.468247768978472e-07,2.2559637713470693e-08,346.8247768978472,22559.637713470693
2026-09-12 00:26:00,3.4609979593369644e-07,2.134431831279926e-08,346.09979593369644,21344.31831279926
2026-09-12 00:27:00,3.442470983827661e-07,2.014228783764338e-08,344.2470983827661,20142.28783764338
2026-09-12 00:28:00,3.430997139730607e-07,2.0332665329192423e-08,343.0997139730607,20332.665329192423
2026-09-12 00:29:00,3.421116048230033e-07,2.012783184568434e-08,342.1116048230033,20127.83184568434
2026-09-12 00:30:00,3.4229572065669345e-07,2.2217898631993194e-08,342.29572065669345,22217.898631993194
2026-09-12 00:31:00,3.440353282258002e-07,2.3800097892490157e-08,344.0353282258002,23800.097892490157
2026-09-12 00:32:00,3.43410164305169e-07,2.4179685809144758e-08,343.410164305169,24179.685809144758
2026-09-12 00:33:00,3.4432022744113056e-07,2.3263124759864695e-08,344.32022744113056,23263.124759864695
2026-09-12 00:34:00,3.4375511859252583e-07,2.412050115196962e-08,343.75511859252583,24120.50115196962
2026-09-12 00:35:00,3.4414139804539445e-07,2.5006013260053805e-08,344.14139804539445,25006.013260053805
2026-09-12 00:36:00,3.47358195540437e-07,2.233327300871224e-08,347.358195540437,22333.27300871224
2026-09-12 00:37:00,3.524866087900591e-07,1.9377978333068313e-08,352.4866087900591,19377.978333068313
2026-09-12 00:38:00,3.4931562709061836e-07,2.3664357584607387e-08,349.31562709061836,23664.357584607387
2026-09-12 00:39:00,3.43850416584246e-07,2.2021415801987132e-08,343.850416584246,22021.415801987132
2026-09-12 00:40:00,3.429181845149287e-07,2.3065089393980998e-08,342.9181845149287,23065.089393980998
2026-09-12 00:41:00,3.4208997590212675e-07,2.3541128157944513e-08,342.08997590212675,23541.128157944513
2026-09-12 00:42:00,3.4076089150403277e-07,2.314650160428755e-08,340.76089150403277,23146.50160428755
2026-09-12 00:43:00,3.3863636872411007e-07,2.2293399126738223e-08,338.63636872411007,22293.399126738223
2026-09-12 00:44:00,3.4010278682217177e-07,1.9067092793534357e-08,340.10278682217177,19067.092793534357
2026-09-12 00:45:00,3.4192422049272864e-07,1.9765916903224934e-08,341.92422049272864,19765.916903224934
2026-09-12 00:46:00,3.428886259371211e-07,1.9526925854052024e-08,342.8886259371211,19526.925854052024
2026-09-12 00:47:00,3.4019728900602786e-07,1.7758038595161452e-08,340.19728900602786,17758.03859516145
2026-09-12 00:48:00,3.412210105580016e-07,1.611393329881139e-08,341.2210105580016,16113.93329881139
2026-09-12 00:49:00,3.418470839733345e-07,1.6953162429445e-08,341.8470839733345,16953.162429445
2026-09-12 00:50:00,3.4111852187379554e-07,1.7031076993134775e-08,341.11852187379554,17031.076993134775
2026-09-12 00:51:00,3.406655935123126e-07,1.8171590454585385e-08,340.6655935123126,18171.590454585385
2026-09-12 00:52:00,3.398481567273848e-07,1.7903687421494396e-08,339.8481567273848,17903.687421494396
2026-09-12 00:53:00,3.4028366258098686e-07,1.717983266757983e-08,340.28366258098686,17179.83266757983
2026-09-12 00:54:00,3.379742565812194e-07,1.8759314102112512e-08,337.9742565812194,18759.314102112512
2026-09-12 00:55:00,3.383635487352876e-07,1.760764511971047e-08,338.3635487352876,17607.64511971047
2026-09-12 00:56:00,3.3958957601498696e-07,2.0832592539932193e-08,339.58957601498696,20832.592539932193
2026-09-12 00:57:00,3.3942001209652517e-07,2.0390711341633505e-08,339.42001209652517,20390.711341633505
2026-09-12 00:58:00,3.398884871330665e-07,2.0377420639761112e-08,339.8884871330665,20377.420639761112
2026-09-12 00:59:00,3.386490163848066e-07,1.771971902542191e-08,338.6490163848066,17719.71902542191
2026-09-12 01:00:00,3.376491690687544e-07,1.91751947653529e-08,337.6491690687544,19175.1947653529
2026-09-12 01:01:00,3.4282302863175573e-07,1.8513246047291432e-08,342.82302863175573,18513.24604729143
2026-09-12 01:02:00,3.483367549961258e-07,1.9732258493831978e-08,348.3367549961258,19732.258493831978
2026-09-12 01:03:00,3.550873088897788e-07,2.1123110371945586e-08,355.0873088897788,21123.110371945586
2026-09-12 01:04:00,3.5936099607170036e-07,2.4175635715550925e-08,359.36099607170036,24175.635715550925
2026-09-12 01:05:00,3.505302572648361e-07,2.2752955075588943e-08,350.5302572648361,22752.955075588943
2026-09-12 01:06:00,3.4383634783807793e-07,2.318076930407642e-08,343.8363478380779,23180.76930407642
2026-09-12 01:07:00,3.3951906175389013e-07,2.3752093625262205e-08,339.5190617538901,23752.093625262205
2026-09-12 01:08:00,3.376199799731694e-07,2.2817967959554153e-08,337.6199799731694,22817.967959554153
2026-09-12 01:09:00,3.358263995778543e-07,2.2598870330625687e-08,335.8263995778543,22598.870330625687
2026-09-12 01:10:00,3.305756024474249e-07,2.4244142693419235e-08,330.5756024474249,24244.142693419235
2026-09-12 01:11:00,3.267338399837172e-07,2.2789052422922396e-08,326.7338399837172,22789.052422922396
2026-09-12 01:12:00,3.264817109993601e-07,2.1031320684983257e-08,326.4817109993601,21031.320684983257
2026-09-12 01:13:00,3.2553867868045927e-07,2.1727620591605046e-08,325.53867868045927,21727.620591605046
2026-09-12 01:14:00,3.244056472340162e-07,2.430934920027994e-08,324.4056472340162,24309.34920027994
2026-09-12 01:15:00,3.23358648302019e-07,2.214117245102898e-08,323.358648302019,22141.17245102898
2026-09-12 01:16:00,3.2358482826566615e-07,2.1871132460660192e-08,323.58482826566615,21871.132460660192
2026-09-12 01:17:00,3.221312852019764e-07,2.1587799992062173e-08,322.1312852019764,21587.799992062173
2026-09-12 01:18:00,3.2193975130212493e-07,2.2095665741517223e-08,321.93975130212493,22095.665741517223
2026-09-12 01:19:00,3.228933849186433e-07,2.2410823419249937e-08,322.8933849186433,22410.823419249937
2026-09-12 01:20:00,3.2268974337057443e-07,2.312352265221307e-08,322.68974337057443,23123.52265221307
2026-09-12 01:21:00,3.246557014335849e-07,2.233232621051684e-08,324.6557014335849,22332.32621051684
2026-09-12 01:22:00,3.2192744470194157e-07,2.217377570445933e-08,321.92744470194157,22173.77570445933
2026-09-12 01:23:00,3.211181933693297e-07,2.1886753742705878e-08,321.1181933693297,21886.753742705878
2026-09-12 01:24:00,3.2090278523355664e-07,2.342150651202246e-08,320.90278523355664,23421.50651202246
2026-09-12 01:25:00,3.238814940687007e-07,2.473502647148962e-08,323.8814940687007,24735.02647148962
2026-09-12 01:26:00,3.234598011658818e-07,2.571446522381393e-08,323.4598011658818,25714.46522381393
2026-09-12 01:27:00,3.218573567664862e-07,2.3611105959275847e-08,321.8573567664862,23611.105959275847
2026-09-12 01:28:00,3.2036820130088017e-07,2.4196110004481852e-08,320.3682013008802,24196.110004481852
2026-09-12 01:29:00,3.1934504818309506e-07,2.3974491725198277e-08,319.34504818309506,23974.491725198277
2026-09-12 01:30:00,3.1839255143495393e-07,2.540027743691553e-08,318.39255143495393,25400.27743691553
2026-09-12 01:31:00,3.1650296250518295e-07,2.5618790644443834e-08,316.50296250518295,25618.790644443834
2026-09-12 01:32:00,3.1677612355451856e-07,2.6852841727986743e-08,316.77612355451856,26852.841727986743
2026-09-12 01:33:00,3.1459231308872404e-07,2.4431411560499328e-08,314.59231308872404,24431.411560499328
2026-09-12 01:34:00,3.15606541789748e-07,2.530402021250211e-08,315.606541789748,25304.02021250211
2026-09-12 01:35:00,3.1726503380014037e-07,2.5144888837758117e-08,317.2650338001404,25144.888837758117
2026-09-12 01:36:00,3.196261957327806e-07,2.6296362420907826e-08,319.6261957327806,26296.362420907826
2026-09-12 01:37:00,3.273447646279237e-07,2.5791216273773898e-08,327.3447646279237,25791.216273773898
2026-09-12 01:38:00,3.281860472270637e-07,2.6471505876202173e-08,328.1860472270637,26471.505876202173
2026-09-12 01:39:00,3.2686889994693047e-07,2.5982563656157254e-08,326.86889994693047,25982.563656157254
2026-09-12 01:40:00,3.2987753684210475e-07,2.5235708633886134e-08,329.87753684210475,25235.708633886134
2026-09-12 01:41:00,3.2916204872890376e-07,2.6390871710191277e-08,329.16204872890376,26390.871710191277
2026-09-12 01:42:00,3.2874112321223947e-07,2.5283350524318848e-08,328.7411232122395,25283.35052431885
2026-09-12 01:43:00,3.268409045631415e-07,2.653069230973415e-08,326.8409045631415,26530.69230973415
2026-09-12 01:44:00,3.2359054102926166e-07,2.6357103166674278e-08,323.59054102926166,26357.10316667428
2026-09-12 01:45:00,3.217253663478914e-07,2.7083482123657632e-08,321.7253663478914,27083.48212365763
2026-09-12 01:46:00,3.212483647985209e-07,2.849151137240824e-08,321.2483647985209,28491.51137240824
2026-09-12 01:47:00,3.2021290508055245e-07,2.7699536886416354e-08,320.21290508055245,27699.536886416354
2026-09-12 01:48:00,3.1859815408097347e-07,2.7904370369924436e-08,318.5981540809735,27904.370369924436
2026-09-12 01:49:00,3.178138854309509e-07,2.8758444514664916e-08,317.8138854309509,28758.444514664916
2026-09-12 01:50:00,3.1767939390192623e-07,2.594510561948482e-08,317.67939390192623,25945.10561948482
2026-09-12 01:51:00,3.1517694765170745e-07,2.7667127255881496e-08,315.17694765170745,27667.127255881496
2026-09-12 01:52:00,3.1251462928594265e-07,2.8059812251512994e-08,312.51462928594265,28059.812251512994
2026-09-12 01:53:00,3.103793062564364e-07,2.515118957546747e-08,310.3793062564364,25151.18957546747
2026-09-12 01:54:00,3.0977557230471575e-07,1.997793752650523e-08,309.77557230471575,19977.93752650523
2026-09-12 01:55:00,3.0812955742476333e-07,2.0992310112433188e-08,308.12955742476333,20992.310112433188
2026-09-12 01:56:00,3.13082949787713e-07,2.4311377799790534e-08,313.082949787713,24311.377799790534
2026-09-12 01:57:00,3.1303576975005853e-07,2.3281577554712385e-08,313.03576975005853,23281.577554712385
2026-09-12 01:58:00,3.138766828669759e-07,2.634972240400657e-08,313.8766828669759,26349.72240400657
2026-09-12 01:59:00,3.111726698534767e-07,2.4547842869537817e-08,311.1726698534767,24547.842869537817
2026-09-12 02:00:00,3.058534900901577e-07,2.633526641204753e-08,305.8534900901577,26335.26641204753
2026-09-12 02:01:00,3.0528349270753097e-07,2.581158398129446e-08,305.28349270753097,25811.58398129446
2026-09-12 02:02:00,3.0393130145967007e-07,2.475228733089807e-08,303.93130145967007,24752.28733089807
2026-09-12 02:03:00,3.044193022105901e-07,2.4735694381661233e-08,304.4193022105901,24735.694381661233
2026-09-12 02:04:00,3.037822295937076e-07,2.498817153195887e-08,303.7822295937076,24988.17153195887
2026-09-12 02:05:00,3.066591887090908e-07,2.440433277683951e-08,306.6591887090908,24404.33277683951
2026-09-12 02:06:00,3.097826208886545e-07,2.4639243534352318e-08,309.7826208886545,24639.243534352318
2026-09-12 02:07:00,3.093169880230562e-07,2.4307492907382766e-08,309.3169880230562,24307.492907382766
2026-09-12 02:08:00,3.082373893903423e-07,2.378575203465516e-08,308.2373893903423,23785.75203465516
2026-09-12 02:09:00,3.0935012773625203e-07,2.3357550560376694e-08,309.35012773625203,23357.550560376694
2026-09-12 02:10:00,3.1323565963248257e-07,2.4842522705625925e-08,313.23565963248257,24842.522705625925
2026-09-12 02:11:00,3.1380642440126394e-07,2.5256268187945352e-08,313.80642440126394,25256.268187945352
2026-09-12 02:12:00,3.122362102203624e-07,2.4305549573000462e-08,312.2362102203624,24305.549573000462
2026-09-12 02:13:00,3.1220304208545713e-07,2.4353969507728834e-08,312.2030420854571,24353.969507728834
2026-09-12 02:14:00,3.099160039710114e-07,2.5142254500565286e-08,309.9160039710114,25142.254500565286
2026-09-12 02:15:00,3.076647487887385e-07,2.477770522091305e-08,307.6647487887385,24777.70522091305
2026-09-12 02:16:00,3.0666677730550873e-07,2.3166785823036662e-08,306.66677730550873,23166.785823036662
2026-09-12 02:17:00,3.0753915325476555e-07,2.4698040945736466e-08,307.53915325476555,24698.040945736466
2026-09-12 02:18:00,3.0543623097400996e-07,2.678558352897653e-08,305.43623097400996,26785.58352897653
2026-09-12 02:19:00,3.0369665182661265e-07,2.4460021563754708e-08,303.69665182661265,24460.021563754708
2026-09-12 02:20:00,3.0298173214760027e-07,2.1914782877274774e-08,302.98173214760027,21914.782877274774
2026-09-12 02:21:00,3.0527806416102976e-07,2.3386075298503783e-08,305.27806416102976,23386.075298503783
2026-09-12 02:22:00,3.0590055644097447e-07,2.2260406851160042e-08,305.90055644097447,22260.40685116004
2026-09-12 02:23:00,3.1051351356836676e-07,2.2163762380955632e-08,310.51351356836676,22163.76238095563
2026-09-12 02:24:00,3.180420549142582e-07,2.461954196064653e-08,318.0420549142582,24619.54196064653
2026-09-12 02:25:00,3.1776718856235675e-07,2.472811999609803e-08,317.76718856235675,24728.11999609803
2026-09-12 02:26:00,3.159264281293872e-07,2.2482804951096114e-08,315.9264281293872,22482.804951096114
2026-09-12 02:27:00,3.1210780093715584e-07,1.8703126158925443e-08,312.10780093715584,18703.126158925443
2026-09-12 02:28:00,3.076615655572823e-07,1.7309165656342884e-08,307.6615655572823,17309.165656342884
2026-09-12 02:29:00,3.037984015463735e-07,1.7531952778426785e-08,303.7984015463735,17531.952778426785
2026-09-12 02:30:00,3.0201314871192153e-07,1.7784232753115248e-08,302.01314871192153,17784.232753115248
2026-09-12 02:31:00,3.031264839137293e-07,1.6708151306943364e-08,303.1264839137293,16708.151306943364
2026-09-12 02:32:00,3.0396699912671465e-07,2.126262899082576e-08,303.96699912671465,21262.62899082576
2026-09-12 02:33:00,3.016382663645345e-07,2.2007347055819082e-08,301.6382663645345,22007.347055819082
2026-09-12 02:34:00,2.9999091566423886e-07,2.08377279875549e-08,299.99091566423886,20837.7279875549
2026-09-12 02:35:00,2.979194562158227e-07,2.1578173914349463e-08,297.9194562158227,21578.173914349463
2026-09-12 02:36:00,2.9819318569934694e-07,1.9570491005538315e-08,298.19318569934694,19570.491005538315
2026-09-12 02:37:00,2.9923830879852176e-07,1.9221952030079592e-08,299.23830879852176,19221.952030079592
2026-09-12 02:38:00,2.9807748092025577e-07,1.8935708112621796e-08,298.07748092025577,18935.708112621796
2026-09-12 02:39:00,2.980115141326678e-07,1.983955932871595e-08,298.0115141326678,19839.55932871595
2026-09-12 02:40:00,3.017487415490905e-07,2.0438244874299016e-08,301.7487415490905,20438.244874299016
2026-09-12 02:41:00,3.0330889444485365e-07,2.1943888484088347e-08,303.30889444485365,21943.888484088347
2026-09-12 02:42:00,3.0429737307713367e-07,2.036188284648688e-08,304.29737307713367,20361.88284648688
2026-09-12 02:43:00,3.037391138605017e-07,1.9490633107466238e-08,303.7391138605017,19490.633107466238
2026-09-12 02:44:00,3.06294623442227e-07,2.2303970226289493e-08,306.294623442227,22303.970226289493
2026-09-12 02:45:00,3.096513978562143e-07,2.32726424798102e-08,309.6513978562143,23272.6424798102
2026-09-12 02:46:00,3.087066886564571e-07,2.202180482413496e-08,308.7066886564571,22021.80482413496
2026-09-12 02:47:00,3.0405644224629214e-07,2.3269729254593585e-08,304.05644224629214,23269.729254593585
2026-09-12 02:48:00,3.0348849122674437e-07,2.1925741222617035e-08,303.4884912267444,21925.741222617035
2026-09-12 02:49:00,3.0861312438901223e-07,2.116501107707336e-08,308.6131243890122,21165.01107707336
2026-09-12 02:50:00,3.0576040899177315e-07,2.0216234020153934e-08,305.76040899177315,20216.234020153934
2026-09-12 02:51:00,3.035449651633826e-07,1.9458029854035885e-08,303.5449651633826,19458.029854035885
2026-09-12 02:52:00,2.9752089858448016e-07,1.9394764905200645e-08,297.52089858448016,19394.764905200645
2026-09-12 02:53:00,2.9509916998904373e-07,1.3763428619029128e-08,295.09916998904373,13763.428619029128
2026-09-12 02:54:00,2.9266888645906874e-07,1.3085469596774146e-08,292.66888645906874,13085.469596774146
2026-09-12 02:55:00,2.928387914380437e-07,1.3163967693685663e-08,292.8387914380437,13163.967693685663
2026-09-12 02:56:00,2.94689044721963e-07,1.4173678231088616e-08,294.689044721963,14173.678231088616
2026-09-12 02:57:00,2.975417601192021e-07,1.2417888939353361e-08,297.5417601192021,12417.888939353361
2026-09-12 02:58:00,3.0796411465416895e-07,1.5470021708097192e-08,307.96411465416895,15470.021708097192
2026-09-12 02:59:00,3.136250370516791e-07,1.5834377364853935e-08,313.6250370516791,15834.377364853935
2026-09-12 03:00:00,3.094996827712748e-07,1.882421862831052e-08,309.4996827712748,18824.21862831052
2026-09-12 03:01:00,3.034514008959377e-07,1.3951281019330963e-08,303.4514008959377,13951.281019330963
2026-09-12 03:02:00,3.010102886946697e-07,1.3005029053658745e-08,301.0102886946697,13005.029053658745
2026-09-12 03:03:00,2.9975834081596986e-07,1.3857355263269255e-08,299.75834081596986,13857.355263269255
2026-09-12 03:04:00,2.955418665351317e-07,1.3762845973985804e-08,295.5418665351317,13762.845973985804
2026-09-12 03:05:00,2.9478928809112404e-07,1.3538895338172097e-08,294.78928809112404,13538.895338172097
2026-09-12 03:06:00,2.9315216920622333e-07,9.710992898703807e-09,293.15216920622333,9710.992898703807
2026-09-12 03:07:00,2.975275776861963e-07,9.156843283619764e-09,297.5275776861963,9156.843283619764
2026-09-12 03:08:00,3.012122533618822e-07,9.538568157552163e-09,301.2122533618822,9538.568157552163
2026-09-12 03:09:00,3.109064437012421e-07,1.3602160287007337e-08,310.9064437012421,13602.160287007337
2026-09-12 03:10:00,3.131222854335647e-07,1.4977585394149173e-08,313.1222854335647,14977.585394149173
2026-09-12 03:11:00,3.2024789220486127e-07,1.546691485998508e-08,320.2478922048613,15466.914859985081
2026-09-12 03:12:00,3.268872319495131e-07,1.4899086409059237e-08,326.8872319495131,14899.086409059237
2026-09-12 03:13:00,3.1794075994184823e-07,1.3458455683235115e-08,317.9407599418482,13458.455683235115
2026-09-12 03:14:00,3.1108885423236643e-07,1.211602285167146e-08,311.08885423236643,12116.02285167146
2026-09-12 03:15:00,3.0378805604414083e-07,1.497486579182805e-08,303.78805604414083,14974.865791828051
2026-09-12 03:16:00,3.014255867128668e-07,1.2635819501838341e-08,301.4255867128668,12635.819501838341
2026-09-12 03:17:00,3.045188634587248e-07,1.2526854220595851e-08,304.5188634587248,12526.854220595851
2026-09-12 03:18:00,3.093369969064952e-07,1.3284865651996824e-08,309.3369969064952,13284.865651996824
2026-09-12 03:19:00,3.1845110015638056e-07,1.687358519575355e-08,318.45110015638056,16873.58519575355
2026-09-12 03:20:00,3.476275765024184e-07,2.036856905363038e-08,347.6275765024184,20368.56905363038
2026-09-12 03:21:00,3.5639047268887225e-07,1.8849828364864152e-08,356.39047268887225,18849.82836486415
2026-09-12 03:22:00,3.481507917513227e-07,1.723735643111013e-08,348.1507917513227,17237.35643111013
2026-09-12 03:23:00,3.4044492736029497e-07,1.7775494853822238e-08,340.44492736029497,17775.494853822238
2026-09-12 03:24:00,3.3401039445379865e-07,1.8043010641122237e-08,334.01039445379865,18043.010641122237
2026-09-12 03:25:00,3.272011497301719e-07,1.8295096992915205e-08,327.2011497301719,18295.096992915205
2026-09-12 03:26:00,3.237128680666501e-07,1.8944724899938592e-08,323.7128680666501,18944.724899938592
2026-09-12 03:27:00,3.196551574546902e-07,2.144368238532479e-08,319.6551574546902,21443.68238532479
2026-09-12 03:28:00,3.1599563499185024e-07,2.103285012822198e-08,315.99563499185024,21032.85012822198
2026-09-12 03:29:00,3.122654845810757e-07,2.0492963770379902e-08,312.2654845810757,20492.9637703799
2026-09-12 03:30:00,3.1110857889871113e-07,1.987865694275115e-08,311.10857889871113,19878.65694275115
2026-09-12 03:31:00,3.111413775513938e-07,1.8722717598507188e-08,311.1413775513938,18722.717598507188
2026-09-12 03:32:00,3.0896819680492627e-07,2.0460165117697215e-08,308.96819680492627,20460.165117697215
2026-09-12 03:33:00,3.0896873681740544e-07,2.242195407120562e-08,308.96873681740544,22421.95407120562
2026-09-12 03:34:00,3.1068483963281324e-07,2.3165119600321304e-08,310.68483963281324,23165.119600321304
2026-09-12 03:35:00,3.0656880767310213e-07,2.317938196938485e-08,306.5688076731021,23179.38196938485
2026-09-12 03:36:00,3.030907578249753e-07,1.966819240806217e-08,303.0907578249753,19668.19240806217
2026-09-12 03:37:00,2.999995558639057e-07,1.9288991737198558e-08,299.9995558639057,19288.991737198558
2026-09-12 03:38:00,2.994985095483571e-07,2.0316072379955585e-08,299.4985095483571,20316.072379955585
2026-09-12 03:39:00,2.9923785405117087e-07,2.0601540029474563e-08,299.23785405117087,20601.540029474563
2026-09-12 03:40:00,2.9647267751897743e-07,2.0534974609631718e-08,296.47267751897743,20534.974609631718
2026-09-12 03:41:00,2.946099471046182e-07,2.086847317173124e-08,294.6099471046182,20868.47317173124
2026-09-12 03:42:00,2.9537130785683985e-07,1.9998388722797245e-08,295.37130785683985,19998.388722797245
2026-09-12 03:43:00,2.940647618743242e-07,2.0109684584213028e-08,294.0647618743242,20109.684584213028
2026-09-12 03:44:00,2.9773468668281566e-07,2.2148613609829226e-08,297.73468668281566,22148.613609829226
2026-09-12 03:45:00,2.9607485885208007e-07,1.9459474032146318e-08,296.07485885208007,19459.474032146318
2026-09-12 03:46:00,2.9199406981206266e-07,1.741879884775699e-08,291.99406981206266,17418.79884775699
2026-09-12 03:47:00,2.9098436016283813e-07,1.5159027810796033e-08,290.98436016283813,15159.027810796033
2026-09-12 03:48:00,2.88356886812835e-07,1.3100983409231048e-08,288.356886812835,13100.983409231048
2026-09-12 03:49:00,2.8850465128016367e-07,1.4239748047373268e-08,288.50465128016367,14239.748047373268
2026-09-12 03:50:00,2.951296096398437e-07,1.8287135361561013e-08,295.1296096398437,18287.135361561013
2026-09-12 03:51:00,2.955408433535922e-07,2.0630064767601652e-08,295.5408433535922,20630.064767601652
2026-09-12 03:52:00,2.9960597203171346e-07,1.820611217340229e-08,299.60597203171346,18206.11217340229
2026-09-12 03:53:00,3.084618640514236e-07,2.058028769624798e-08,308.4618640514236,20580.28769624798
2026-09-12 03:54:00,3.070291541007464e-07,2.1101637770470916e-08,307.0291541007464,21101.637770470916
2026-09-12 03:55:00,3.0084561331022996e-07,1.9946668317061267e-08,300.84561331022996,19946.668317061267
2026-09-12 03:56:00,2.972891763874941e-07,2.0264156574967274e-08,297.2891763874941,20264.156574967274
2026-09-12 03:57:00,2.9469674700521864e-07,2.197133319725708e-08,294.69674700521864,21971.33319725708
2026-09-12 03:58:00,2.939126773071621e-07,2.3110292346473216e-08,293.9126773071621,23110.292346473216
2026-09-12 03:59:00,2.9278649549269176e-07,1.9835372455645484e-08,292.78649549269176,19835.372455645484
2026-09-12 04:00:00,2.9168134574319993e-07,1.908929370131318e-08,291.6813457431999,19089.29370131318
2026-09-12 04:01:00,2.9305627435860515e-07,2.0591441440842573e-08,293.05627435860515,20591.441440842573
2026-09-12 04:02:00,2.929664617568051e-07,2.008649069296098e-08,292.9664617568051,20086.49069296098
2026-09-12 04:03:00,2.9388732514235016e-07,2.0181580850930914e-08,293.88732514235016,20181.580850930914
2026-09-12 04:04:00,2.932830227564409e-07,2.066994042593251e-08,293.2830227564409,20669.94042593251
2026-09-12 04:05:00,2.9590992767225544e-07,2.301209356403433e-08,295.90992767225544,23012.09356403433
2026-09-12 04:06:00,2.96306041036587e-07,2.394349962742126e-08,296.306041036587,23943.49962742126
2026-09-12 04:07:00,2.967122156860569e-07,2.251693587140835e-08,296.7122156860569,22516.93587140835
2026-09-12 04:08:00,2.970789410028374e-07,2.21720881654619e-08,297.0789410028374,22172.0881654619
2026-09-12 04:09:00,2.960433107546123e-07,2.261358034161276e-08,296.0433107546123,22613.58034161276
2026-09-12 04:10:00,2.974309154524235e-07,2.2472207206192252e-08,297.4309154524235,22472.20720619225
2026-09-12 04:11:00,2.9694066938645847e-07,2.2011983347169917e-08,296.94066938645847,22011.983347169917
2026-09-12 04:12:00,2.9605484996864107e-07,2.2360715945524134e-08,296.05484996864107,22360.715945524134
2026-09-12 04:13:00,2.95962792051796e-07,2.2359552431794327e-08,295.962792051796,22359.552431794327
2026-09-12 04:14:00,2.9651991440005077e-07,2.0683231127804902e-08,296.51991440005077,20683.231127804902
2026-09-12 04:15:00,3.106472377112368e-07,2.2042645042574804e-08,310.6472377112368,22042.645042574804
2026-09-12 04:16:00,3.277069993146142e-07,2.2990837678094067e-08,327.7069993146142,22990.837678094067
2026-09-12 04:17:00,3.677937172597012e-07,2.422294720361151e-08,367.7937172597012,24222.94720361151
2026-09-12 04:18:00,3.9639155602344545e-07,2.574207691452557e-08,396.39155602344545,25742.07691452557
2026-09-12 04:19:00,4.0164309211832006e-07,2.6375111872312118e-08,401.64309211832006,26375.111872312118
2026-09-12 04:20:00,3.8741006846976234e-07,2.4537715859196396e-08,387.41006846976234,24537.715859196396
2026-09-12 04:21:00,3.786007596318086e-07,2.3082044720013073e-08,378.6007596318086,23082.044720013073
2026-09-12 04:22:00,3.8497847754115355e-07,2.6151742105184894e-08,384.97847754115355,26151.742105184894
2026-09-12 04:23:00,3.765675558042858e-07,2.5740522602291094e-08,376.5675558042858,25740.522602291094
2026-09-12 04:24:00,3.661999699033913e-07,2.4916332108659844e-08,366.1999699033913,24916.332108659844
2026-09-12 04:25:00,2.264086162995227e-07,2.456857117749678e-08,226.4086162995227,24568.57117749678
2026-09-12 04:26:00,6.348543735157364e-08,2.115052843976173e-08,63.48543735157364,21150.52843976173
2026-09-12 04:27:00,2.4109118257342743e-08,3.509470403173509e-08,24.109118257342743,35094.70403173509
2026-09-12 04:28:00,0.0,0.0,0.0,0.0
2026-09-12 04:29:00,0.0,0.0,0.0,0.0
2026-09-12 04:30:00,0.0,0.0,0.0,0.0
2026-09-12 04:31:00,0.0,0.0,0.0,0.0
2026-09-12 04:32:00,0.0,0.0,0.0,0.0
2026-09-12 04:33:00,0.0,0.0,0.0,0.0
2026-09-12 04:34:00,0.0,0.0,0.0,0.0
2026-09-12 04:35:00,0.0,0.0,0.0,0.0
2026-09-12 04:36:00,0.0,0.0,0.0,0.0
2026-09-12 04:37:00,0.0,0.0,0.0,0.0
2026-09-12 04:38:00,0.0,0.0,0.0,0.0
2026-09-12 04:39:00,0.0,0.0,0.0,0.0
2026-09-12 04:40:00,0.0,0.0,0.0,0.0
2026-09-12 04:41:00,0.0,0.0,0.0,0.0
2026-09-12 04:42:00,0.0,0.0,0.0,0.0
2026-09-12 04:43:00,0.0,0.0,0.0,0.0
2026-09-12 04:44:00,0.0,0.0,0.0,0.0
2026-09-12 04:45:00,0.0,0.0,0.0,0.0
2026-09-12 04:46:00,0.0,0.0,0.0,0.0
2026-09-12 04:47:00,0.0,0.0,0.0,0.0
2026-09-12 04:48:00,0.0,0.0,0.0,0.0
2026-09-12 04:49:00,0.0,0.0,0.0,0.0
2026-09-12 04:50:00,0.0,0.0,0.0,0.0
2026-09-12 04:51:00,0.0,0.0,0.0,0.0
2026-09-12 04:52:00,0.0,0.0,0.0,0.0
2026-09-12 04:53:00,0.0,0.0,0.0,0.0
2026-09-12 04:54:00,0.0,0.0,0.0,0.0
2026-09-12 04:55:00,0.0,0.0,0.0,0.0
2026-09-12 04:56:00,0.0,0.0,0.0,0.0
2026-09-12 04:57:00,0.0,0.0,0.0,0.0
2026-09-12 04:58:00,0.0,0.0,0.0,0.0
2026-09-12 04:59:00,0.0,0.0,0.0,0.0
2026-09-12 05:00:00,0.0,0.0,0.0,0.0
2026-09-12 05:01:00,0.0,0.0,0.0,0.0
2026-09-12 05:02:00,0.0,0.0,0.0,0.0
2026-09-12 05:03:00,0.0,0.0,0.0,0.0
2026-09-12 05:04:00,0.0,0.0,0.0,0.0
2026-09-12 05:05:00,0.0,0.0,0.0,0.0
2026-09-12 05:06:00,0.0,0.0,0.0,0.0
2026-09-12 05:07:00,0.0,0.0,0.0,0.0
2026-09-12 05:08:00,0.0,0.0,0.0,0.0
2026-09-12 05:09:00,0.0,0.0,0.0,0.0
2026-09-12 05:10:00,0.0,0.0,0.0,0.0
2026-09-12 05:11:00,0.0,0.0,0.0,0.0
2026-09-12 05:12:00,0.0,0.0,0.0,0.0
2026-09-12 05:13:00,0.0,0.0,0.0,0.0
2026-09-12 05:14:00,0.0,0.0,0.0,0.0
2026-09-12 05:15:00,0.0,0.0,0.0,0.0
2026-09-12 05:16:00,0.0,0.0,0.0,0.0
2026-09-12 05:17:00,0.0,0.0,0.0,0.0
2026-09-12 05:18:00,0.0,0.0,0.0,0.0
2026-09-12 05:19:00,0.0,0.0,0.0,0.0
2026-09-12 05:20:00,0.0,0.0,0.0,0.0
2026-09-12 05:21:00,0.0,0.0,0.0,0.0
2026-09-12 05:22:00,0.0,0.0,0.0,0.0
2026-09-12 05:23:00,0.0,0.0,0.0,0.0
2026-09-12 05:24:00,0.0,0.0,0.0,0.0
2026-09-12 05:25:00,0.0,0.0,0.0,0.0
2026-09-12 05:26:00,1.0662796867677571e-08,1.106240787862589e-08,10.66279686767757,11062.40787862589
2026-09-12 05:27:00,1.144658270391119e-07,1.5341377945787826e-08,114.4658270391119,15341.377945787826
2026-09-12 05:28:00,3.921550728591683e-07,2.0595225080910495e-08,392.1550728591683,20595.225080910495
2026-09-12 05:29:00,4.562272408747958e-07,2.2081559691855546e-08,456.2272408747958,22081.559691855546
2026-09-12 05:30:00,5.201278554523014e-07,2.3043332575412023e-08,520.1278554523014,23043.332575412023
2026-09-12 05:31:00,5.201499106988194e-07,2.4245482066476143e-08,520.1499106988194,24245.482066476143
2026-09-12 05:32:00,5.202928718972544e-07,2.3597220177862255e-08,520.2928718972544,23597.220177862255
2026-09-12 05:33:00,5.147129513716209e-07,2.0801669720071914e-08,514.7129513716209,20801.669720071914
2026-09-12 05:34:00,5.114188184052182e-07,1.7946451436046118e-08,511.4188184052182,17946.451436046118
2026-09-12 05:35:00,5.072445219411748e-07,1.7796256912561148e-08,507.24452194117475,17796.256912561148
2026-09-12 05:36:00,5.053731797488581e-07,2.0660719357579183e-08,505.3731797488581,20660.719357579183
2026-09-12 05:37:00,5.120792820889619e-07,1.9242262894181295e-08,512.0792820889619,19242.262894181295
2026-09-12 05:38:00,5.185307827559882e-07,2.1742309286310046e-08,518.5307827559882,21742.309286310046
2026-09-12 05:39:00,5.185466989132692e-07,2.2336536176226218e-08,518.5466989132692,22336.53617622622
2026-09-12 05:40:00,5.115741714689648e-07,2.107701568831999e-08,511.5741714689648,21077.01568831999
2026-09-12 05:41:00,5.058135457147728e-07,2.1615226941662513e-08,505.8135457147728,21615.226941662513
2026-09-12 05:42:00,5.047388071943715e-07,2.2436777769030414e-08,504.7388071943715,22436.777769030414
2026-09-12 05:43:00,5.019015247853531e-07,2.1993765031425028e-08,501.9015247853531,21993.765031425028
2026-09-12 05:44:00,5.012884116695204e-07,2.3253404535239497e-08,501.2884116695204,23253.404535239497
2026-09-12 05:45:00,5.156393854122143e-07,2.219161210348375e-08,515.6393854122143,22191.61210348375
2026-09-12 05:46:00,5.613872531284869e-07,2.4955106425750273e-08,561.3872531284869,24955.106425750273
2026-09-12 05:47:00,5.880574462935328e-07,2.43506317332276e-08,588.0574462935328,24350.6317332276
2026-09-12 05:48:00,6.04976605700358e-07,2.1989203347061448e-08,604.976605700358,21989.203347061448
2026-09-12 05:49:00,6.146623832137266e-07,2.5466693642783866e-08,614.6623832137266,25466.693642783866
2026-09-12 05:50:00,6.110232675382576e-07,2.512920893593673e-08,611.0232675382576,25129.20893593673
2026-09-12 05:51:00,6.174677196213452e-07,2.41946018775252e-08,617.4677196213452,24194.6018775252
2026-09-12 05:52:00,6.134349632702651e-07,2.4431006551139944e-08,613.4349632702651,24431.006551139944
2026-09-12 05:53:00,5.959427085144853e-07,2.2277745870269428e-08,595.9427085144853,22277.745870269428
2026-09-12 05:54:00,5.77769867504685e-07,2.1328512289642276e-08,577.769867504685,21328.512289642276
2026-09-12 05:55:00,5.675723286913126e-07,2.0822508162154918e-08,567.5723286913126,20822.508162154918
2026-09-12 05:56:00,5.464863761517336e-07,1.7974295829503717e-08,546.4863761517336,17974.295829503717
2026-09-12 05:57:00,5.314989266480552e-07,1.7562669540893694e-08,531.4989266480552,17562.669540893694
2026-09-12 05:58:00,5.179488198336912e-07,1.622159118142008e-08,517.9488198336912,16221.59118142008
2026-09-12 05:59:00,5.016311774852511e-07,1.505140367896729e-08,501.6311774852511,15051.40367896729
2026-09-12 06:00:00,4.905461423732049e-07,1.5256821583875535e-08,490.54614237320493,15256.821583875535
2026-09-12 06:01:00,4.783935310115339e-07,1.6159935611881338e-08,478.3935310115339,16159.935611881338
2026-09-12 06:02:00,4.7503544919891283e-07,1.7127005591532907e-08,475.03544919891283,17127.005591532907
2026-09-12 06:03:00,4.64135467836968e-07,1.69398983729252e-08,464.135467836968,16939.8983729252
2026-09-12 06:04:00,4.5966322659296566e-07,1.6578974637582178e-08,459.66322659296566,16578.974637582178
2026-09-12 06:05:00,4.503065440530918e-07,1.4932686198676492e-08,450.3065440530918,14932.686198676492
2026-09-12 06:06:00,4.455735620467749e-07,1.599619814385278e-08,445.5735620467749,15996.19814385278
2026-09-12 06:07:00,4.4089472339692293e-07,1.7642189931166286e-08,440.8947233969229,17642.189931166286
2026-09-12 06:08:00,4.383097689242277e-07,1.758057166512117e-08,438.3097689242277,17580.57166512117
2026-09-12 06:09:00,4.277616483250313e-07,1.7708766009150168e-08,427.7616483250313,17708.766009150168
2026-09-12 06:10:00,4.232081494137674e-07,1.4087673250173793e-08,423.2081494137674,14087.673250173793
2026-09-12 06:11:00,4.205872699003521e-07,1.481502032163462e-08,420.5872699003521,14815.02032163462
2026-09-12 06:12:00,4.199021361728228e-07,1.6904568411746368e-08,419.9021361728228,16904.568411746368
2026-09-12 06:13:00,4.246170135502325e-07,1.9971174936017633e-08,424.6170135502325,19971.174936017633
2026-09-12 06:14:00,4.163339895058016e-07,1.9863291456090337e-08,416.3339895058016,19863.291456090337
2026-09-12 06:15:00,4.1971887299041555e-07,2.2345671979451254e-08,419.71887299041555,22345.671979451254
2026-09-12 06:16:00,4.209437065583188e-07,2.2820604073103823e-08,420.9437065583188,22820.604073103823
2026-09-12 06:17:00,4.152932717715885e-07,2.4825494548963434e-08,415.2932717715885,24825.494548963434
2026-09-12 06:18:00,4.091686491847213e-07,2.4445579782650384e-08,409.1686491847213,24445.579782650384
2026-09-12 06:19:00,4.0538611756346654e-07,2.3431569573517663e-08,405.38611756346654,23431.569573517663
2026-09-12 06:20:00,4.0187660488300025e-07,2.3113523539564085e-08,401.87660488300025,23113.523539564085
2026-09-12 06:21:00,3.9853637190390145e-07,2.3932944515081545e-08,398.53637190390145,23932.944515081545
2026-09-12 06:22:00,3.9501347259829345e-07,2.165143264676317e-08,395.01347259829345,21651.43264676317
2026-09-12 06:23:00,3.921379629900912e-07,2.392431142084206e-08,392.1379629900912,23924.31142084206
2026-09-12 06:24:00,3.8833275084471097e-07,2.3353161182626536e-08,388.332750844711,23353.161182626536
2026-09-12 06:25:00,3.857633714687836e-07,2.2825282997018803e-08,385.7633714687836,22825.282997018803
2026-09-12 06:26:00,3.8573145388909325e-07,2.3009881999769277e-08,385.73145388909325,23009.881999769277
2026-09-12 06:27:00,3.8513056210831564e-07,2.3178477803753594e-08,385.13056210831564,23178.477803753594
2026-09-12 06:28:00,3.826201293577469e-07,2.1497992719332615e-08,382.6201293577469,21497.992719332615
2026-09-12 06:29:00,3.814942601820803e-07,2.332566317875262e-08,381.4942601820803,23325.66317875262
2026-09-12 06:30:00,3.799380010605091e-07,2.1722851073491256e-08,379.9380010605091,21722.851073491256
2026-09-12 06:31:00,3.757063211651257e-07,2.37874129283e-08,375.7063211651257,23787.4129283
2026-09-12 06:32:00,3.7691327747779724e-07,2.4018364186417784e-08,376.91327747779724,24018.364186417784
2026-09-12 06:33:00,3.7860658608224185e-07,2.5084835542088513e-08,378.60658608224185,25084.835542088513
2026-09-12 06:34:00,3.774005676859815e-07,2.5029653016872544e-08,377.4005676859815,25029.653016872544
2026-09-12 06:35:00,3.7449879641826556e-07,2.4625604666539402e-08,374.49879641826556,24625.604666539402
2026-09-12 06:36:00,3.696077612858062e-07,2.509290197849623e-08,369.6077612858062,25092.90197849623
2026-09-12 06:37:00,3.651133511084481e-07,2.4593752812052116e-08,365.1133511084481,24593.752812052116
2026-09-12 06:38:00,3.6302907346907887e-07,2.5073868314962056e-08,363.02907346907887,25073.868314962056
2026-09-12 06:39:00,3.617302013481094e-07,2.6598444335945715e-08,361.7302013481094,26598.444335945715
2026-09-12 06:40:00,3.5979417134512914e-07,2.6999799729310325e-08,359.79417134512914,26999.799729310325
2026-09-12 06:41:00,3.5898509054277383e-07,2.7402014879385206e-08,358.98509054277383,27402.014879385206
2026-09-12 06:42:00,3.5830251476909325e-07,2.6603498071153808e-08,358.30251476909325,26603.49807115381
2026-09-12 06:43:00,3.574085098989599e-07,2.8060023637976883e-08,357.4085098989599,28060.023637976883
2026-09-12 06:44:00,3.560632535482e-07,2.5233875433627873e-08,356.0632535482,25233.875433627873
2026-09-12 06:45:00,3.5604972481451114e-07,2.5050095331380362e-08,356.04972481451114,25050.095331380362
2026-09-12 06:46:00,3.5348736560081306e-07,2.3679120886299643e-08,353.48736560081306,23679.120886299643
2026-09-12 06:47:00,3.525948670812795e-07,2.668725684884521e-08,352.5948670812795,26687.25684884521
2026-09-12 06:48:00,3.50156625472664e-07,2.5663187130930964e-08,350.156625472664,25663.187130930964
2026-09-12 06:49:00,3.4965188433488947e-07,2.5002721670830397e-08,349.6518843348895,25002.721670830397
2026-09-12 06:50:00,3.4819152006093645e-07,2.6730484492532014e-08,348.19152006093645,26730.484492532014
2026-09-12 06:51:00,3.4675352367230516e-07,2.5136239756307077e-08,346.75352367230516,25136.239756307077
2026-09-12 06:52:00,3.467151543645741e-07,2.4966064771092533e-08,346.7151543645741,24966.064771092533
2026-09-12 06:53:00,3.416954257318139e-07,2.5350187726758122e-08,341.6954257318139,25350.187726758122
2026-09-12 06:54:00,3.4264570558661944e-07,2.4831122047430654e-08,342.64570558661944,24831.122047430654
2026-09-12 06:55:00,3.540027364579146e-07,2.4849125423997975e-08,354.0027364579146,24849.125423997975
2026-09-12 06:56:00,3.6454156315812725e-07,2.470981641522485e-08,364.54156315812725,24709.81641522485
2026-09-12 06:57:00,3.6319377727522806e-07,2.4253614228086917e-08,363.19377727522806,24253.614228086917
2026-09-12 06:58:00,3.5377087215238134e-07,2.5268940717637633e-08,353.77087215238134,25268.940717637633
2026-09-12 06:59:00,3.475874166269932e-07,2.4921664731891724e-08,347.5874166269932,24921.664731891724
2026-09-12 07:00:00,3.4491870337660657e-07,2.4527093245296783e-08,344.9187033766066,24527.093245296783
2026-09-12 07:01:00,3.4469852039364923e-07,2.2601417626333387e-08,344.69852039364923,22601.417626333387
2026-09-12 07:02:00,3.4226852108076855e-07,2.5022105276661932e-08,342.26852108076855,25022.105276661932
2026-09-12 07:03:00,3.4326529885220225e-07,2.5468983366749853e-08,343.26529885220225,25468.983366749853
2026-09-12 07:04:00,3.428255297421856e-07,2.480509841973344e-08,342.8255297421856,24805.09841973344
2026-09-12 07:05:00,3.420454106617399e-07,2.4316065605489712e-08,342.0454106617399,24316.06560548971
2026-09-12 07:06:00,3.423364489663072e-07,2.4113859353747102e-08,342.3364489663072,24113.859353747102
2026-09-12 07:07:00,3.419997085529758e-07,2.3245002367389134e-08,341.9997085529758,23245.002367389134
2026-09-12 07:08:00,3.4318856023674016e-07,2.4085984762223234e-08,343.18856023674016,24085.984762223234
2026-09-12 07:09:00,3.524408782595856e-07,2.527458065060273e-08,352.4408782595856,25274.58065060273
2026-09-12 07:10:00,3.6129367231296783e-07,2.80592669099633e-08,361.29367231296783,28059.2669099633
2026-09-12 07:11:00,3.6107016399000713e-07,2.7743581654249283e-08,361.07016399000713,27743.581654249283
2026-09-12 07:12:00,3.555709042757371e-07,2.703405499460132e-08,355.5709042757371,27034.05499460132
2026-09-12 07:13:00,3.511647719278699e-07,2.7401330982002037e-08,351.1647719278699,27401.330982002037
2026-09-12 07:14:00,3.4806427606781654e-07,2.7149399173254096e-08,348.06427606781654,27149.399173254096
2026-09-12 07:15:00,3.513780200137262e-07,2.552099864772117e-08,351.3780200137262,25520.99864772117
2026-09-12 07:16:00,3.486310049538588e-07,2.5459730323973417e-08,348.6310049538588,25459.730323973417
2026-09-12 07:17:00,3.417206926314975e-07,2.6884546144856358e-08,341.7206926314975,26884.54614485636
2026-09-12 07:18:00,3.3691566159177455e-07,2.758299721961066e-08,336.91566159177455,27582.99721961066
2026-09-12 07:19:00,3.371937395968416e-07,2.5528542835218104e-08,337.1937395968416,25528.542835218104
2026-09-12 07:20:00,3.396776548925118e-07,2.3410263949585897e-08,339.6776548925118,23410.263949585897
2026-09-12 07:21:00,3.366039607044513e-07,2.2893438256232912e-08,336.6039607044513,22893.438256232912
2026-09-12 07:22:00,3.373463641764829e-07,2.5471381448483044e-08,337.3463641764829,25471.381448483044
2026-09-12 07:23:00,3.37022470375814e-07,2.428769718676449e-08,337.022470375814,24287.69718676449
2026-09-12 07:24:00,3.3547084399287996e-07,2.425917777770792e-08,335.47084399287996,24259.17777770792
2026-09-12 07:25:00,3.3605675753278774e-07,2.7567518046112127e-08,336.05675753278774,27567.518046112127
2026-09-12 07:26:00,3.349360611082375e-07,2.2792587373032802e-08,334.9360611082375,22792.587373032802
2026-09-12 07:27:00,3.3469260074525664e-07,2.1483204548644608e-08,334.69260074525664,21483.204548644608
2026-09-12 07:28:00,3.354345210482279e-07,2.2668768195899247e-08,335.4345210482279,22668.768195899247
2026-09-12 07:29:00,3.3625062201281253e-07,2.219963590732732e-08,336.2506220128125,22199.63590732732
2026-09-12 07:30:00,3.4439744922565296e-07,2.430398637898179e-08,344.39744922565296,24303.98637898179
2026-09-12 07:31:00,3.5464023540043854e-07,2.5652704849221664e-08,354.64023540043854,25652.704849221664
2026-09-12 07:32:00,3.611294800975884e-07,2.570386925526691e-08,361.1294800975884,25703.86925526691
2026-09-12 07:33:00,3.6475404385782895e-07,2.5550658477868637e-08,364.75404385782895,25550.658477868637
2026-09-12 07:34:00,3.695373038681282e-07,2.2723092740761786e-08,369.5373038681282,22723.092740761786
2026-09-12 07:35:00,3.990093375705328e-07,2.717080427316887e-08,399.0093375705328,27170.80427316887
2026-09-12 07:36:00,4.124229064927931e-07,2.7442263572652337e-08,412.4229064927931,27442.263572652337
2026-09-12 07:37:00,4.58872875697125e-07,3.117781233186179e-08,458.872875697125,31177.812331861787
2026-09-12 07:38:00,5.299109488987597e-07,3.921737601331188e-08,529.9109488987597,39217.37601331188
2026-09-12 07:39:00,5.697537517335149e-07,4.034398415342366e-08,569.753751733515,40343.98415342366
2026-09-12 07:40:00,5.538958021134022e-07,3.62195144987254e-08,553.8958021134022,36219.5144987254
2026-09-12 07:41:00,5.298737164594058e-07,3.33138459041038e-08,529.8737164594058,33313.8459041038
2026-09-12 07:42:00,5.151889581611613e-07,3.439476969901989e-08,515.1889581611613,34394.76969901989
2026-09-12 07:43:00,5.151823074811546e-07,3.341621024333108e-08,515.1823074811546,33416.21024333108
2026-09-12 07:44:00,4.952768790644768e-07,3.0984647736431725e-08,495.2768790644768,30984.647736431725
2026-09-12 07:45:00,4.7199594632729713e-07,3.0658547700568306e-08,471.99594632729713,30658.547700568306
2026-09-12 07:46:00,4.513624958235596e-07,3.015608740497555e-08,451.3624958235596,30156.08740497555
2026-09-12 07:47:00,4.3612229205791664e-07,2.907129292850641e-08,436.12229205791664,29071.29292850641
2026-09-12 07:48:00,4.28931770102281e-07,2.9076220542378906e-08,428.931770102281,29076.220542378906
2026-09-12 07:49:00,4.2090991314580606e-07,2.6106270922809927e-08,420.90991314580606,26106.270922809927
2026-09-12 07:50:00,4.125851660319313e-07,2.6477868786400904e-08,412.5851660319313,26477.868786400904
2026-09-12 07:51:00,4.0777109688860946e-07,2.7304878358336282e-08,407.77109688860946,27304.878358336282
2026-09-12 07:52:00,4.04436434564559e-07,2.914524266373064e-08,404.436434564559,29145.24266373064
2026-09-12 07:53:00,4.0163749304156227e-07,2.7254074552729435e-08,401.63749304156227,27254.074552729435
2026-09-12 07:54:00,3.9886998592919554e-07,2.6720416101966293e-08,398.86998592919554,26720.416101966293
2026-09-12 07:55:00,3.959686978305399e-07,2.5525169533580083e-08,395.9686978305399,25525.169533580083
2026-09-12 07:56:00,3.9078230429367977e-07,2.882246263880006e-08,390.7823042936798,28822.46263880006
2026-09-12 07:57:00,3.8638890487163735e-07,2.586896208356393e-08,386.38890487163735,25868.96208356393
2026-09-12 07:58:00,3.835911002170178e-07,2.538653376404909e-08,383.5911002170178,25386.53376404909
2026-09-12 07:59:00,3.770409193748492e-07,2.251593222979409e-08,377.0409193748492,22515.93222979409
2026-09-12 08:00:00,3.7507146544157877e-07,2.358171258265429e-08,375.07146544157877,23581.71258265429
2026-09-12 08:01:00,3.7401201780085103e-07,2.350903294257023e-08,374.012017800851,23509.03294257023
2026-09-12 08:02:00,3.832563209016371e-07,2.3501071311216037e-08,383.2563209016371,23501.071311216037
2026-09-12 08:03:00,3.934889321044466e-07,2.3919238145708732e-08,393.4889321044466,23919.238145708732
2026-09-12 08:04:00,3.9314545574598014e-07,2.2391008158706427e-08,393.14545574598014,22391.008158706427
2026-09-12 08:05:00,3.8308112948470807e-07,2.097494444797121e-08,383.0811294847081,20974.94444797121
2026-09-12 08:06:00,3.735298150786548e-07,1.987649334012076e-08,373.5298150786548,19876.49334012076
2026-09-12 08:07:00,3.682657734316308e-07,1.9126373373978822e-08,368.2657734316308,19126.373373978822
2026-09-12 08:08:00,3.6211304177413695e-07,2.101582019520265e-08,362.11304177413695,21015.82019520265
2026-09-12 08:09:00,3.5578975143835123e-07,1.8618884212173725e-08,355.78975143835123,18618.884212173725
2026-09-12 08:10:00,3.5311745705257636e-07,1.845303465586312e-08,353.11745705257636,18453.03465586312
2026-09-12 08:11:00,3.4985191632586066e-07,1.8016269365261905e-08,349.85191632586066,18016.269365261905
2026-09-12 08:12:00,3.4615842992025136e-07,1.810567340498892e-08,346.15842992025136,18105.67340498892
2026-09-12 08:13:00,3.427818739965005e-07,1.7307856481352246e-08,342.7818739965005,17307.856481352246
2026-09-12 08:14:00,3.395867338440439e-07,1.3820621980187298e-08,339.5867338440439,13820.621980187298
2026-09-12 08:15:00,3.366980934060848e-07,1.3290568645629719e-08,336.6980934060848,13290.568645629719
2026-09-12 08:16:00,3.321281951684796e-07,1.4422924188295383e-08,332.1281951684796,14422.924188295383
2026-09-12 08:17:00,3.3098106655415904e-07,1.1411454892140682e-08,330.98106655415904,11411.454892140682
2026-09-12 08:18:00,3.274583377788076e-07,1.172242392044609e-08,327.4583377788076,11722.42392044609
2026-09-12 08:19:00,3.223183853151568e-07,1.1825001422494097e-08,322.3183853151568,11825.001422494097
2026-09-12 08:20:00,3.197959586032084e-07,1.1202394567533247e-08,319.7959586032084,11202.394567533247
2026-09-12 08:21:00,3.163729616062483e-07,1.2412129102301606e-08,316.3729616062483,12412.129102301606
2026-09-12 08:22:00,3.1265878419617366e-07,1.0162591657092435e-08,312.65878419617366,10162.591657092435
2026-09-12 08:23:00,3.0878189249960997e-07,1.0961993091029854e-08,308.78189249960997,10961.993091029854
2026-09-12 08:24:00,3.049286476652924e-07,9.532140410328793e-09,304.9286476652924,9532.140410328793
2026-09-12 08:25:00,3.0202019729586027e-07,9.036580372878689e-09,302.02019729586027,9036.580372878689
2026-09-12 08:26:00,2.9966841452733206e-07,9.663440714291482e-09,299.66841452733206,9663.440714291482
2026-09-12 08:27:00,2.9854422223252186e-07,8.154668051929548e-09,298.54422223252186,8154.668051929548
2026-09-12 08:28:00,2.9637524789905e-07,9.09877684307503e-09,296.37524789905,9098.77684307503
2026-09-12 08:29:00,2.957286255877989e-07,8.523169725549451e-09,295.7286255877989,8523.169725549451
2026-09-12 08:30:00,2.961294569558959e-07,8.581706012478207e-09,296.1294569558959,8581.706012478207
2026-09-12 08:31:00,2.950850443994568e-07,8.638939341665264e-09,295.0850443994568,8638.939341665264
2026-09-12 08:32:00,2.9898805564698705e-07,9.393587241390833e-09,298.98805564698705,9393.587241390833
2026-09-12 08:33:00,2.999689172611397e-07,8.408382434765826e-09,299.9689172611397,8408.382434765826
2026-09-12 08:34:00,2.9359426889641327e-07,8.183299371467001e-09,293.59426889641327,8183.299371467001
2026-09-12 08:35:00,2.919479413776571e-07,7.592752204743647e-09,291.9479413776571,7592.752204743647
2026-09-12 08:36:00,2.9749881491625274e-07,7.840482929566406e-09,297.49881491625274,7840.482929566406
2026-09-12 08:37:00,3.1855026350058324e-07,9.594323557848838e-09,318.55026350058324,9594.323557848838
2026-09-12 08:38:00,3.3299210144832614e-07,9.810222856287965e-09,332.99210144832614,9810.222856287965
2026-09-12 08:39:00,3.3631627616159676e-07,8.019621411392563e-09,336.31627616159676,8019.6214113925635
2026-09-12 08:40:00,3.7312386780286033e-07,1.1859006221470736e-08,373.12386780286033,11859.006221470736
2026-09-12 08:41:00,3.369587773249805e-07,7.630764464749973e-09,336.9587773249805,7630.764464749973
2026-09-12 08:42:00,3.005344524353859e-07,4.828249355881553e-09,300.5344524353859,4828.249355881553
2026-09-12 08:43:00,2.928518085809628e-07,4.823974997236746e-09,292.8518085809628,4823.974997236746
2026-09-12 08:44:00,2.935965426331677e-07,6.704303334714723e-09,293.5965426331677,6704.303334714723
2026-09-12 08:45:00,2.9461338613145927e-07,6.938938312828213e-09,294.61338613145927,6938.938312828213
2026-09-12 08:46:00,2.9469825335581845e-07,6.572908439750336e-09,294.69825335581845,6572.908439750336
2026-09-12 08:47:00,2.967603904835414e-07,6.142494957117606e-09,296.7603904835414,6142.494957117606
2026-09-12 08:48:00,2.9621992325701285e-07,6.171870570170768e-09,296.21992325701285,6171.870570170768
2026-09-12 08:49:00,2.955753188871313e-07,8.904017967381606e-09,295.5753188871313,8904.017967381606
2026-09-12 08:50:00,2.944667301107984e-07,8.50670289764821e-09,294.4667301107984,8506.70289764821
2026-09-12 08:51:00,2.9450558258758974e-07,8.551318764205007e-09,294.50558258758974,8551.318764205007
2026-09-12 08:52:00,2.941253569588298e-07,8.407801566079343e-09,294.1253569588298,8407.801566079343
2026-09-12 08:53:00,2.9391384259724873e-07,7.487398256955657e-09,293.91384259724873,7487.398256955657
2026-09-12 08:54:00,2.9488549557754595e-07,5.745273146118279e-09,294.88549557754595,5745.273146118279
2026-09-12 08:55:00,2.9591544148388493e-07,6.0133511503579484e-09,295.91544148388493,6013.351150357948
2026-09-12 08:56:00,2.981817317504465e-07,8.113159033484862e-09,298.1817317504465,8113.159033484862
2026-09-12 08:57:00,2.9633500275849656e-07,9.56727941314739e-09,296.33500275849656,9567.27941314739
2026-09-12 08:58:00,2.9726419370490476e-07,1.0833471009163986e-08,297.26419370490476,10833.471009163986
2026-09-12 08:59:00,2.9799670642205456e-07,9.201660766677833e-09,297.99670642205456,9201.660766677833
2026-09-12 09:00:00,2.963541021472338e-07,9.247524523914308e-09,296.3541021472338,9247.524523914308
2026-09-12 09:01:00,2.962017333629774e-07,9.800452893671263e-09,296.2017333629774,9800.452893671263
2026-09-12 09:02:00,2.9528800382649933e-07,1.1097132990300906e-08,295.28800382649933,11097.132990300906
2026-09-12 09:03:00,2.952134536826634e-07,1.0762448710011085e-08,295.2134536826634,10762.448710011085
2026-09-12 09:04:00,2.9265225975905196e-07,9.814280943487574e-09,292.65225975905196,9814.280943487574
2026-09-12 09:05:00,2.9122966793693195e-07,1.2236732516157645e-08,291.22966793693195,12236.732516157645
2026-09-12 09:06:00,2.907564464749157e-07,1.1173720615431648e-08,290.7564464749157,11173.720615431648
2026-09-12 09:07:00,2.889432835218031e-07,1.2121092574091108e-08,288.9432835218031,12121.092574091108
2026-09-12 09:08:00,2.8779317062799237e-07,1.1395654198054217e-08,287.79317062799237,11395.654198054217
2026-09-12 09:09:00,2.8828000608882576e-07,1.176137232050678e-08,288.28000608882576,11761.37232050678
2026-09-12 09:10:00,2.872966149425338e-07,1.2977425356552885e-08,287.2966149425338,12977.425356552885
2026-09-12 09:11:00,2.882261185277457e-07,1.3658711495168063e-08,288.2261185277457,13658.711495168063
2026-09-12 09:12:00,2.8742644531121186e-07,1.3801103371235968e-08,287.42644531121186,13801.103371235968
2026-09-12 09:13:00,2.866839849957614e-07,1.2457111786545738e-08,286.6839849957614,12457.111786545738
2026-09-12 09:14:00,2.8682862307505275e-07,1.4150264071588481e-08,286.82862307505275,14150.26407158848
2026-09-12 09:15:00,2.855512661881221e-07,1.3786324082332158e-08,285.5512661881221,13786.324082332158
2026-09-12 09:16:00,2.8624111791941687e-07,1.2220701783860477e-08,286.24111791941687,12220.701783860477
2026-09-12 09:17:00,2.8701248311335803e-07,1.3235235130082401e-08,287.01248311335803,13235.235130082401
2026-09-12 09:18:00,2.917273889124772e-07,1.1844146996509153e-08,291.7273889124772,11844.146996509153
2026-09-12 09:19:00,2.937711656159081e-07,1.364856405672299e-08,293.7711656159081,13648.56405672299
2026-09-12 09:20:00,2.9573624260592624e-07,1.3587562186501145e-08,295.73624260592624,13587.562186501145
2026-09-12 09:21:00,2.958254583518283e-07,1.4064320374984618e-08,295.8254583518283,14064.320374984618
2026-09-12 09:22:00,2.978914039886149e-07,1.3701294321322166e-08,297.8914039886149,13701.294321322166
2026-09-12 09:23:00,2.972871300244151e-07,1.538010963031411e-08,297.2871300244151,15380.10963031411
2026-09-12 09:24:00,2.9491633313227794e-07,1.4840072282140682e-08,294.91633313227794,14840.072282140682
2026-09-12 09:25:00,2.954171804958605e-07,1.6347339482081225e-08,295.4171804958605,16347.339482081225
2026-09-12 09:26:00,2.942574610642623e-07,1.426349793831605e-08,294.2574610642623,14263.49793831605
2026-09-12 09:27:00,2.9740448326265323e-07,1.4676593274032257e-08,297.40448326265323,14676.593274032257
2026-09-12 09:28:00,2.991401117924397e-07,1.6416576542610528e-08,299.1401117924397,16416.576542610528
2026-09-12 09:29:00,2.94753164098438e-07,1.7592441281522042e-08,294.753164098438,17592.441281522042
2026-09-12 09:30:00,2.95998319188584e-07,1.7654160799907004e-08,295.998319188584,17654.160799907004
2026-09-12 09:31:00,3.2809049343995866e-07,1.8590128547657514e-08,328.09049343995866,18590.128547657514
2026-09-12 09:32:00,3.3069278515540645e-07,1.9399749362492003e-08,330.69278515540645,19399.749362492003
2026-09-12 09:33:00,3.0554494401258125e-07,1.5796937091749896e-08,305.54494401258125,15796.937091749896
2026-09-12 09:34:00,2.9579084070974204e-07,1.5484712179159033e-08,295.79084070974204,15484.712179159033
2026-09-12 09:35:00,2.920946826634463e-07,1.4285249427814506e-08,292.0946826634463,14285.249427814506
2026-09-12 09:36:00,2.914217986926815e-07,1.4208003662474766e-08,291.4217986926815,14208.003662474766
2026-09-12 09:37:00,2.934329756953957e-07,1.531812010568956e-08,293.4329756953957,15318.120105689559
2026-09-12 09:38:00,2.944446180208615e-07,1.704602148322465e-08,294.4446180208615,17046.02148322465
2026-09-12 09:39:00,2.926394699898083e-07,1.6087769338923863e-08,292.6394699898083,16087.769338923863
2026-09-12 09:40:00,2.933414293693204e-07,1.678476024835618e-08,293.3414293693204,16784.76024835618
2026-09-12 09:41:00,2.927849607203825e-07,1.6140935699127112e-08,292.7849607203825,16140.935699127112
2026-09-12 09:42:00,2.9377056876001006e-07,1.5081715432074816e-08,293.77056876001006,15081.715432074816
2026-09-12 09:43:00,2.9243079779917025e-07,1.4423210181746526e-08,292.43079779917025,14423.210181746526
2026-09-12 09:44:00,2.9276142754497414e-07,1.1881786221579205e-08,292.76142754497414,11881.786221579205
2026-09-12 09:45:00,2.9471496532096353e-07,1.32441844158393e-08,294.71496532096353,13244.1844158393
2026-09-12 09:46:00,2.9511525667658134e-07,1.5733906622017457e-08,295.11525667658134,15733.906622017457
2026-09-12 09:47:00,2.9562630743384943e-07,1.45353622471589e-08,295.62630743384943,14535.3622471589
2026-09-12 09:48:00,2.9898049547227856e-07,1.5757869675780967e-08,298.98049547227856,15757.869675780967
2026-09-12 09:49:00,3.050744226129609e-07,1.4085958177645352e-08,305.0744226129609,14085.958177645352
2026-09-12 09:50:00,3.101539505223627e-07,1.460988130475016e-08,310.1539505223627,14609.88130475016
2026-09-12 09:51:00,3.1452080406779714e-07,1.6054759299777288e-08,314.52080406779714,16054.759299777288
2026-09-12 09:52:00,3.159419463827362e-07,1.5552881649227857e-08,315.9419463827362,15552.881649227857
2026-09-12 09:53:00,3.178869860676059e-07,1.6443795658460658e-08,317.8869860676059,16443.795658460658
2026-09-12 09:54:00,3.187183210684452e-07,1.4503946488275687e-08,318.7183210684452,14503.946488275687
2026-09-12 09:55:00,3.206611154382699e-07,1.3636955564777509e-08,320.6611154382699,13636.955564777509
2026-09-12 09:56:00,3.2368700431106845e-07,1.3959420286369095e-08,323.68700431106845,13959.420286369095
2026-09-12 09:57:00,3.263822918597725e-07,1.47870622413393e-08,326.3822918597725,14787.0622413393
2026-09-12 09:58:00,3.2728215160204854e-07,1.5599644243025068e-08,327.28215160204854,15599.644243025068
2026-09-12 09:59:00,3.285784089257504e-07,1.7185705303290888e-08,328.5784089257504,17185.705303290888
2026-09-12 10:00:00,3.2747658451626194e-07,1.5340175352207552e-08,327.47658451626194,15340.175352207552
2026-09-12 10:01:00,3.2945695238595363e-07,1.7592618917205982e-08,329.4569523859536,17592.618917205982
2026-09-12 10:02:00,3.2844531006048783e-07,1.876725796989831e-08,328.4453100604878,18767.25796989831
2026-09-12 10:03:00,3.289929111360834e-07,2.0908597520019612e-08,328.9929111360834,20908.59752001961
2026-09-12 10:04:00,3.304508879864443e-07,1.8796271206156234e-08,330.4508879864443,18796.271206156234
2026-09-12 10:05:00,3.2890571333155094e-07,1.943390870451367e-08,328.90571333155094,19433.90870451367
2026-09-12 10:06:00,3.278752274127328e-07,1.8382415589712764e-08,327.8752274127328,18382.415589712764
2026-09-12 10:07:00,3.268768011821521e-07,1.7724241629935023e-08,326.8768011821521,17724.241629935023
2026-09-12 10:08:00,3.2598271104689047e-07,1.4869677933404546e-08,325.9827110468905,14869.677933404546
2026-09-12 10:09:00,3.245059190248867e-07,1.541259919690674e-08,324.5059190248867,15412.59919690674
2026-09-12 10:10:00,3.2268846439365007e-07,1.5766104866088426e-08,322.68846439365007,15766.104866088426
2026-09-12 10:11:00,3.2216786394201335e-07,1.89516953241764e-08,322.16786394201335,18951.6953241764
2026-09-12 10:12:00,3.2087407930703193e-07,1.9891166047614206e-08,320.87407930703193,19891.166047614206
2026-09-12 10:13:00,3.196045099684852e-07,2.2002570432277935e-08,319.6045099684852,22002.570432277935
2026-09-12 10:14:00,3.1646894171899476e-07,2.060101245149326e-08,316.46894171899476,20601.01245149326
2026-09-12 10:15:00,3.1540307077193575e-07,2.160430767617072e-08,315.40307077193575,21604.30767617072
2026-09-12 10:16:00,3.1872329486759554e-07,1.6990876261502308e-08,318.72329486759554,16990.876261502308
2026-09-12 10:17:00,3.176680536398635e-07,1.669646643165379e-08,317.6680536398635,16696.46643165379
2026-09-12 10:18:00,3.149107783428917e-07,2.1656338944353593e-08,314.9107783428917,21656.338944353593
2026-09-12 10:19:00,3.137632802463486e-07,2.0933546451828988e-08,313.7632802463486,20933.54645182899
2026-09-12 10:20:00,3.12925322987212e-07,2.271241328344331e-08,312.925322987212,22712.41328344331
2026-09-12 10:21:00,3.1333780725617544e-07,2.4554543287536035e-08,313.33780725617544,24554.543287536035
2026-09-12 10:22:00,3.1179428106042906e-07,2.1034146868714743e-08,311.79428106042906,21034.146868714743
2026-09-12 10:23:00,3.110597504019097e-07,2.308303059805894e-08,311.0597504019097,23083.03059805894
2026-09-12 10:24:00,3.124831948753126e-07,2.2820813683210872e-08,312.4831948753126,22820.813683210872
2026-09-12 10:25:00,3.136204327347514e-07,2.0247306053988723e-08,313.6204327347514,20247.306053988723
2026-09-12 10:26:00,3.1169452086032834e-07,2.2709704339263226e-08,311.69452086032834,22709.704339263226
2026-09-12 10:27:00,3.140266358059307e-07,2.2604883298527056e-08,314.0266358059307,22604.883298527056
2026-09-12 10:28:00,3.1549703294331266e-07,2.163244694486366e-08,315.49703294331266,21632.44694486366
2026-09-12 10:29:00,3.1971651992535044e-07,2.236627238971778e-08,319.71651992535044,22366.27238971778
2026-09-12 10:30:00,3.2303105967912416e-07,1.9878138246554045e-08,323.03105967912416,19878.138246554045
2026-09-12 10:31:00,3.253057343499677e-07,2.1148762741063365e-08,325.3057343499677,21148.762741063365
2026-09-12 10:32:00,3.211144985471037e-07,2.1377795533794597e-08,321.1144985471037,21377.795533794597
2026-09-12 10:33:00,3.206863254945347e-07,2.3283742933699614e-08,320.6863254945347,23283.742933699614
2026-09-12 10:34:00,3.188835648870736e-07,2.247022834467316e-08,318.8835648870736,22470.22834467316
2026-09-12 10:35:00,3.199659772690211e-07,2.1559529272963118e-08,319.9659772690211,21559.52927296312
2026-09-12 10:36:00,3.1970753866517043e-07,2.216776984198532e-08,319.70753866517043,22167.76984198532
2026-09-12 10:37:00,3.198481124400132e-07,2.1907254676989396e-08,319.8481124400132,21907.254676989396
2026-09-12 10:38:00,3.1970520808499714e-07,2.1679131378959937e-08,319.70520808499714,21679.131378959937
2026-09-12 10:39:00,3.2100467706186464e-07,2.2193040294382627e-08,321.00467706186464,22193.040294382627
2026-09-12 10:40:00,3.212832950794109e-07,2.261434595141054e-08,321.2832950794109,22614.34595141054
2026-09-12 10:41:00,3.2151442042049894e-07,2.198967230526705e-08,321.51442042049894,21989.67230526705
2026-09-12 10:42:00,3.21346760756569e-07,2.2360470808280297e-08,321.346760756569,22360.470808280297
2026-09-12 10:43:00,3.2216954082286975e-07,2.240065377634437e-08,322.16954082286975,22400.65377634437
2026-09-12 10:44:00,3.237548469314788e-07,2.0796887767460248e-08,323.7548469314788,20796.887767460248
2026-09-12 10:45:00,3.259657432863605e-07,1.854503217657566e-08,325.9657432863605,18545.03217657566
2026-09-12 10:46:00,3.265253667450452e-07,1.9532469863747792e-08,326.5253667450452,19532.469863747792
2026-09-12 10:47:00,3.286339449459774e-07,1.9131128681237897e-08,328.6339449459774,19131.128681237897
2026-09-12 10:48:00,3.336398890496639e-07,1.8918242972176813e-08,333.6398890496639,18918.242972176813
2026-09-12 10:49:00,3.411925035834429e-07,2.0730233529775433e-08,341.1925035834429,20730.233529775433
2026-09-12 10:50:00,3.447894414421171e-07,2.3760271972150804e-08,344.7894414421171,23760.271972150804
2026-09-12 10:51:00,3.457592185895919e-07,2.3878762078766158e-08,345.7592185895919,23878.762078766158
2026-09-12 10:52:00,3.425698480441497e-07,2.2211345651612646e-08,342.5698480441497,22211.345651612646
2026-09-12 10:53:00,3.422230463456799e-07,2.3945204929987085e-08,342.2230463456799,23945.204929987085
2026-09-12 10:54:00,3.416013782953087e-07,2.474379279249206e-08,341.6013782953087,24743.79279249206
2026-09-12 10:55:00,3.5306558743286587e-07,2.6557117394077068e-08,353.06558743286587,26557.117394077068
2026-09-12 10:56:00,3.714079070959997e-07,2.990557845805597e-08,371.4079070959997,29905.57845805597
2026-09-12 10:57:00,3.904722802872129e-07,3.1651033793878014e-08,390.4722802872129,31651.033793878014
2026-09-12 10:58:00,3.866047961764707e-07,2.8105489491281332e-08,386.6047961764707,28105.489491281332
2026-09-12 10:59:00,3.825162764314882e-07,2.7544064806761526e-08,382.5162764314882,27544.064806761526
2026-09-12 11:00:00,3.744169703168154e-07,2.7775366007176672e-08,374.4169703168154,27775.36600717667
2026-09-12 11:01:00,3.7248636886033637e-07,2.7686509085356192e-08,372.48636886033637,27686.509085356192
2026-09-12 11:02:00,3.622515407641913e-07,2.6511692396979925e-08,362.2515407641913,26511.692396979925
2026-09-12 11:03:00,3.5413029308983823e-07,2.685447419992215e-08,354.13029308983823,26854.47419992215
2026-09-12 11:04:00,3.492243081382185e-07,2.5060325370418468e-08,349.2243081382185,25060.325370418468
2026-09-12 11:05:00,3.4570530260680243e-07,2.5464837349886693e-08,345.70530260680243,25464.837349886693
2026-09-12 11:06:00,3.425621741826035e-07,2.57593999464234e-08,342.5621741826035,25759.3999464234
2026-09-12 11:07:00,3.414192804029881e-07,2.4029088052657244e-08,341.4192804029881,24029.088052657244
2026-09-12 11:08:00,3.39231007728813e-07,2.6205789538380486e-08,339.231007728813,26205.789538380486
2026-09-12 11:09:00,3.37122116889077e-07,2.5171589257411142e-08,337.122116889077,25171.589257411142
2026-09-12 11:10:00,3.365587986081664e-07,2.6224757476711602e-08,336.5587986081664,26224.757476711602
2026-09-12 11:11:00,3.3531341614434496e-07,2.430445711354423e-08,335.31341614434496,24304.45711354423
2026-09-12 11:12:00,3.3505961027913145e-07,3.069041198955347e-08,335.05961027913145,30690.411989553468
2026-09-12 11:13:00,3.350625661369122e-07,2.579453273199306e-08,335.0625661369122,25794.53273199306
2026-09-12 11:14:00,3.343080550166633e-07,2.5837568529141208e-08,334.3080550166633,25837.56852914121
2026-09-12 11:15:00,3.332550022605574e-07,2.497599638218162e-08,333.2550022605574,24975.99638218162
2026-09-12 11:16:00,3.344655112869077e-07,2.3404227889045615e-08,334.4655112869077,23404.227889045615
2026-09-12 11:17:00,3.4661150039028144e-07,2.2781822650586037e-08,346.61150039028144,22781.822650586037
2026-09-12 11:18:00,3.480592170035379e-07,2.2790150211449145e-08,348.0592170035379,22790.150211449145
2026-09-12 11:19:00,3.3923424780368805e-07,2.2833372526065432e-08,339.23424780368805,22833.372526065432
2026-09-12 11:20:00,3.3668075616333226e-07,2.1908535430270604e-08,336.68075616333226,21908.535430270604
2026-09-12 11:21:00,3.351178747834638e-07,2.183950620349151e-08,335.1178747834638,21839.50620349151
2026-09-12 11:22:00,3.351349846525409e-07,2.2308228153633536e-08,335.1349846525409,22308.228153633536
2026-09-12 11:23:00,3.3403685506527836e-07,2.2554177192546376e-08,334.03685506527836,22554.177192546376
2026-09-12 11:24:00,3.3133724741674087e-07,2.2722392856167062e-08,331.33724741674087,22722.392856167062
2026-09-12 11:25:00,3.3238896435250354e-07,2.5832630257127676e-08,332.38896435250354,25832.630257127676
2026-09-12 11:26:00,3.3091740192503494e-07,2.644408247931551e-08,330.91740192503494,26444.08247931551
2026-09-12 11:27:00,3.309554017505434e-07,2.7132307067745387e-08,330.9554017505434,27132.307067745387
2026-09-12 11:28:00,3.3090657325374195e-07,2.888445571613829e-08,330.90657325374195,28884.45571613829
2026-09-12 11:29:00,3.317436210181768e-07,2.7867979923712483e-08,331.7436210181768,27867.979923712483
2026-09-12 11:30:00,3.3129376220131235e-07,2.8493900572357234e-08,331.29376220131235,28493.900572357234
2026-09-12 11:31:00,3.305159452793305e-07,3.268021586677605e-08,330.5159452793305,32680.215866776052
2026-09-12 11:32:00,3.2933749594121764e-07,2.579224300802707e-08,329.33749594121764,25792.24300802707
2026-09-12 11:33:00,3.287057950274175e-07,2.6481426829150223e-08,328.7057950274175,26481.426829150223
2026-09-12 11:34:00,3.2647432135490817e-07,2.6778280926009757e-08,326.47432135490817,26778.280926009757
2026-09-12 11:35:00,3.244923618694884e-07,2.7817922187978184e-08,324.4923618694884,27817.922187978184
2026-09-12 11:36:00,3.2563352192482853e-07,2.5897030297983292e-08,325.63352192482853,25897.030297983292
2026-09-12 11:37:00,3.295383237400529e-07,2.449961300499126e-08,329.5383237400529,24499.61300499126
2026-09-12 11:38:00,3.2838485708452936e-07,2.593331593914172e-08,328.38485708452936,25933.31593914172
2026-09-12 11:39:00,3.2971104246826144e-07,2.8096296844637436e-08,329.71104246826144,28096.296844637436
2026-09-12 11:40:00,3.3393297371731023e-07,2.829517065094933e-08,333.93297371731023,28295.17065094933
2026-09-12 11:41:00,3.3938400179067685e-07,2.681905897361503e-08,339.38400179067685,26819.05897361503
2026-09-12 11:42:00,3.4659785796975484e-07,2.5834209438357902e-08,346.59785796975484,25834.209438357902
2026-09-12 11:43:00,3.594363988668192e-07,2.687192157679874e-08,359.4363988668192,26871.92157679874
2026-09-12 11:44:00,3.751304689103563e-07,2.8196827983606454e-08,375.1304689103563,28196.827983606454
2026-09-12 11:45:00,3.7832876387255965e-07,3.030888962030076e-08,378.32876387255965,30308.88962030076
2026-09-12 11:46:00,3.7741452274531184e-07,2.8848784694446294e-08,377.41452274531184,28848.784694446294
2026-09-12 11:47:00,3.760334834623791e-07,3.267054182742868e-08,376.0334834623791,32670.54182742868
2026-09-12 11:48:00,4.0490107267032727e-07,3.116375779654845e-08,404.90107267032727,31163.757796548452
2026-09-12 11:49:00,4.7631363031541696e-07,3.8054448481261716e-08,476.31363031541696,38054.448481261716
2026-09-12 11:50:00,5.993441050122783e-07,5.124136137624191e-08,599.3441050122783,51241.36137624191
2026-09-12 11:51:00,7.260899792527198e-07,6.222846593573195e-08,726.0899792527198,62228.46593573195
2026-09-12 11:52:00,7.967296369315591e-07,6.791749740386877e-08,796.7296369315591,67917.49740386877
2026-09-12 11:53:00,7.931327559163037e-07,6.533463192681666e-08,793.1327559163037,65334.631926816655
2026-09-12 11:54:00,7.727118713773962e-07,5.9982752986798e-08,772.7118713773962,59982.752986798005
2026-09-12 11:55:00,7.517242579524464e-07,5.2908450953736974e-08,751.7242579524464,52908.450953736974
2026-09-12 11:56:00,7.255875402734091e-07,4.932954311698268e-08,725.5875402734091,49329.54311698268
2026-09-12 11:57:00,6.933358918104204e-07,4.679488796455189e-08,693.3358918104204,46794.88796455189
2026-09-12 11:58:00,6.806229180256196e-07,4.4132931975582324e-08,680.6229180256196,44132.93197558232
2026-09-12 11:59:00,8.694426583133463e-07,6.138403563227257e-08,869.4426583133463,61384.03563227257
2026-09-12 12:00:00,7.79936215167254e-07,4.804629938348626e-08,779.936215167254,48046.29938348626
2026-09-12 12:01:00,6.567963168890856e-07,4.019738142346796e-08,656.7963168890856,40197.38142346796
2026-09-12 12:02:00,5.980252808512887e-07,3.753523003524606e-08,598.0252808512887,37535.23003524606
2026-09-12 12:03:00,5.693990487998235e-07,3.626510647336545e-08,569.3990487998235,36265.10647336545
2026-09-12 12:04:00,5.5621018191232e-07,3.586622554507812e-08,556.21018191232,35866.22554507812
2026-09-12 12:05:00,6.385341180248361e-07,4.819788657073332e-08,638.5341180248361,48197.88657073332
2026-09-12 12:06:00,6.330838573376241e-07,4.719586499390971e-08,633.0838573376241,47195.86499390971
2026-09-12 12:07:00,5.604707098427752e-07,3.490393041261086e-08,560.4707098427752,34903.93041261086
2026-09-12 12:08:00,5.333904482540675e-07,3.3111867026036634e-08,533.3904482540675,33111.867026036634
2026-09-12 12:09:00,5.089823957860062e-07,3.19376063373511e-08,508.98239578600624,31937.6063373511
2026-09-12 12:10:00,4.885865791948163e-07,3.2360592427949086e-08,488.5865791948163,32360.592427949086
2026-09-12 12:11:00,4.7672691039224446e-07,3.4997658104884977e-08,476.72691039224446,34997.65810488498
2026-09-12 12:12:00,4.615825162090914e-07,3.3680858990692286e-08,461.5825162090914,33680.858990692286
2026-09-12 12:13:00,4.494510505992366e-07,3.2032687613536837e-08,449.4510505992366,32032.687613536837
2026-09-12 12:14:00,4.4089969719607325e-07,3.2155547557977116e-08,440.89969719607325,32155.547557977116
2026-09-12 12:15:00,4.3186037146369927e-07,3.1361835794996296e-08,431.86037146369927,31361.835794996296
2026-09-12 12:16:00,4.26680372811461e-07,3.182801933121482e-08,426.680372811461,31828.01933121482
2026-09-12 12:17:00,4.246563776177936e-07,3.200122478119738e-08,424.6563776177936,32001.22478119738
2026-09-12 12:18:00,4.200261685127771e-07,3.250328717285811e-08,420.0261685127771,32503.28717285811
2026-09-12 12:19:00,4.14601259990377e-07,2.9906335186069555e-08,414.601259990377,29906.335186069555
2026-09-12 12:20:00,4.091153584795393e-07,3.114847757501593e-08,409.1153584795393,31148.47757501593
2026-09-12 12:21:00,4.0124643874150934e-07,3.13349879377256e-08,401.24643874150934,31334.9879377256
2026-09-12 12:22:00,3.963792778449715e-07,3.182297447779092e-08,396.3792778449715,31822.97447779092
2026-09-12 12:23:00,3.907136090219865e-07,3.1074392836671905e-08,390.7136090219865,31074.392836671905
2026-09-12 12:24:00,3.867995133077784e-07,3.0421869468000295e-08,386.7995133077784,30421.869468000295
2026-09-12 12:25:00,3.7908995409452473e-07,3.090907796376996e-08,379.0899540945247,30909.07796376996
2026-09-12 12:26:00,3.7495954074984184e-07,2.9069948226378983e-08,374.95954074984184,29069.948226378983
2026-09-12 12:27:00,3.7327390600694343e-07,2.746902794115158e-08,373.27390600694343,27469.02794115158
2026-09-12 12:28:00,3.676787230233458e-07,2.8636529592063198e-08,367.6787230233458,28636.529592063198
2026-09-12 12:29:00,3.6550375170918414e-07,3.0482969037848306e-08,365.50375170918414,30482.969037848306
2026-09-12 12:30:00,3.618634139002097e-07,3.236200996070693e-08,361.8634139002097,32362.009960706928
2026-09-12 12:31:00,3.59087522383561e-07,3.2454394727210456e-08,359.087522383561,32454.394727210456
2026-09-12 12:32:00,3.558653247637267e-07,3.099369649817163e-08,355.8653247637267,30993.69649817163
2026-09-12 12:33:00,3.5497629369274364e-07,3.133914106001612e-08,354.97629369274364,31339.141060016118
2026-09-12 12:34:00,3.5367673945074785e-07,3.1619965312756904e-08,353.67673945074785,31619.965312756904
2026-09-12 12:35:00,3.522294207414234e-07,3.118906022336887e-08,352.2294207414234,31189.06022336887
2026-09-12 12:36:00,3.4944051208185556e-07,3.039399487647643e-08,349.44051208185556,30393.994876476427
2026-09-12 12:37:00,3.462906477125216e-07,3.077223098557624e-08,346.2906477125216,30772.230985576243
2026-09-12 12:38:00,3.473631409178779e-07,3.161876449553347e-08,347.3631409178779,31618.76449553347
2026-09-12 12:39:00,3.455994601608836e-07,3.0319899479991363e-08,345.5994601608836,30319.899479991363
2026-09-12 12:40:00,3.450954011441354e-07,2.9683185687190417e-08,345.0954011441354,29683.185687190417
2026-09-12 12:41:00,3.434895177178987e-07,2.9490101027818127e-08,343.4895177178987,29490.101027818127
2026-09-12 12:42:00,3.442599734171381e-07,2.8886569580777177e-08,344.2599734171381,28886.569580777177
2026-09-12 12:43:00,3.4401941206851916e-07,2.961218115160591e-08,344.01941206851916,29612.18115160591
2026-09-12 12:44:00,3.4417439565004315e-07,2.8674765673031288e-08,344.17439565004315,28674.76567303129
2026-09-12 12:45:00,3.4592088127283205e-07,2.799060361269312e-08,345.92088127283205,27990.60361269312
2026-09-12 12:46:00,3.4423337069711124e-07,2.6403562003451952e-08,344.23337069711124,26403.562003451952
2026-09-12 12:47:00,3.4414225069667737e-07,2.8981412825146435e-08,344.14225069667737,28981.412825146435
2026-09-12 12:48:00,3.4496918033255497e-07,2.8187699285808776e-08,344.96918033255497,28187.699285808776
2026-09-12 12:49:00,3.488760285108583e-07,2.8864505452474987e-08,348.8760285108583,28864.505452474987
2026-09-12 12:50:00,3.4779375823745795e-07,3.0933914985098454e-08,347.79375823745795,30933.914985098454
2026-09-12 12:51:00,3.53791847373941e-07,3.165797934912007e-08,353.791847373941,31657.97934912007
2026-09-12 12:52:00,3.5870897363565746e-07,3.317168761896028e-08,358.70897363565746,33171.68761896028
2026-09-12 12:53:00,3.5955579846813635e-07,3.379852842044784e-08,359.55579846813635,33798.52842044784
2026-09-12 12:54:00,3.5897630823455984e-07,3.465279974079749e-08,358.97630823455984,34652.79974079749
2026-09-12 12:55:00,3.6146252568869386e-07,3.485531152591648e-08,361.46252568869386,34855.31152591648
2026-09-12 12:56:00,3.6248172818886815e-07,3.779325652430998e-08,362.48172818886815,37793.25652430998
2026-09-12 12:57:00,3.591131303437578e-07,3.3328824144973623e-08,359.1131303437578,33328.82414497362
2026-09-12 12:58:00,3.5768798056778905e-07,3.335600240461645e-08,357.68798056778905,33356.00240461645
2026-09-12 12:59:00,3.552762279923627e-07,3.2626328305696006e-08,355.2762279923627,32626.328305696006
2026-09-12 13:00:00,3.5165035683348833e-07,3.115541957754431e-08,351.65035683348833,31155.419577544308
2026-09-12 13:01:00,3.5071303727818304e-07,3.4249978853040375e-08,350.71303727818304,34249.978853040375
2026-09-12 13:02:00,3.5156267585989553e-07,3.5164411826826836e-08,351.56267585989553,35164.411826826836
2026-09-12 13:03:00,3.532087475832668e-07,3.5035750300949076e-08,353.2087475832668,35035.750300949076
2026-09-12 13:04:00,3.545806634974724e-07,3.419400584903087e-08,354.5806634974724,34194.00584903087
2026-09-12 13:05:00,3.519629956372228e-07,3.496550959880551e-08,351.9629956372228,34965.50959880551
2026-09-12 13:06:00,3.5258665320725413e-07,3.615017618585625e-08,352.58665320725413,36150.17618585625
2026-09-12 13:07:00,3.530697370024427e-07,3.424641548122054e-08,353.0697370024427,34246.41548122054
2026-09-12 13:08:00,3.534630081958312e-07,3.264432635319281e-08,353.4630081958312,32644.32635319281
2026-09-12 13:09:00,3.5070081594312796e-07,3.4383916158731154e-08,350.70081594312796,34383.916158731154
2026-09-12 13:10:00,3.514017521411006e-07,3.2656071624614924e-08,351.4017521411006,32656.071624614924
2026-09-12 13:11:00,3.4970571505255066e-07,3.2748449285691095e-08,349.70571505255066,32748.449285691095
2026-09-12 13:12:00,3.4810989291145233e-07,3.4515213798158584e-08,348.10989291145233,34515.213798158584
2026-09-12 13:13:00,3.4551931094028987e-07,3.375700430297002e-08,345.51931094028987,33757.00430297002
2026-09-12 13:14:00,3.453206147696619e-07,3.693044092756281e-08,345.3206147696619,36930.44092756281
2026-09-12 13:15:00,3.436705924286798e-07,3.609024545880857e-08,343.6705924286798,36090.24545880857
2026-09-12 13:16:00,3.4281399052815686e-07,3.535843617896717e-08,342.81399052815686,35358.43617896717
2026-09-12 13:17:00,3.4356207834207453e-07,3.572007400975963e-08,343.5620783420745,35720.07400975963
2026-09-12 13:18:00,3.456724471107009e-07,3.6095787692147496e-08,345.6724471107009,36095.787692147496
2026-09-12 13:19:00,3.4583916885821964e-07,3.5728138669810505e-08,345.83916885821964,35728.138669810505
2026-09-12 13:20:00,3.4774663504322234e-07,3.9664239892545083e-08,347.74663504322234,39664.23989254508
2026-09-12 13:21:00,3.4852655517170206e-07,3.771438628064061e-08,348.52655517170206,37714.38628064061
2026-09-12 13:22:00,3.482077488570212e-07,3.823573635486355e-08,348.2077488570212,38235.73635486355
2026-09-12 13:23:00,3.493985616387363e-07,4.060545322204234e-08,349.3985616387363,40605.45322204234
2026-09-12 13:24:00,3.505545294046897e-07,3.803974024663148e-08,350.5545294046897,38039.74024663148
2026-09-12 13:25:00,3.513685555844859e-07,3.612151999732305e-08,351.3685555844859,36121.51999732305
2026-09-12 13:26:00,3.582555621051142e-07,3.4475668542199855e-08,358.2555621051142,34475.668542199855
2026-09-12 13:27:00,3.648669348876865e-07,3.4376888891074486e-08,364.8669348876865,34376.888891074486
2026-09-12 13:28:00,3.6728474128722155e-07,3.241238388795864e-08,367.28474128722155,32412.38388795864
2026-09-12 13:29:00,3.7110135053808335e-07,3.519351210456989e-08,371.10135053808335,35193.51210456989
2026-09-12 13:30:00,3.7280307196851936e-07,3.7926412232991424e-08,372.80307196851936,37926.412232991424
2026-09-12 13:31:00,3.6902869737787114e-07,3.8004717595185866e-08,369.02869737787114,38004.717595185866
2026-09-12 13:32:00,3.7221826687527937e-07,3.7098729421813914e-08,372.21826687527937,37098.729421813914
2026-09-12 13:33:00,3.777619497213891e-07,3.761756062203858e-08,377.7619497213891,37617.56062203858
2026-09-12 13:34:00,3.8909047361812554e-07,3.619041422098235e-08,389.09047361812554,36190.41422098235
2026-09-12 13:35:00,3.997381838871661e-07,3.697870454288932e-08,399.7381838871661,36978.70454288932
2026-09-12 13:36:00,4.1761418856367527e-07,3.7339372482847466e-08,417.61418856367527,37339.372482847466
2026-09-12 13:37:00,4.4693751988234e-07,4.081737969841015e-08,446.93751988234,40817.37969841015
2026-09-12 13:38:00,4.7165673322524526e-07,4.1479331969185296e-08,471.65673322524526,41479.331969185296
2026-09-12 13:39:00,4.903137096334831e-07,4.27856718943076e-08,490.3137096334831,42785.6718943076
2026-09-12 13:40:00,5.393695232669415e-07,4.55369111307391e-08,539.3695232669415,45536.9111307391
2026-09-12 13:41:00,5.829214728692023e-07,4.736828884688293e-08,582.9214728692023,47368.28884688293
2026-09-12 13:42:00,6.194600814524165e-07,4.84400999312129e-08,619.4600814524165,48440.0999312129
2026-09-12 13:43:00,6.481483865172777e-07,4.916764240192606e-08,648.1483865172777,49167.64240192606
2026-09-12 13:44:00,6.556563221238321e-07,4.7628425647872064e-08,655.6563221238321,47628.42564787206
2026-09-12 13:45:00,6.41457347683172e-07,4.76575294783288e-08,641.457347683172,47657.5294783288
2026-09-12 13:46:00,6.245648478397925e-07,4.5361854716929884e-08,624.5648478397925,45361.85471692988
2026-09-12 13:47:00,6.102964107412845e-07,4.4266652565738696e-08,610.2964107412845,44266.652565738696
2026-09-12 13:48:00,5.949056003373698e-07,4.2937120525721184e-08,594.9056003373698,42937.120525721184
2026-09-12 13:49:00,5.891037631045037e-07,4.337492498507345e-08,589.1037631045037,43374.92498507345
2026-09-12 13:50:00,6.037980710971169e-07,4.166464151467153e-08,603.7980710971169,41664.64151467153
2026-09-12 13:51:00,6.187647727529111e-07,4.45722925235259e-08,618.7647727529111,44572.2925235259
2026-09-12 13:52:00,6.198079063324258e-07,4.5439655593781936e-08,619.8079063324258,45439.655593781936
2026-09-12 13:53:00,6.14656471498165e-07,4.600651593023031e-08,614.656471498165,46006.51593023031
2026-09-12 13:54:00,6.083782864152454e-07,4.6903956274491065e-08,608.3782864152454,46903.956274491065
2026-09-12 13:55:00,5.825507969348109e-07,2.9538924195549043e-08,582.5507969348109,29538.924195549043
2026-09-12 13:56:00,5.869245001122181e-07,4.7783832002323834e-08,586.9245001122181,47783.832002323834
2026-09-12 13:57:00,5.759657710768806e-07,4.3195392152028944e-08,575.9657710768806,43195.392152028944
2026-09-12 13:58:00,5.618026079901028e-07,3.960414929338185e-08,561.8026079901028,39604.14929338185
2026-09-12 13:59:00,5.457146698972792e-07,3.630952960520517e-08,545.7146698972792,36309.52960520517
2026-09-12 14:00:00,5.312305688676133e-07,3.2889545309444657e-08,531.2305688676133,32889.54530944466
2026-09-12 14:01:00,5.20750006671733e-07,3.5545692611549384e-08,520.750006671733,35545.692611549384
2026-09-12 14:02:00,5.137080165695806e-07,3.670967885227583e-08,513.7080165695806,36709.67885227583
2026-09-12 14:03:00,5.038659196543449e-07,3.84820602050695e-08,503.8659196543449,38482.0602050695
2026-09-12 14:04:00,4.978156766810571e-07,3.990201946635352e-08,497.8156766810571,39902.01946635352
2026-09-12 14:05:00,4.893223035651317e-07,4.1638884340500226e-08,489.32230356513173,41638.884340500226
2026-09-12 14:06:00,4.783964300258958e-07,4.1683222207211656e-08,478.3964300258958,41683.22220721166
2026-09-12 14:07:00,4.640724284854514e-07,4.4274354848994335e-08,464.0724284854514,44274.354848994335
2026-09-12 14:08:00,4.516591332048847e-07,3.971774376054782e-08,451.6591332048847,39717.74376054782
2026-09-12 14:09:00,4.3988040943077067e-07,3.797446623821088e-08,439.88040943077067,37974.46623821088
2026-09-12 14:10:00,4.2953382717314526e-07,3.300468875977458e-08,429.53382717314526,33004.68875977458
2026-09-12 14:11:00,4.20312886717511e-07,3.151486183128327e-08,420.312886717511,31514.86183128327
2026-09-12 14:12:00,4.143674630086025e-07,3.078634236430844e-08,414.3674630086025,30786.34236430844
2026-09-12 14:13:00,4.080088729097042e-07,3.3944523636364465e-08,408.0088729097042,33944.523636364465
2026-09-12 14:14:00,4.028693183499854e-07,3.712143126222145e-08,402.8693183499854,37121.43126222145
2026-09-12 14:15:00,3.96329255636374e-07,3.6737176856149745e-08,396.329255636374,36737.176856149745
2026-09-12 14:16:00,3.896799398717121e-07,3.490230682245965e-08,389.6799398717121,34902.30682245965
2026-09-12 14:17:00,3.8369816479644214e-07,3.456685959690731e-08,383.69816479644214,34566.85959690731
2026-09-12 14:18:00,3.8332080976033467e-07,3.6130327174532795e-08,383.32080976033467,36130.327174532795
2026-09-12 14:19:00,3.7990812984389777e-07,3.657025970937866e-08,379.90812984389777,36570.25970937866
2026-09-12 14:20:00,3.7279033904269454e-07,3.449562058222e-08,372.79033904269454,34495.62058222
2026-09-12 14:21:00,3.707972950905969e-07,3.515581425972414e-08,370.7972950905969,35155.81425972414
2026-09-12 14:22:00,3.7013711562394747e-07,3.615125976352829e-08,370.13711562394747,36151.25976352829
2026-09-12 14:23:00,3.6704196304526704e-07,3.6115931578706295e-08,367.04196304526704,36115.931578706295
2026-09-12 14:24:00,3.6473124964686576e-07,3.429357064987926e-08,364.73124964686576,34293.57064987926
2026-09-12 14:25:00,3.636262704276305e-07,3.492369060609235e-08,363.6262704276305,34923.69060609235
2026-09-12 14:26:00,3.617724644300324e-07,3.5998020564420585e-08,361.7724644300324,35998.020564420585
2026-09-12 14:27:00,3.593028168324963e-07,3.514064061960198e-08,359.3028168324963,35140.64061960198
2026-09-12 14:28:00,3.572321247702348e-07,3.6040020745531365e-08,357.2321247702348,36040.020745531365
2026-09-12 14:29:00,3.546029745393753e-07,3.546694316014509e-08,354.6029745393753,35466.94316014509
2026-09-12 14:30:00,3.508378085825825e-07,3.5226587868919523e-08,350.8378085825825,35226.58786891952
2026-09-12 14:31:00,3.5280297083772894e-07,3.593714481553434e-08,352.80297083772894,35937.14481553434
2026-09-12 14:32:00,3.5082206295555807e-07,3.7230762472972856e-08,350.82206295555807,37230.762472972856
2026-09-12 14:33:00,3.51377281049281e-07,3.726064079501157e-08,351.377281049281,37260.64079501157
2026-09-12 14:34:00,3.50431065498924e-07,3.616640853465469e-08,350.431065498924,36166.40853465469
2026-09-12 14:35:00,3.493492215511651e-07,3.5499986950071616e-08,349.3492215511651,35499.986950071616
2026-09-12 14:36:00,3.4607202792358294e-07,3.690373162612559e-08,346.07202792358294,36903.73162612559
2026-09-12 14:37:00,3.446363052717061e-07,3.367353684780028e-08,344.6363052717061,33673.53684780028
2026-09-12 14:38:00,3.405330062378198e-07,3.204428011827076e-08,340.5330062378198,32044.280118270763
2026-09-12 14:39:00,3.403600601359358e-07,3.305398266206794e-08,340.3600601359358,33053.98266206794
2026-09-12 14:40:00,3.398804153675883e-07,3.668936443546045e-08,339.8804153675883,36689.36443546045
2026-09-12 14:41:00,3.412191347251792e-07,3.521592972788312e-08,341.2191347251792,35215.92972788312
2026-09-12 14:42:00,3.409781754726282e-07,3.435952322661251e-08,340.9781754726282,34359.52322661251
2026-09-12 14:43:00,3.3856633763207356e-07,3.517962454679946e-08,338.56633763207356,35179.62454679946
2026-09-12 14:44:00,3.3725621051416965e-07,3.242449864160335e-08,337.25621051416965,32424.49864160335
2026-09-12 14:45:00,3.3921759268196183e-07,3.450717045438978e-08,339.21759268196183,34507.17045438978
2026-09-12 14:46:00,3.478327812445059e-07,3.654725588830843e-08,347.8327812445059,36547.25588830843
2026-09-12 14:47:00,3.449170264957502e-07,3.644612789344137e-08,344.9170264957502,36446.12789344137
2026-09-12 14:48:00,3.3954077593989496e-07,3.5528596953326996e-08,339.54077593989496,35528.596953326996
2026-09-12 14:49:00,3.376185873094073e-07,3.3787454611911016e-08,337.6185873094073,33787.45461191102
2026-09-12 14:50:00,3.3520524311825284e-07,3.351468436108007e-08,335.20524311825284,33514.68436108007
2026-09-12 14:51:00,3.413066451685154e-07,3.4935997206275715e-08,341.3066451685154,34935.997206275715
2026-09-12 14:52:00,3.4003292626039183e-07,3.134494974688096e-08,340.03292626039183,31344.949746880957
2026-09-12 14:53:00,3.388478262422723e-07,3.309742524493231e-08,338.8478262422723,33097.42524493231
2026-09-12 14:54:00,3.365472025507188e-07,3.3266534416043214e-08,336.5472025507188,33266.534416043214
2026-09-12 14:55:00,3.3569284596524085e-07,3.5637004458521915e-08,335.69284596524085,35637.004458521915
2026-09-12 14:56:00,3.329284936626209e-07,3.424265315743469e-08,332.9284936626209,34242.65315743469
2026-09-12 14:57:00,3.336540146392508e-07,3.4572845919456086e-08,333.6540146392508,34572.845919456086
2026-09-12 14:58:00,3.3190138992722495e-07,3.4918461011557156e-08,331.90138992722495,34918.461011557156
2026-09-12 14:59:00,3.306933820113045e-07,3.5500349326866854e-08,330.6933820113045,35500.34932686685
2026-09-12 15:00:00,3.320343751056498e-07,3.425067518492142e-08,332.0343751056498,34250.67518492142
2026-09-12 15:01:00,3.3137081345557817e-07,3.128857528622575e-08,331.3708134555782,31288.57528622575
2026-09-12 15:02:00,3.296966042398708e-07,3.2249854342580875e-08,329.6966042398708,32249.854342580875
2026-09-12 15:03:00,3.291385439752048e-07,3.202725906703563e-08,329.1385439752048,32027.25906703563
2026-09-12 15:04:00,3.3066933724512637e-07,3.22766133820096e-08,330.66933724512637,32276.6133820096
2026-09-12 15:05:00,3.322696500163147e-07,3.285946803543993e-08,332.2696500163147,32859.46803543993
2026-09-12 15:06:00,3.3125468235084554e-07,3.56870479834015e-08,331.25468235084554,35687.0479834015
2026-09-12 15:07:00,3.342776153658633e-07,3.570247741890853e-08,334.2776153658633,35702.47741890853
2026-09-12 15:08:00,3.3455799552939425e-07,3.5081747284948506e-08,334.55799552939425,35081.747284948506
2026-09-12 15:09:00,3.3486563211226894e-07,3.595241437892582e-08,334.86563211226894,35952.41437892582
2026-09-12 15:10:00,3.3769134688554914e-07,3.724485253542298e-08,337.69134688554914,37244.85253542298
2026-09-12 15:11:00,3.351065629431105e-07,3.6765495536883464e-08,335.1065629431105,36765.49553688346
2026-09-12 15:12:00,3.339010561376199e-07,3.954835747776997e-08,333.9010561376199,39548.35747776997
2026-09-12 15:13:00,3.332509095343994e-07,3.785369173670006e-08,333.2509095343994,37853.69173670006
2026-09-12 15:14:00,3.3243048846998136e-07,3.750359311993634e-08,332.43048846998136,37503.59311993634
2026-09-12 15:15:00,3.304611766452581e-07,3.7800976571134015e-08,330.4611766452581,37800.976571134015
2026-09-12 15:16:00,3.2911867720031296e-07,3.5616984916941874e-08,329.11867720031296,35616.984916941874
2026-09-12 15:17:00,3.296384818440856e-07,3.3621031292341286e-08,329.6384818440856,33621.031292341286
2026-09-12 15:18:00,3.293302768270223e-07,3.399925319058639e-08,329.3302768270223,33999.25319058639
2026-09-12 15:19:00,3.299987554328254e-07,3.336446141588567e-08,329.9987554328254,33364.46141588567
2026-09-12 15:20:00,3.3009916933224304e-07,3.285639493810777e-08,330.09916933224304,32856.39493810777
2026-09-12 15:21:00,3.3131075838355173e-07,3.221907363126775e-08,331.31075838355173,32219.073631267747
2026-09-12 15:22:00,3.3400255006199586e-07,3.715175722618369e-08,334.00255006199586,37151.75722618369
2026-09-12 15:23:00,3.3501316920592217e-07,3.580640850486816e-08,335.01316920592217,35806.40850486816
2026-09-12 15:24:00,3.3833899237833975e-07,3.7288639731514195e-08,338.33899237833975,37288.639731514195
2026-09-12 15:25:00,3.3622495720919687e-07,3.594427155917401e-08,336.2249572091969,35944.27155917401
2026-09-12 15:26:00,3.3760892392820097e-07,3.6147152826515594e-08,337.60892392820097,36147.152826515594
2026-09-12 15:27:00,3.421995700136904e-07,3.649393676141699e-08,342.1995700136904,36493.93676141699
2026-09-12 15:28:00,3.44969777188453e-07,3.970148654275363e-08,344.969777188453,39701.48654275363
2026-09-12 15:29:00,3.469336036232562e-07,3.9097937332144284e-08,346.9336036232562,39097.93733214428
2026-09-12 15:30:00,3.472864875675441e-07,4.063268832510403e-08,347.2864875675441,40632.68832510403
2026-09-12 15:31:00,3.444761205173563e-07,4.009181608921608e-08,344.4761205173563,40091.81608921608
2026-09-12 15:32:00,3.415514981952583e-07,3.910750834279497e-08,341.5514981952583,39107.50834279497
2026-09-12 15:33:00,3.3909498142747907e-07,3.755596722498922e-08,339.09498142747907,37555.96722498922
2026-09-12 15:34:00,3.363427651947859e-07,3.537158477229241e-08,336.3427651947859,35371.58477229241
2026-09-12 15:35:00,3.3438786317674385e-07,3.696901273997355e-08,334.38786317674385,36969.01273997355
2026-09-12 15:36:00,3.3375874863850186e-07,3.625319067168675e-08,333.75874863850186,36253.19067168675
2026-09-12 15:37:00,3.340857119837892e-07,3.4589763941994534e-08,334.0857119837892,34589.76394199453
2026-09-12 15:38:00,3.3475345162514714e-07,3.60261047660515e-08,334.75345162514714,36026.1047660515
2026-09-12 15:39:00,3.3182183756252925e-07,3.936408887739162e-08,331.82183756252925,39364.08887739162
2026-09-12 15:40:00,3.2959036389001994e-07,3.882243504449434e-08,329.59036389001994,38822.43504449434
2026-09-12 15:41:00,3.315541619031137e-07,3.905714152097062e-08,331.5541619031137,39057.14152097062
2026-09-12 15:42:00,3.3179134106831043e-07,3.9055578326951945e-08,331.79134106831043,39055.578326951945
2026-09-12 15:43:00,3.320404289297585e-07,4.142702181297864e-08,332.0404289297585,41427.02181297864
2026-09-12 15:44:00,3.315376773116441e-07,4.1455919586042e-08,331.5376773116441,41455.919586042
2026-09-12 15:45:00,3.2812738481879933e-07,3.7501301619613514e-08,328.1273848187993,37501.301619613514
2026-09-12 15:46:00,3.2637288427395106e-07,3.7069970204584024e-08,326.37288427395106,37069.970204584024
2026-09-12 15:47:00,3.2731702503951965e-07,3.858909991549808e-08,327.31702503951965,38589.09991549808
2026-09-12 15:48:00,3.295528188118624e-07,3.888628796744342e-08,329.5528188118624,38886.28796744342
2026-09-12 15:49:00,3.301285005363752e-07,4.065359249239009e-08,330.1285005363752,40653.59249239009
2026-09-12 15:50:00,3.303215407868265e-07,3.9925854622424595e-08,330.3215407868265,39925.854622424595
2026-09-12 15:51:00,3.279337761341594e-07,4.0336097129056725e-08,327.9337761341594,40336.097129056725
2026-09-12 15:52:00,3.3243270536331693e-07,4.0824442493203605e-08,332.4327053633169,40824.442493203605
2026-09-12 15:53:00,3.304293159089866e-07,4.09952960467308e-08,330.4293159089866,40995.2960467308
2026-09-12 15:54:00,3.309959026864817e-07,4.1800159777949375e-08,330.9959026864817,41800.159777949375
2026-09-12 15:55:00,3.3083620110119227e-07,4.032867551018171e-08,330.8362011011923,40328.67551018171
2026-09-12 15:56:00,3.307653457795823e-07,4.2034081104702636e-08,330.7653457795823,42034.08110470264
2026-09-12 15:57:00,3.3192389992109383e-07,4.07996409990119e-08,331.92389992109383,40799.6409990119
2026-09-12 15:58:00,3.3160299039991514e-07,3.937345738336262e-08,331.60299039991514,39373.45738336262
2026-09-12 15:59:00,3.3223929563064303e-07,4.014825094600383e-08,332.239295630643,40148.25094600383
2026-09-12 16:00:00,3.3431655310778297e-07,4.2328139215896954e-08,334.31655310778297,42328.139215896954
2026-09-12 16:01:00,3.352112116772332e-07,4.319470292557526e-08,335.2112116772332,43194.70292557526
2026-09-12 16:02:00,3.3710927027641446e-07,4.485539761844848e-08,337.10927027641446,44855.39761844848
2026-09-12 16:03:00,3.378359281214216e-07,4.306739498360912e-08,337.8359281214216,43067.39498360912
2026-09-12 16:04:00,3.3837804380709713e-07,4.2905718089514266e-08,338.37804380709713,42905.71808951427
2026-09-12 16:05:00,3.4120697023354296e-07,4.269893594255336e-08,341.20697023354296,42698.93594255336
2026-09-12 16:06:00,3.4202435017505195e-07,4.168572687035521e-08,342.02435017505195,41685.72687035521
2026-09-12 16:07:00,3.433641495576012e-07,4.51797212974725e-08,343.3641495576012,45179.7212974725
2026-09-12 16:08:00,3.475198013802583e-07,4.9145267411176974e-08,347.5198013802583,49145.267411176974
2026-09-12 16:09:00,3.580424845495145e-07,4.9760142672994334e-08,358.0424845495145,49760.142672994334
2026-09-12 16:10:00,4.6526548658221145e-07,6.293437593285489e-08,465.26548658221145,62934.37593285489
2026-09-12 16:11:00,6.373284691107983e-07,7.643976829285748e-08,637.3284691107983,76439.76829285748
2026-09-12 16:12:00,8.343838544533355e-07,9.07353836510083e-08,834.3838544533355,90735.3836510083
2026-09-12 16:13:00,9.185653198073851e-07,9.255051480749898e-08,918.5653198073851,92550.51480749898
2026-09-12 16:14:00,8.374481126338651e-07,7.693942905007134e-08,837.4481126338651,76939.42905007134
2026-09-12 16:15:00,7.646833068974956e-07,7.198703144695173e-08,764.6833068974956,71987.03144695173
2026-09-12 16:16:00,7.219018698378932e-07,7.000885204888618e-08,721.9018698378932,70008.85204888618
2026-09-12 16:17:00,7.138755222513282e-07,7.271125213037521e-08,713.8755222513282,72711.25213037521
2026-09-12 16:18:00,7.137959414649231e-07,7.332808138471592e-08,713.7959414649231,73328.08138471592
2026-09-12 16:19:00,7.304430482690805e-07,7.607656726804635e-08,730.4430482690805,76076.56726804635
2026-09-12 16:20:00,7.622887210345652e-07,7.756249686963201e-08,762.2887210345652,77562.49686963201
2026-09-12 16:21:00,7.908253678579058e-07,7.816115754621933e-08,790.8253678579058,78161.15754621933
2026-09-12 16:22:00,8.248412655120774e-07,7.834958637431555e-08,824.8412655120774,78349.58637431555
2026-09-12 16:23:00,8.540738463125308e-07,8.301552867351347e-08,854.0738463125308,83015.52867351347
2026-09-12 16:24:00,8.499191039845755e-07,7.952992575610551e-08,849.9191039845755,79529.92575610551
2026-09-12 16:25:00,8.372251159016741e-07,7.322066863935106e-08,837.2251159016741,73220.66863935106
2026-09-12 16:26:00,8.096955639302905e-07,7.219066588959322e-08,809.6955639302905,72190.66588959322
2026-09-12 16:27:00,7.716756158515636e-07,6.761785442677137e-08,771.6756158515636,67617.85442677137
2026-09-12 16:28:00,7.282106935235788e-07,6.503709215621711e-08,728.2106935235788,65037.09215621711
2026-09-12 16:29:00,6.916673100931803e-07,6.174440869699538e-08,691.6673100931803,61744.40869699538
2026-09-12 16:30:00,6.618084853471373e-07,5.895940446976056e-08,661.8084853471373,58959.40446976056
2026-09-12 16:31:00,6.394270712917205e-07,5.8956860726766536e-08,639.4270712917205,58956.860726766536
2026-09-12 16:32:00,6.231170459614077e-07,5.859270046926213e-08,623.1170459614077,58592.70046926213
2026-09-12 16:33:00,6.149434170765744e-07,5.702514371819234e-08,614.9434170765744,57025.14371819234
2026-09-12 16:34:00,6.08575703608949e-07,5.613650699842765e-08,608.575703608949,56136.50699842765
2026-09-12 16:35:00,5.980858759357943e-07,5.668187341711928e-08,598.0858759357943,56681.87341711928
2026-09-12 16:36:00,5.874878752365476e-07,5.510376865913713e-08,587.4878752365476,55103.76865913713
2026-09-12 16:37:00,5.75758974719065e-07,5.3142962030960916e-08,575.758974719065,53142.962030960916
2026-09-12 16:38:00,5.668663902724802e-07,5.351785503648898e-08,566.8663902724802,53517.85503648898
2026-09-12 16:39:00,5.58751935386681e-07,5.260110924609762e-08,558.751935386681,52601.10924609762
2026-09-12 16:40:00,5.482123697220231e-07,5.29295292039933e-08,548.2123697220231,52929.5292039933
2026-09-12 16:41:00,5.400963800639147e-07,4.982859636015746e-08,540.0963800639147,49828.59636015746
2026-09-12 16:42:00,5.317495492818125e-07,5.006133818596936e-08,531.7495492818125,50061.33818596936
2026-09-12 16:43:00,5.249952437225147e-07,5.027963467796326e-08,524.9952437225147,50279.63467796326
2026-09-12 16:44:00,5.197784957999829e-07,4.90776095318779e-08,519.7784957999829,49077.6095318779
2026-09-12 16:45:00,5.107048650643264e-07,4.7808413228267455e-08,510.70486506432644,47808.413228267455
2026-09-12 16:46:00,5.043158921580471e-07,4.8012452680268325e-08,504.31589215804706,48012.452680268325
2026-09-12 16:47:00,4.990503157387138e-07,4.843616352445679e-08,499.05031573871383,48436.16352445679
2026-09-12 16:48:00,4.917964133710484e-07,4.849668755468883e-08,491.7964133710484,48496.68755468883
2026-09-12 16:49:00,4.868284690928704e-07,4.767307615338723e-08,486.82846909287036,47673.07615338723
2026-09-12 16:50:00,4.817006811208557e-07,4.778182827180899e-08,481.70068112085573,47781.82827180899
2026-09-12 16:51:00,4.7631070287934563e-07,4.8142858588562376e-08,476.3107028793456,48142.858588562376
2026-09-12 16:52:00,4.7138769332377706e-07,4.943801812373749e-08,471.38769332377706,49438.01812373749
2026-09-12 16:53:00,4.677699791955092e-07,4.827991872957682e-08,467.7699791955092,48279.91872957682
2026-09-12 16:54:00,4.631083641015721e-07,4.566850009268819e-08,463.1083641015721,45668.50009268819
2026-09-12 16:55:00,4.580485892802244e-07,4.523931096400702e-08,458.0485892802244,45239.31096400702
2026-09-12 16:56:00,4.568072426991421e-07,4.9380584954406004e-08,456.8072426991421,49380.584954406004
2026-09-12 16:57:00,4.53643963282957e-07,4.8206477032408657e-08,453.643963282957,48206.47703240866
2026-09-12 16:58:00,4.5285975147635327e-07,4.570753375787717e-08,452.85975147635327,45707.53375787717
2026-09-12 16:59:00,4.535720847798075e-07,4.707981560159169e-08,453.5720847798075,47079.81560159169
2026-09-12 17:00:00,4.5067119458508387e-07,4.6017394339514794e-08,450.67119458508387,46017.394339514794
2026-09-12 17:01:00,4.464871494747058e-07,4.6569393674644743e-08,446.4871494747058,46569.39367464474
2026-09-12 17:02:00,4.4092746520618675e-07,4.44638992291857e-08,440.92746520618675,44463.8992291857
2026-09-12 17:03:00,4.3839142449542123e-07,4.650260621019697e-08,438.39142449542123,46502.60621019697
2026-09-12 17:04:00,4.3323785803295323e-07,4.754138061002777e-08,433.2378580329532,47541.38061002777
2026-09-12 17:05:00,4.2933930899380357e-07,4.58014106641258e-08,429.33930899380357,45801.4106641258
2026-09-12 17:06:00,4.2815594269995927e-07,4.543626985764604e-08,428.15594269995927,45436.26985764604
2026-09-12 17:07:00,4.2583508275129134e-07,4.7015529247573795e-08,425.83508275129134,47015.529247573795
2026-09-12 17:08:00,4.240811506406317e-07,4.663221986334065e-08,424.0811506406317,46632.21986334065
2026-09-12 17:09:00,4.224321799028985e-07,4.658379282318492e-08,422.4321799028985,46583.79282318492
2026-09-12 17:10:00,4.2391988586132356e-07,4.5364778600287536e-08,423.91988586132356,45364.77860028754
2026-09-12 17:11:00,4.299283773434581e-07,4.547157317347228e-08,429.9283773434581,45471.57317347228
2026-09-12 17:12:00,4.395996029415983e-07,4.698913258494031e-08,439.5996029415983,46989.13258494031
2026-09-12 17:13:00,4.454944075860112e-07,5.095505173358106e-08,445.4944075860112,50955.05173358106
2026-09-12 17:14:00,4.526660006831662e-07,4.632093819623151e-08,452.6660006831662,46320.93819623151
2026-09-12 17:15:00,4.664041171054123e-07,4.853244917057964e-08,466.4041171054123,48532.44917057964
2026-09-12 17:16:00,4.977835033059819e-07,4.77410537769174e-08,497.78350330598187,47741.0537769174
2026-09-12 17:17:00,1.5409801790156052e-06,1.7266934548842983e-07,1540.9801790156052,172669.34548842983
2026-09-12 17:18:00,4.528950285020983e-06,6.282962772274914e-07,4528.950285020983,628296.2772274914
2026-09-12 17:19:00,5.236775905359536e-06,6.7582220708573e-07,5236.775905359536,675822.20708573
2026-09-12 17:20:00,5.958819656370906e-06,6.842824404884595e-07,5958.819656370906,684282.4404884595
2026-09-12 17:21:00,5.566164418269182e-06,5.602355486189481e-07,5566.164418269182,560235.5486189481
2026-09-12 17:22:00,4.535227162705269e-06,4.027062061595643e-07,4535.227162705269,402706.2061595643
2026-09-12 17:23:00,3.490694780339254e-06,2.7396035306992417e-07,3490.694780339254,273960.35306992417
2026-09-12 17:24:00,2.4930131985456683e-06,1.8026413783900352e-07,2493.0131985456683,180264.13783900352
2026-09-12 17:25:00,1.8349085166846635e-06,1.271211260700511e-07,1834.9085166846635,127121.1260700511
2026-09-12 17:26:00,1.524914523542975e-06,1.1052809867351243e-07,1524.914523542975,110528.09867351243
2026-09-12 17:27:00,1.3713212183574797e-06,1.003257423803916e-07,1371.3212183574797,100325.7423803916
2026-09-12 17:28:00,1.2762930055032484e-06,9.439295212132492e-08,1276.2930055032484,94392.95212132492
2026-09-12 17:29:00,1.2125319699407555e-06,9.024815739167025e-08,1212.5319699407555,90248.15739167025
2026-09-12 17:30:00,1.170738869404886e-06,8.657647754262143e-08,1170.738869404886,86576.47754262143
2026-09-12 17:31:00,1.1499845413709409e-06,8.306432164317812e-08,1149.9845413709409,83064.32164317812
2026-09-12 17:32:00,1.1402673862903612e-06,8.173596910410197e-08,1140.2673862903612,81735.96910410197
2026-09-12 17:33:00,1.1257061487413011e-06,7.950394120825877e-08,1125.7061487413011,79503.94120825877
2026-09-12 17:34:00,1.1035884881493985e-06,7.801664736462044e-08,1103.5884881493985,78016.64736462044
2026-09-12 17:35:00,1.0765807019197382e-06,7.235115617731935e-08,1076.5807019197382,72351.15617731935
2026-09-12 17:36:00,1.0621447472658474e-06,6.915454520139974e-08,1062.1447472658474,69154.54520139974
2026-09-12 17:37:00,1.0476803709025262e-06,6.673821673075508e-08,1047.6803709025262,66738.21673075508
2026-09-12 17:38:00,1.0372410770287388e-06,6.79663756386617e-08,1037.2410770287388,67966.3756386617
2026-09-12 17:39:00,1.0302044302079594e-06,6.858183354552239e-08,1030.2044302079594,68581.83354552239
2026-09-12 17:40:00,1.0174310318689095e-06,6.687487541512382e-08,1017.4310318689095,66874.87541512382
2026-09-12 17:41:00,9.986752047552727e-07,6.31395309369509e-08,998.6752047552727,63139.530936950905
2026-09-12 17:42:00,9.74977524492715e-07,6.05290964017513e-08,974.977524492715,60529.0964017513
2026-09-12 17:43:00,9.5495170171489e-07,5.929544144578358e-08,954.9517017148901,59295.44144578358
2026-09-12 17:44:00,9.363804451822944e-07,5.940595926290371e-08,936.3804451822944,59405.95926290371
2026-09-12 17:45:00,9.1739696017612e-07,5.8248247114534024e-08,917.39696017612,58248.247114534024
2026-09-12 17:46:00,8.979956760413188e-07,5.669768299298994e-08,897.9956760413188,56697.68299298994
2026-09-12 17:47:00,8.832774938127841e-07,5.250642587384391e-08,883.2774938127841,52506.42587384391
2026-09-12 17:48:00,8.683190344527247e-07,5.275791181702516e-08,868.3190344527247,52757.91181702516
2026-09-12 17:49:00,8.522483767592348e-07,5.247322221180184e-08,852.2483767592348,52473.22221180184
2026-09-12 17:50:00,8.393245138904604e-07,5.185502160998112e-08,839.3245138904604,51855.02160998112
2026-09-12 17:51:00,8.356412877219555e-07,5.251851220577919e-08,835.6412877219555,52518.51220577919
2026-09-12 17:52:00,8.287082096103404e-07,5.131629521315517e-08,828.7082096103404,51316.29521315517
2026-09-12 17:53:00,8.144327239278937e-07,5.205906106198199e-08,814.4327239278937,52059.06106198199
2026-09-12 17:54:00,8.012152079572843e-07,5.090488031100904e-08,801.2152079572843,50904.88031100904
2026-09-12 17:55:00,7.848590257708565e-07,4.7898453203742974e-08,784.8590257708565,47898.453203742974
2026-09-12 17:56:00,7.617635446877102e-07,4.7075033648980025e-08,761.7635446877102,47075.033648980025
2026-09-12 17:57:00,7.439301157319278e-07,4.492287075663626e-08,743.9301157319278,44922.87075663626
2026-09-12 17:58:00,7.283272793756623e-07,4.60633948762279e-08,728.3272793756623,46063.3948762279
2026-09-12 17:59:00,7.126518539735116e-07,4.6566960065774765e-08,712.6518539735116,46566.960065774765
2026-09-12 18:00:00,6.9974032612663e-07,4.414670584651503e-08,699.74032612663,44146.70584651503
2026-09-12 18:01:00,6.90831882366183e-07,4.740677894687906e-08,690.831882366183,47406.77894687906
2026-09-12 18:02:00,6.798850336053874e-07,4.688288868237578e-08,679.8850336053874,46882.88868237578
2026-09-12 18:03:00,6.691321914331638e-07,4.547408138932951e-08,669.1321914331638,45474.08138932951
2026-09-12 18:04:00,6.593255079678784e-07,4.281854870669122e-08,659.3255079678784,42818.54870669122
2026-09-12 18:05:00,6.470932021329645e-07,4.2340928985140636e-08,647.0932021329645,42340.928985140636
2026-09-12 18:06:00,6.360696147567069e-07,4.4160561429862355e-08,636.0696147567069,44160.561429862355
2026-09-12 18:07:00,6.293971637205686e-07,4.502946637785499e-08,629.3971637205686,45029.46637785499
2026-09-12 18:08:00,6.197345783220953e-07,4.3635690616383727e-08,619.7345783220953,43635.69061638373
2026-09-12 18:09:00,6.09107416948973e-07,4.181625357091434e-08,609.107416948973,41816.25357091434
2026-09-12 18:10:00,6.045522695785621e-07,4.245124785029475e-08,604.5522695785621,42451.24785029475
2026-09-12 18:11:00,5.976648367322923e-07,4.284665067189053e-08,597.6648367322923,42846.65067189053
2026-09-12 18:12:00,5.917076464356796e-07,4.2164792546373064e-08,591.7076464356796,42164.792546373064
2026-09-12 18:13:00,5.847774673384265e-07,4.330629721494006e-08,584.7774673384265,43306.29721494006
2026-09-12 18:14:00,5.75956221382512e-07,4.042600565412613e-08,575.956221382512,40426.00565412613
2026-09-12 18:15:00,5.705131798094953e-07,4.082238902469726e-08,570.5131798094953,40822.38902469726
2026-09-12 18:16:00,5.64646086331777e-07,4.088310490146796e-08,564.646086331777,40883.10490146796
2026-09-12 18:17:00,5.581903792517551e-07,4.173697476517191e-08,558.1903792517551,41736.97476517191
2026-09-12 18:18:00,5.52735230030521e-07,4.18478833807967e-08,552.735230030521,41847.8833807967
2026-09-12 18:19:00,5.444502448881394e-07,4.048809287837685e-08,544.4502448881394,40488.09287837685
2026-09-12 18:20:00,5.407563321568887e-07,4.1515942683645335e-08,540.7563321568887,41515.942683645335
2026-09-12 18:21:00,5.359599413168326e-07,4.1515747284393e-08,535.9599413168326,41515.747284393
2026-09-12 18:22:00,5.294822926771303e-07,4.061481817529966e-08,529.4822926771303,40614.81817529966
2026-09-12 18:23:00,5.266979883344902e-07,4.219662130822144e-08,526.6979883344902,42196.62130822144
2026-09-12 18:24:00,5.225719519330596e-07,4.230694372608923e-08,522.5719519330596,42306.94372608923
2026-09-12 18:25:00,5.178895889912383e-07,4.0029622283555e-08,517.8895889912383,40029.622283555
2026-09-12 18:26:00,5.135586320648144e-07,3.968088790884394e-08,513.5586320648144,39680.88790884394
2026-09-12 18:27:00,5.109224616717256e-07,3.9649844296718584e-08,510.9224616717256,39649.844296718584
2026-09-12 18:28:00,5.830585791954945e-07,4.6798906083722613e-08,583.0585791954945,46798.90608372261
2026-09-12 18:29:00,8.097049430944026e-07,6.430573051829924e-08,809.7049430944026,64305.73051829924
2026-09-12 18:30:00,8.452809652226279e-07,6.509888805794617e-08,845.2809652226279,65098.88805794617
2026-09-12 18:31:00,8.069212640293699e-07,5.805916813983458e-08,806.9212640293699,58059.16813983458
2026-09-12 18:32:00,7.674042876715248e-07,5.189128771121432e-08,767.4042876715248,51891.28771121432
2026-09-12 18:33:00,7.316510846067104e-07,5.108682543664145e-08,731.6510846067104,51086.82543664145
2026-09-12 18:34:00,7.106233965714637e-07,4.7115225498828295e-08,710.6233965714637,47115.225498828295
2026-09-12 18:35:00,6.941459673726058e-07,4.801909625484768e-08,694.1459673726058,48019.09625484768
2026-09-12 18:36:00,6.701313850498991e-07,4.43501591007589e-08,670.1313850498991,44350.1591007589
2026-09-12 18:37:00,6.482508752014837e-07,4.2465888583365086e-08,648.2508752014837,42465.888583365086
2026-09-12 18:38:00,6.276237627389492e-07,4.173933021434095e-08,627.6237627389492,41739.33021434095
2026-09-12 18:39:00,6.092355988585041e-07,4.12658280879441e-08,609.2355988585041,41265.8280879441
2026-09-12 18:40:00,5.955843676019867e-07,3.961958228160256e-08,595.5843676019867,39619.58228160256
2026-09-12 18:41:00,5.814497967548959e-07,3.929136482838658e-08,581.4497967548959,39291.36482838658
2026-09-12 18:42:00,5.704250156668422e-07,4.052462898584963e-08,570.4250156668422,40524.62898584963
2026-09-12 18:43:00,5.580902779911412e-07,4.200800418630024e-08,558.0902779911412,42008.00418630024
2026-09-12 18:44:00,5.49693197626766e-07,4.210486537203906e-08,549.693197626766,42104.86537203906
2026-09-12 18:45:00,5.47298043329647e-07,4.367359807133653e-08,547.298043329647,43673.59807133653
2026-09-12 18:46:00,5.371599627324031e-07,4.187036850566983e-08,537.1599627324031,41870.36850566983
2026-09-12 18:47:00,5.273179226605862e-07,4.0352418295697134e-08,527.3179226605862,40352.418295697134
2026-09-12 18:48:00,5.145789145899471e-07,3.95631829519516e-08,514.5789145899471,39563.1829519516
2026-09-12 18:49:00,5.059406475993455e-07,3.9910545979182643e-08,505.94064759934554,39910.54597918264
2026-09-12 18:50:00,4.968603093402635e-07,3.67953703062085e-08,496.8603093402635,36795.3703062085
2026-09-12 18:51:00,4.944420197716681e-07,3.5564266198662153e-08,494.44201977166813,35564.26619866215
2026-09-12 18:52:00,4.926782253278361e-07,3.504017698219286e-08,492.6782253278361,35040.17698219286
2026-09-12 18:53:00,4.992513140678057e-07,3.548694849087042e-08,499.25131406780565,35486.94849087042
2026-09-12 18:54:00,4.847142349717615e-07,3.820652949571013e-08,484.71423497176147,38206.52949571013
2026-09-12 18:55:00,4.778628408530494e-07,3.806614401469233e-08,477.8628408530494,38066.14401469233
2026-09-12 18:56:00,4.747485320422129e-07,3.779707569151469e-08,474.7485320422129,37797.07569151469
2026-09-12 18:57:00,4.72091159053889e-07,3.599619802230336e-08,472.091159053889,35996.19802230336
2026-09-12 18:58:00,4.7118408019741764e-07,3.602998788210243e-08,471.18408019741764,36029.98788210243
2026-09-12 18:59:00,4.6927408448027563e-07,3.618756139189827e-08,469.27408448027563,36187.56139189827
2026-09-12 19:00:00,4.747088837575575e-07,3.650604085692066e-08,474.7088837575575,36506.04085692066
2026-09-12 19:01:00,4.857458293372474e-07,3.797811132244533e-08,485.7458293372474,37978.11132244533
2026-09-12 19:02:00,5.064777042207425e-07,3.843814866399953e-08,506.47770422074245,38438.14866399953
2026-09-12 19:03:00,5.260933448880678e-07,3.7757079240918756e-08,526.0933448880678,37757.079240918756
2026-09-12 19:04:00,5.419606168288738e-07,3.9845975408070444e-08,541.9606168288738,39845.975408070444
2026-09-12 19:05:00,5.368236770664225e-07,4.183899804388602e-08,536.8236770664225,41838.99804388602
2026-09-12 19:06:00,5.374403144742246e-07,4.345518078707755e-08,537.4403144742246,43455.18078707755
2026-09-12 19:07:00,5.33237084709981e-07,4.217603688516647e-08,533.237084709981,42176.03688516647
2026-09-12 19:08:00,5.317131694937416e-07,4.25704591577869e-08,531.7131694937416,42570.4591577869
2026-09-12 19:09:00,5.322619927028427e-07,4.3285513839919076e-08,532.2619927028427,43285.51383991908
2026-09-12 19:10:00,5.24399297319178e-07,4.2386155030271766e-08,524.399297319178,42386.155030271766
2026-09-12 19:11:00,5.227168458077358e-07,4.0092430708682514e-08,522.7168458077358,40092.430708682514
2026-09-12 19:12:00,5.211733196119894e-07,4.0236930232140367e-08,521.1733196119894,40236.93023214037
2026-09-12 19:13:00,5.141598649061052e-07,3.9192087797346176e-08,514.1598649061052,39192.087797346176
2026-09-12 19:14:00,5.068085897619312e-07,4.039626588792089e-08,506.8085897619312,40396.26588792089
2026-09-12 19:15:00,4.981046686225454e-07,4.003445397415817e-08,498.10466862254543,40034.45397415817
2026-09-12 19:16:00,4.926956762574264e-07,3.8801783119879474e-08,492.6956762574264,38801.783119879474
2026-09-12 19:17:00,4.84514316667628e-07,3.904078482719342e-08,484.514316667628,39040.78482719342
2026-09-12 19:18:00,4.777189701599127e-07,3.799809888960226e-08,477.7189701599127,37998.09888960226
2026-09-12 19:19:00,4.7021956106618745e-07,3.624427691306664e-08,470.21956106618745,36244.27691306664
2026-09-12 19:20:00,4.633891137473256e-07,3.82214828675842e-08,463.3891137473256,38221.4828675842
2026-09-12 19:21:00,4.5829972350475146e-07,3.692691663559344e-08,458.29972350475146,36926.91663559344
2026-09-12 19:22:00,4.554608779017144e-07,3.531622283503566e-08,455.4608779017144,35316.22283503566
2026-09-12 19:23:00,4.5495136191675556e-07,3.508094081894342e-08,454.95136191675556,35080.94081894342
2026-09-12 19:24:00,4.5344054910856357e-07,3.402204740154957e-08,453.4405491085636,34022.04740154957
2026-09-12 19:25:00,4.5401094439512235e-07,3.4909898971591247e-08,454.01094439512235,34909.89897159125
2026-09-12 19:26:00,4.541271039215644e-07,3.4026747641746624e-08,454.1271039215644,34026.747641746624
2026-09-12 19:27:00,4.535680773187778e-07,3.193686737290591e-08,453.5680773187778,31936.86737290591
2026-09-12 19:28:00,4.516960530054348e-07,3.1971829628218984e-08,451.6960530054348,31971.829628218984
2026-09-12 19:29:00,4.491299989695108e-07,3.314476515470233e-08,449.1299989695108,33144.76515470233
2026-09-12 19:30:00,4.473248225167481e-07,3.521862979027901e-08,447.3248225167481,35218.62979027901
2026-09-12 19:31:00,4.4546030153469474e-07,3.496498734989473e-08,445.46030153469474,34964.98734989473
2026-09-12 19:32:00,4.4271257593209157e-07,3.3702441726291e-08,442.71257593209157,33702.441726291
2026-09-12 19:33:00,4.401466924264241e-07,3.4068953880250774e-08,440.1466924264241,34068.953880250774
2026-09-12 19:34:00,4.3617112055471807e-07,3.2236641800409416e-08,436.1711205547181,32236.641800409416
2026-09-12 19:35:00,4.3440059016575105e-07,3.337794396429672e-08,434.40059016575105,33377.94396429672
2026-09-12 19:36:00,4.332524952133099e-07,3.021452954499182e-08,433.2524952133099,30214.52954499182
2026-09-12 19:37:00,4.319475976899412e-07,3.034321593986533e-08,431.9475976899412,30343.21593986533
2026-09-12 19:38:00,4.337348684657627e-07,3.023544081770524e-08,433.7348684657627,30235.44081770524
2026-09-12 19:39:00,4.373951014713384e-07,2.93028801223727e-08,437.3951014713384,29302.8801223727
2026-09-12 19:40:00,4.380572136142291e-07,3.095069089908975e-08,438.0572136142291,30950.69089908975
2026-09-12 19:41:00,4.397988391247054e-07,3.307278717556983e-08,439.7988391247054,33072.78717556983
2026-09-12 19:42:00,4.451182462616998e-07,3.2124212623330095e-08,445.1182462616998,32124.212623330095
2026-09-12 19:43:00,4.504950936734531e-07,3.348537447322997e-08,450.4950936734531,33485.37447322997
2026-09-12 19:44:00,4.5223652023196337e-07,3.358281830401211e-08,452.23652023196337,33582.81830401211
2026-09-12 19:45:00,4.492610798934038e-07,3.450249863590216e-08,449.2610798934038,34502.49863590216
2026-09-12 19:46:00,4.4586434455595736e-07,3.3191327020176686e-08,445.86434455595736,33191.327020176686
2026-09-12 19:47:00,4.4488962203104165e-07,3.332059606009352e-08,444.88962203104165,33320.59606009352
2026-09-12 19:48:00,4.4463976678343897e-07,3.208713650337813e-08,444.639766783439,32087.136503378133
2026-09-12 19:49:00,4.4127867226961826e-07,3.038212881278923e-08,441.27867226961826,30382.128812789233
2026-09-12 19:50:00,4.3975802554996335e-07,3.011560423260562e-08,439.75802554996335,30115.60423260562
2026-09-12 19:51:00,4.3955574824394716e-07,3.003886916985721e-08,439.55574824394716,30038.869169857207
2026-09-12 19:52:00,4.354888289981318e-07,2.9439815918408385e-08,435.4888289981318,29439.815918408385
2026-09-12 19:53:00,4.352512803507125e-07,3.100678114265065e-08,435.2512803507125,31006.781142650652
2026-09-12 19:54:00,4.307973711092927e-07,3.124539560417361e-08,430.7973711092927,31245.39560417361
2026-09-12 19:55:00,4.292204494049656e-07,3.109017043811946e-08,429.2204494049656,31090.170438119458
2026-09-12 19:56:00,4.276084553112014e-07,3.389157399169562e-08,427.6084553112014,33891.57399169562
2026-09-12 19:57:00,4.285065244857833e-07,3.2689747797576274e-08,428.5065244857833,32689.747797576274
2026-09-12 19:58:00,4.277252116935415e-07,3.4147767280501284e-08,427.7252116935415,34147.767280501284
2026-09-12 19:59:00,4.2586259496601997e-07,3.432311146411848e-08,425.86259496601997,34323.11146411848
2026-09-12 20:00:00,4.225357770337723e-07,3.39784875791338e-08,422.5357770337723,33978.4875791338
2026-09-12 20:01:00,4.2066085370606743e-07,3.3425312295776166e-08,420.6608537060674,33425.312295776166
2026-09-12 20:02:00,4.2109658693334495e-07,3.164200634842018e-08,421.09658693334495,31642.006348420182
2026-09-12 20:03:00,4.181661950042326e-07,3.026796235872098e-08,418.1661950042326,30267.96235872098
2026-09-12 20:04:00,4.170535135017417e-07,3.2341045397288326e-08,417.0535135017417,32341.045397288326
2026-09-12 20:05:00,4.1804733541539463e-07,3.256755576330761e-08,418.0473354153946,32567.55576330761
2026-09-12 20:06:00,4.1733150624168047e-07,3.2346324729815024e-08,417.3315062416805,32346.324729815024
2026-09-12 20:07:00,4.1628683788985654e-07,3.163557948937523e-08,416.28683788985654,31635.57948937523
2026-09-12 20:08:00,4.1289004570899124e-07,3.2190708765256204e-08,412.89004570899124,32190.708765256204
2026-09-12 20:09:00,4.1405127149118925e-07,3.057942166151406e-08,414.05127149118925,30579.42166151406
2026-09-12 20:10:00,4.0954432733997237e-07,2.9303595994178977e-08,409.54432733997237,29303.595994178977
2026-09-12 20:11:00,4.0830661873769714e-07,3.0649136562033164e-08,408.30661873769714,30649.136562033164
2026-09-12 20:12:00,4.090001368695084e-07,3.0554438978924736e-08,409.0001368695084,30554.438978924736
2026-09-12 20:13:00,4.108775613076432e-07,3.014536886780661e-08,410.8775613076432,30145.36886780661
2026-09-12 20:14:00,4.1317667864859686e-07,2.986400460258665e-08,413.17667864859686,29864.004602586647
2026-09-12 20:15:00,4.1555554730621225e-07,3.035782469851256e-08,415.55554730621225,30357.82469851256
2026-09-12 20:16:00,4.1865891375891806e-07,3.129156311842962e-08,418.65891375891806,31291.56311842962
2026-09-12 20:17:00,4.1984191057053977e-07,3.062826081645653e-08,419.84191057053977,30628.26081645653
2026-09-12 20:18:00,4.1994687194346625e-07,3.086824307274583e-08,419.94687194346625,30868.243072745827
2026-09-12 20:19:00,4.187556044144003e-07,3.052243968681978e-08,418.7556044144003,30522.43968681978
2026-09-12 20:20:00,4.1666626771075244e-07,2.8626462977854317e-08,416.66626771075244,28626.462977854317
2026-09-12 20:21:00,4.188168531982228e-07,3.055857078493318e-08,418.8168531982228,30558.57078493318
2026-09-12 20:22:00,4.1929689587050234e-07,3.155772176910432e-08,419.29689587050234,31557.72176910432
2026-09-12 20:23:00,4.189907940599369e-07,3.1431977021156854e-08,418.9907940599369,31431.977021156854
2026-09-12 20:24:00,4.1592440425120003e-07,2.977363244838216e-08,415.92440425120003,29773.63244838216
2026-09-12 20:25:00,4.1578047671464446e-07,3.161220973879608e-08,415.78047671464446,31612.209738796082
2026-09-12 20:26:00,4.145088894347282e-07,3.137633441951948e-08,414.5088894347282,31376.33441951948
2026-09-12 20:27:00,4.1331662714583217e-07,3.273769166867169e-08,413.3166271458322,32737.691668671687
2026-09-12 20:28:00,4.114565115287405e-07,3.2520176773687126e-08,411.4565115287405,32520.176773687126
2026-09-12 20:29:00,4.1445761667091574e-07,3.509878965246571e-08,414.45761667091574,35098.78965246571
2026-09-12 20:30:00,4.1359515989825013e-07,3.334456977199807e-08,413.59515989825013,33344.56977199807
2026-09-12 20:31:00,4.124269992189511e-07,3.296752382198065e-08,412.4269992189511,32967.52382198065
2026-09-12 20:32:00,4.1568063124941546e-07,3.3887982198166355e-08,415.68063124941546,33887.982198166355
2026-09-12 20:33:00,4.1475115608591295e-07,3.3669099508415457e-08,414.75115608591295,33669.09950841546
2026-09-12 20:34:00,4.158930835274077e-07,3.446537633067237e-08,415.8930835274077,34465.37633067237
2026-09-12 20:35:00,4.166521136994561e-07,3.408325000009427e-08,416.6521136994561,34083.25000009427
2026-09-12 20:36:00,4.166538190020219e-07,3.4970710771631275e-08,416.6538190020219,34970.710771631275
2026-09-12 20:37:00,4.153271220275201e-07,3.33764056392738e-08,415.3271220275201,33376.4056392738
2026-09-12 20:38:00,4.228311354381731e-07,3.212966959154073e-08,422.8311354381731,32129.669591540733
2026-09-12 20:39:00,4.353553322289372e-07,2.8965665421765152e-08,435.3553322289372,28965.665421765152
2026-09-12 20:40:00,4.43430536734013e-07,2.98886639882312e-08,443.430536734013,29888.6639882312
2026-09-12 20:41:00,4.4172548996357364e-07,3.118539027013867e-08,441.72548996357364,31185.39027013867
2026-09-12 20:42:00,4.4654646558228706e-07,3.151948035906571e-08,446.54646558228706,31519.48035906571
2026-09-12 20:43:00,4.5151634253670636e-07,3.2028719232357616e-08,451.51634253670636,32028.719232357616
2026-09-12 20:44:00,4.5795047753927065e-07,3.348497656929794e-08,457.95047753927065,33484.97656929794
2026-09-12 20:45:00,4.6244358031799493e-07,3.345705579249625e-08,462.44358031799493,33457.05579249625
2026-09-12 20:46:00,4.6071909309830517e-07,3.225815703444823e-08,460.71909309830517,32258.15703444823
2026-09-12 20:47:00,4.583419297432556e-07,3.255690117498489e-08,458.3419297432556,32556.901174984887
2026-09-12 20:48:00,4.5364058109953476e-07,3.259264147459362e-08,453.64058109953476,32592.64147459362
2026-09-12 20:49:00,4.491859897370887e-07,3.376381485509228e-08,449.1859897370887,33763.81485509228
2026-09-12 20:50:00,4.4993672076998337e-07,3.379603086273164e-08,449.93672076998337,33796.03086273164
2026-09-12 20:51:00,4.502923331983766e-07,3.277130389278682e-08,450.2923331983766,32771.30389278682
2026-09-12 20:52:00,4.493641938552173e-07,3.095635747740744e-08,449.3641938552173,30956.357477407437
2026-09-12 20:53:00,4.448204151685786e-07,3.124358372019742e-08,444.8204151685786,31243.58372019742
2026-09-12 20:54:00,4.4387630282471946e-07,2.9629559250565762e-08,443.87630282471946,29629.559250565762
2026-09-12 20:55:00,4.360017840099317e-07,3.0011097607030024e-08,436.0017840099317,30011.097607030024
2026-09-12 20:56:00,4.309031851335021e-07,2.841835566869122e-08,430.9031851335021,28418.35566869122
2026-09-12 20:57:00,4.272998808119155e-07,2.9651623378867953e-08,427.2998808119155,29651.623378867953
2026-09-12 20:58:00,4.222775658035971e-07,2.960554112974023e-08,422.2775658035971,29605.54112974023
2026-09-12 20:59:00,4.1946330497921736e-07,2.9341158835904935e-08,419.46330497921736,29341.158835904935
2026-09-12 21:00:00,4.199882255306875e-07,2.905861684610045e-08,419.9882255306875,29058.61684610045
2026-09-12 21:01:00,4.239649058490613e-07,2.864603132479715e-08,423.9649058490613,28646.03132479715
2026-09-12 21:02:00,4.2057095583913906e-07,3.0216320112685935e-08,420.57095583913906,30216.320112685935
2026-09-12 21:03:00,4.1761509805837704e-07,2.8981880006995198e-08,417.61509805837704,28981.880006995198
2026-09-12 21:04:00,4.1184381416314864e-07,3.015481198076486e-08,411.84381416314864,30154.81198076486
2026-09-12 21:05:00,4.0918826016422827e-07,3.025380479471096e-08,409.18826016422827,30253.80479471096
2026-09-12 21:06:00,4.0502800402464345e-07,2.985801117461051e-08,405.02800402464345,29858.01117461051
2026-09-12 21:07:00,4.033377649648173e-07,2.959245470890437e-08,403.3377649648173,29592.45470890437
2026-09-12 21:08:00,4.028268847378058e-07,2.701501244928295e-08,402.8268847378058,27015.01244928295
2026-09-12 21:09:00,4.0353577901441895e-07,2.9122848133056323e-08,403.53577901441895,29122.848133056323
2026-09-12 21:10:00,4.041048384806345e-07,2.86649601832778e-08,404.1048384806345,28664.9601832778
2026-09-12 21:11:00,4.104590516362805e-07,2.8586661926510715e-08,410.4590516362805,28586.661926510715
2026-09-12 21:12:00,4.1404081230211887e-07,2.941066057360331e-08,414.04081230211887,29410.66057360331
2026-09-12 21:13:00,4.109529356810526e-07,2.8006732932794876e-08,410.9529356810526,28006.732932794876
2026-09-12 21:14:00,4.067246948125103e-07,2.8670815055420462e-08,406.7246948125103,28670.815055420462
2026-09-12 21:15:00,4.034671121644351e-07,2.7710518324397526e-08,403.4671121644351,27710.518324397526
2026-09-12 21:16:00,4.0244208321382757e-07,2.834101842097425e-08,402.4420832138276,28341.01842097425
2026-09-12 21:17:00,4.008897747098672e-07,2.9057622086270385e-08,400.8897747098672,29057.622086270385
2026-09-12 21:18:00,3.9869789247859444e-07,2.583288782886939e-08,398.69789247859444,25832.88782886939
2026-09-12 21:19:00,3.9742664625919133e-07,2.5834644645783555e-08,397.42664625919133,25834.644645783555
2026-09-12 21:20:00,3.948591142943769e-07,2.374808438787568e-08,394.8591142943769,23748.08438787568
2026-09-12 21:21:00,3.9256457284864155e-07,2.548922317657798e-08,392.56457284864155,25489.22317657798
2026-09-12 21:22:00,3.9052176248333126e-07,2.867138526596591e-08,390.52176248333126,28671.38526596591
2026-09-12 21:23:00,3.871029718993668e-07,2.6744157111124878e-08,387.1029718993668,26744.157111124878
2026-09-12 21:24:00,3.8757011111556494e-07,2.7172360361760184e-08,387.57011111556494,27172.360361760184
2026-09-12 21:25:00,3.8376350630642264e-07,2.6319266765995053e-08,383.76350630642264,26319.266765995053
2026-09-12 21:26:00,3.824254122264392e-07,2.1941316319384896e-08,382.4254122264392,21941.316319384896
2026-09-12 21:27:00,3.819840515006945e-07,2.3366716561668e-08,381.9840515006945,23366.716561668
2026-09-12 21:28:00,3.8077925523793965e-07,2.279733557486452e-08,380.77925523793965,22797.33557486452
2026-09-12 21:29:00,3.7973669009261357e-07,2.4350436333975267e-08,379.73669009261357,24350.436333975267
2026-09-12 21:30:00,3.774423191771348e-07,2.299180934528522e-08,377.4423191771348,22991.80934528522
2026-09-12 21:31:00,3.752147961222363e-07,2.3213429400925634e-08,375.2147961222363,23213.429400925634
2026-09-12 21:32:00,3.7469274616341863e-07,2.4906535500690552e-08,374.69274616341863,24906.535500690552
2026-09-12 21:33:00,3.743551815205137e-07,2.6159520771784628e-08,374.3551815205137,26159.520771784628
2026-09-12 21:34:00,3.748024823835294e-07,2.4566187306618303e-08,374.8024823835294,24566.187306618303
2026-09-12 21:35:00,3.7238135064399103e-07,2.606852333997267e-08,372.381350643991,26068.52333997267
2026-09-12 21:36:00,3.7294017829481163e-07,2.7683716652404655e-08,372.94017829481163,27683.716652404655
2026-09-12 21:37:00,3.7095327343195095e-07,2.608843274742867e-08,370.95327343195095,26088.43274742867
2026-09-12 21:38:00,3.713067542321369e-07,2.6975307321208675e-08,371.3067542321369,26975.307321208675
2026-09-12 21:39:00,3.696950727771764e-07,2.6392447338707825e-08,369.6950727771764,26392.447338707825
2026-09-12 21:40:00,3.689572452003631e-07,2.7120965029325816e-08,368.9572452003631,27120.965029325816
2026-09-12 21:41:00,3.6823252003159723e-07,2.6048196488659414e-08,368.23252003159723,26048.196488659414
2026-09-12 21:42:00,3.6667691460934293e-07,2.5638536627070607e-08,366.67691460934293,25638.536627070607
2026-09-12 21:43:00,3.6552972915160353e-07,2.5117383728456844e-08,365.52972915160353,25117.383728456844
2026-09-12 21:44:00,3.6616981446968566e-07,2.5200167286243413e-08,366.16981446968566,25200.167286243413
2026-09-12 21:45:00,3.667739179036289e-07,2.608762628142358e-08,366.7739179036289,26087.62628142358
2026-09-12 21:46:00,3.6843314887846645e-07,2.6150695831006487e-08,368.43314887846645,26150.695831006487
2026-09-12 21:47:00,3.709804445861664e-07,2.4380653940170305e-08,370.9804445861664,24380.653940170305
2026-09-12 21:48:00,3.716750711646455e-07,2.6564645594362446e-08,371.6750711646455,26564.645594362446
2026-09-12 21:49:00,3.701672426359437e-07,2.563539247546487e-08,370.1672426359437,25635.39247546487
2026-09-12 21:50:00,3.7215701809145685e-07,2.5588724028580145e-08,372.15701809145685,25588.724028580145
2026-09-12 21:51:00,3.707262408170209e-07,2.6080387627303026e-08,370.7262408170209,26080.387627303026
2026-09-12 21:52:00,3.6900982536280935e-07,2.522612163602389e-08,369.00982536280935,25226.12163602389
2026-09-12 21:53:00,3.6636555478253285e-07,2.537255916479353e-08,366.36555478253285,25372.55916479353
2026-09-12 21:54:00,3.6420681226445595e-07,2.7967187676836147e-08,364.20681226445595,27967.187676836147
2026-09-12 21:55:00,3.6369743838804425e-07,2.9867265993743786e-08,363.69743838804425,29867.265993743786
2026-09-12 21:56:00,3.639497663243674e-07,2.7845137751114635e-08,363.9497663243674,27845.137751114635
2026-09-12 21:57:00,3.623475492986472e-07,2.8794497453077383e-08,362.3475492986472,28794.497453077383
2026-09-12 21:58:00,3.590631934002886e-07,2.8083158909453232e-08,359.0631934002886,28083.158909453232
2026-09-12 21:59:00,3.591331108054874e-07,2.848031677160634e-08,359.1331108054874,28480.31677160634
2026-09-12 22:00:00,3.574858169486106e-07,2.7927530510396537e-08,357.4858169486106,27927.530510396537
2026-09-12 22:01:00,3.574079698864807e-07,2.8530296347639705e-08,357.4079698864807,28530.296347639705
2026-09-12 22:02:00,3.572145317320974e-07,2.843520618966977e-08,357.2145317320974,28435.20618966977
2026-09-12 22:03:00,3.5718196045309014e-07,2.9670424339656165e-08,357.18196045309014,29670.424339656165
2026-09-12 22:04:00,3.5619407867670816e-07,2.8785692052224476e-08,356.19407867670816,28785.692052224476
2026-09-12 22:05:00,3.5488946537043375e-07,2.942087107271618e-08,354.88946537043375,29420.87107271618
2026-09-12 22:06:00,3.5549129506762256e-07,2.877182403437928e-08,355.49129506762256,28771.82403437928
2026-09-12 22:07:00,3.56481450580759e-07,2.9247672728160978e-08,356.481450580759,29247.67272816098
2026-09-12 22:08:00,3.562317942851223e-07,2.7887873343956926e-08,356.2317942851223,27887.873343956926
2026-09-12 22:09:00,3.543244133652479e-07,2.9629791953311724e-08,354.3244133652479,29629.791953311724
2026-09-12 22:10:00,3.541546789165295e-07,2.653060704460586e-08,354.1546789165295,26530.60704460586
2026-09-12 22:11:00,3.55406996277452e-07,2.6943968833847975e-08,355.406996277452,26943.968833847975
2026-09-12 22:12:00,3.529282821546076e-07,2.7512376377103465e-08,352.9282821546076,27512.376377103465
2026-09-12 22:13:00,3.515098399020644e-07,2.6107077388815014e-08,351.5098399020644,26107.077388815014
2026-09-12 22:14:00,3.5366122119739885e-07,2.6600689650990716e-08,353.66122119739885,26600.689650990716
2026-09-12 22:15:00,3.5475082427183224e-07,2.7168512772846043e-08,354.75082427183224,27168.512772846043
2026-09-12 22:16:00,3.564098562947038e-07,2.7421181769682335e-08,356.4098562947038,27421.181769682335
2026-09-12 22:17:00,3.5851292068400653e-07,2.9098082166001404e-08,358.51292068400653,29098.082166001404
2026-09-12 22:18:00,3.5802608522317314e-07,2.6585263768197365e-08,358.02608522317314,26585.263768197365
2026-09-12 22:19:00,3.570264652807964e-07,2.5795040770049127e-08,357.0264652807964,25795.040770049127
2026-09-12 22:20:00,3.5565253142522124e-07,2.5796403235744947e-08,355.65253142522124,25796.403235744947
2026-09-12 22:21:00,3.568114550489554e-07,2.725109915502344e-08,356.8114550489554,27251.09915502344
2026-09-12 22:22:00,3.5499499517754884e-07,2.8502718407708016e-08,354.99499517754884,28502.718407708016
2026-09-12 22:23:00,3.539385318163113e-07,2.896197237589604e-08,353.9385318163113,28961.97237589604
2026-09-12 22:24:00,3.5213153637414507e-07,2.8408599916929234e-08,352.13153637414507,28408.599916929234
2026-09-12 22:25:00,3.5307567713971366e-07,2.670123500081445e-08,353.07567713971366,26701.23500081445
2026-09-12 22:26:00,3.5541648912840174e-07,2.6463409241728186e-08,355.41648912840174,26463.409241728186
2026-09-12 22:27:00,3.5536004361347295e-07,2.7839805127882755e-08,355.36004361347295,27839.805127882755
2026-09-12 22:28:00,3.5669157227857795e-07,2.5674744108528103e-08,356.69157227857795,25674.744108528103
2026-09-12 22:29:00,3.7690188037231565e-07,2.8839728827279032e-08,376.90188037231565,28839.728827279032
2026-09-12 22:30:00,4.269348607977008e-07,3.241437340761877e-08,426.9348607977008,32414.37340761877
2026-09-12 22:31:00,4.6756957772231544e-07,3.5231206396701964e-08,467.56957772231544,35231.206396701964
2026-09-12 22:32:00,4.829247473026044e-07,3.537335757641813e-08,482.9247473026044,35373.35757641813
2026-09-12 22:33:00,4.7627744947931205e-07,3.3413908084867217e-08,476.27744947931205,33413.90808486722
2026-09-12 22:34:00,4.568883014144376e-07,3.175437868208064e-08,456.8883014144376,31754.37868208064
2026-09-12 22:35:00,4.3690528173101484e-07,3.1373037501225554e-08,436.90528173101484,31373.037501225554
2026-09-12 22:36:00,4.236674158164533e-07,2.9620952801678868e-08,423.6674158164533,29620.952801678868
2026-09-12 22:37:00,4.0759618968877476e-07,2.8355854553296922e-08,407.59618968877476,28355.854553296922
2026-09-12 22:38:00,3.9757296121933905e-07,2.5953356797003835e-08,397.57296121933905,25953.356797003835
2026-09-12 22:39:00,3.9061700363163254e-07,2.3897257506177993e-08,390.61700363163254,23897.257506177993
2026-09-12 22:40:00,3.843433944439312e-07,2.5147123494662083e-08,384.3433944439312,25147.123494662083
2026-09-12 22:41:00,3.8080008835095214e-07,2.2951597955511716e-08,380.80008835095214,22951.597955511716
2026-09-12 22:42:00,3.771394858631538e-07,2.36625457006312e-08,377.1394858631538,23662.5457006312
2026-09-12 22:43:00,3.733779294634587e-07,2.4991686942144042e-08,373.3779294634587,24991.686942144042
2026-09-12 22:44:00,3.7070694247631764e-07,2.367894680332938e-08,370.70694247631764,23678.94680332938
2026-09-12 22:45:00,3.69285828583088e-07,2.3836719265091233e-08,369.285828583088,23836.719265091233
2026-09-12 22:46:00,3.6716303952744056e-07,2.3633834445035973e-08,367.16303952744056,23633.834445035973
2026-09-12 22:47:00,3.6672187775366183e-07,2.305077728692595e-08,366.72187775366183,23050.77728692595
2026-09-12 22:48:00,3.651094289125467e-07,2.3463554654767904e-08,365.1094289125467,23463.554654767904
2026-09-12 22:49:00,3.6474514786277723e-07,2.4981321899986142e-08,364.74514786277723,24981.321899986142
2026-09-12 22:50:00,3.6074376907890837e-07,2.428482659411202e-08,360.7437690789084,24284.82659411202
2026-09-12 22:51:00,3.605312315357878e-07,2.3877110066905516e-08,360.5312315357878,23877.110066905516
2026-09-12 22:52:00,3.6051909546586103e-07,2.2626855056273598e-08,360.519095465861,22626.855056273598
2026-09-12 22:53:00,3.592472523905599e-07,2.3134141713399003e-08,359.2472523905599,23134.141713399003
2026-09-12 22:54:00,3.565558017726289e-07,2.4417584398861436e-08,356.5558017726289,24417.584398861436
2026-09-12 22:55:00,3.5706688095160644e-07,2.5081472898591528e-08,357.06688095160644,25081.472898591528
2026-09-12 22:56:00,3.5677345522344694e-07,2.3422918715709784e-08,356.77345522344694,23422.918715709784
2026-09-12 22:57:00,3.642399519776518e-07,2.5114273327631054e-08,364.2399519776518,25114.273327631054
2026-09-12 22:58:00,3.787228308738122e-07,2.6793511409550774e-08,378.7228308738122,26793.511409550774
2026-09-12 22:59:00,3.9747686741975485e-07,2.673044185996787e-08,397.47686741975485,26730.44185996787
2026-09-12 23:00:00,4.526711450125731e-07,2.9198929496487835e-08,452.6711450125731,29198.929496487835
2026-09-12 23:01:00,5.019998070565634e-07,3.3596212034581185e-08,501.99980705656344,33596.212034581185
2026-09-12 23:02:00,6.225839115359122e-07,4.259813124463108e-08,622.5839115359122,42598.13124463108
2026-09-12 23:03:00,6.846991027487093e-07,4.631512240393931e-08,684.6991027487093,46315.12240393931
2026-09-12 23:04:00,6.829266112617915e-07,4.3168292052087054e-08,682.9266112617915,43168.292052087054
2026-09-12 23:05:00,6.439776143452036e-07,3.894752254041123e-08,643.9776143452036,38947.52254041123
2026-09-12 23:06:00,5.988999873807188e-07,3.439227214130369e-08,598.8999873807188,34392.27214130369
2026-09-12 23:07:00,5.622364369628485e-07,3.290866956717764e-08,562.2364369628485,32908.66956717764
2026-09-12 23:08:00,5.339906579138187e-07,3.088283762053834e-08,533.9906579138187,30882.83762053834
2026-09-12 23:09:00,5.115438170832931e-07,3.047259156119253e-08,511.5438170832931,30472.59156119253
2026-09-12 23:10:00,4.919291995975072e-07,2.8087466574788778e-08,491.92919959750725,28087.466574788778
2026-09-12 23:11:00,4.738128041026357e-07,2.778793195545859e-08,473.8128041026357,27787.93195545859
2026-09-12 23:12:00,4.568890403788828e-07,2.7993737106157823e-08,456.8890403788828,27993.737106157823
2026-09-12 23:13:00,4.4810448684984294e-07,2.8184892642002524e-08,448.10448684984294,28184.892642002524
2026-09-12 23:14:00,4.632996422060387e-07,2.8341887059468718e-08,463.2996422060387,28341.887059468718
2026-09-12 23:15:00,4.578461130222422e-07,2.7616485098747034e-08,457.8461130222422,27616.485098747034
2026-09-12 23:16:00,4.6231448891376203e-07,2.777620267124803e-08,462.31448891376203,27776.20267124803
2026-09-12 23:17:00,4.639296093955636e-07,2.7745738151452315e-08,463.9296093955636,27745.738151452315
2026-09-12 23:18:00,4.533158914910018e-07,2.542290289397897e-08,453.3158914910018,25422.90289397897
2026-09-12 23:19:00,4.436428469034581e-07,2.567537649156293e-08,443.6428469034581,25675.37649156293
2026-09-12 23:20:00,4.461670641831006e-07,2.760592110462312e-08,446.1670641831006,27605.92110462312
2026-09-12 23:21:00,5.108738605485996e-07,3.152852201537826e-08,510.8738605485996,31528.522015378257
2026-09-12 23:22:00,8.525854582330794e-07,6.197871726953963e-08,852.5854582330794,61978.71726953963
2026-09-12 23:23:00,9.77462491391634e-07,7.054990902588543e-08,977.4624913916341,70549.90902588543
2026-09-12 23:24:00,9.723277116790996e-07,7.260854317792109e-08,972.3277116790996,72608.54317792109
2026-09-12 23:25:00,8.477664437123167e-07,5.328002217197536e-08,847.7664437123167,53280.02217197536
2026-09-12 23:26:00,7.252088494169584e-07,4.583255730494784e-08,725.2088494169584,45832.55730494784
2026-09-12 23:27:00,6.468118272096035e-07,4.2500992947225313e-08,646.8118272096035,42500.99294722531
2026-09-12 23:28:00,5.962763793831982e-07,3.8228488818958795e-08,596.2763793831982,38228.488818958795
2026-09-12 23:29:00,5.598162147180119e-07,3.6506474287989477e-08,559.8162147180119,36506.47428798948
2026-09-12 23:30:00,5.280248842609581e-07,3.3469184756995674e-08,528.0248842609581,33469.18475699567
2026-09-12 23:31:00,5.080669325252529e-07,3.187253128089651e-08,508.0669325252529,31872.53128089651
2026-09-12 23:32:00,4.935332640343404e-07,2.8997490630899847e-08,493.5332640343404,28997.490630899847
2026-09-12 23:33:00,4.799974817615293e-07,3.072262089176547e-08,479.99748176152934,30722.620891765473
2026-09-12 23:34:00,4.692783477366902e-07,2.893442108131694e-08,469.2783477366902,28934.42108131694
2026-09-12 23:35:00,4.599362455337541e-07,2.7938780178260458e-08,459.9362455337541,27938.78017826046
2026-09-12 23:36:00,4.5146006755203416e-07,2.6565691868540853e-08,451.46006755203416,26565.691868540853
2026-09-12 23:37:00,4.426408111157798e-07,2.460526538072827e-08,442.6408111157798,24605.26538072827
2026-09-12 23:38:00,4.3962938889308134e-07,2.7041537009608874e-08,439.62938889308134,27041.537009608874
2026-09-12 23:39:00,4.4187004277773667e-07,2.6568608646471148e-08,441.87004277773667,26568.608646471148
2026-09-12 23:40:00,4.398495718760387e-07,2.714071278830943e-08,439.8495718760387,27140.71278830943
2026-09-12 23:41:00,4.3404057237239613e-07,2.7392799140102397e-08,434.0405723723961,27392.799140102397
2026-09-12 23:42:00,4.2456377968846937e-07,2.6667784425171703e-08,424.56377968846937,26667.784425171703
2026-09-12 23:43:00,4.150388406287675e-07,2.695228040749953e-08,415.0388406287675,26952.28040749953
2026-09-12 23:44:00,4.0807412915455643e-07,2.730295989294973e-08,408.07412915455643,27302.95989294973
2026-09-12 23:45:00,4.040058456666884e-07,2.4583355795471107e-08,404.0058456666884,24583.355795471107
2026-09-12 23:46:00,3.963243102589331e-07,2.282970790190575e-08,396.3243102589331,22829.70790190575
2026-09-12 23:47:00,3.9002884477667976e-07,2.363769269209115e-08,390.02884477667976,23637.69269209115
2026-09-12 23:48:00,3.8560861526093504e-07,2.5078131571376616e-08,385.60861526093504,25078.131571376616
2026-09-12 23:49:00,3.858486365970748e-07,2.6376419270945917e-08,385.8486365970748,26376.419270945917
2026-09-12 23:50:00,3.796643568421132e-07,2.580586944134211e-08,379.6643568421132,25805.86944134211
2026-09-12 23:51:00,3.793144855990249e-07,2.3182915143138416e-08,379.3144855990249,23182.915143138416
2026-09-12 23:52:00,3.758142952392518e-07,2.266156329255864e-08,375.8142952392518,22661.56329255864
2026-09-12 23:53:00,3.7256552332110004e-07,2.1682906137243663e-08,372.56552332110004,21682.906137243663
2026-09-12 23:54:00,3.6951996662537567e-07,2.2426849710655006e-08,369.5199666253757,22426.849710655006
2026-09-12 23:55:00,3.672374759844388e-07,2.2128482157768303e-08,367.2374759844388,22128.482157768303
2026-09-12 23:56:00,3.6526034818962216e-07,2.5893314159475267e-08,365.26034818962216,25893.314159475267
2026-09-12 23:57:00,3.6530752822727663e-07,2.4740483439700256e-08,365.30752822727663,24740.483439700256
2026-09-12 23:58:00,3.637827603597543e-07,2.7395849144795648e-08,363.7827603597543,27395.849144795648
2026-09-12 23:59:00,3.6164993844067794e-07,2.615045602283317e-08,361.64993844067794,26150.45602283317
2026-09-13 00:00:00,3.620125141878816e-07,2.6845199840863643e-08,362.0125141878816,26845.199840863643
2026-09-13 00:01:00,3.6250352764000127e-07,2.6641922445946875e-08,362.50352764000127,26641.922445946875
2026-09-13 00:02:00,3.578226142053609e-07,2.5489287125424198e-08,357.8226142053609,25489.287125424198
2026-09-13 00:03:00,3.5527870068108314e-07,2.5965910310787876e-08,355.27870068108314,25965.910310787876
2026-09-13 00:04:00,3.5159607136847626e-07,2.6234785011070016e-08,351.59607136847626,26234.785011070016
2026-09-13 00:05:00,3.5280240240354033e-07,2.666337728385315e-08,352.8024024035403,26663.37728385315
2026-09-13 00:06:00,3.512473369937652e-07,2.543185395609271e-08,351.2473369937652,25431.85395609271
2026-09-13 00:07:00,3.5023518307752965e-07,2.2979763869557246e-08,350.23518307752965,22979.763869557246
2026-09-13 00:08:00,3.5085028571302246e-07,2.3898461876115107e-08,350.85028571302246,23898.461876115107
2026-09-13 00:09:00,3.501366734326439e-07,2.3774459734227094e-08,350.1366734326439,23774.459734227094
2026-09-13 00:10:00,3.520563893744111e-07,2.5908477141456387e-08,352.0563893744111,25908.477141456387
2026-09-13 00:11:00,3.5434248957244563e-07,2.6732472235835303e-08,354.34248957244563,26732.472235835303
2026-09-13 00:12:00,3.557077548066445e-07,2.5737413977822143e-08,355.7077548066445,25737.413977822143
2026-09-13 00:13:00,3.556280034899828e-07,2.725557202154505e-08,355.6280034899828,27255.57202154505
2026-09-13 00:14:00,3.5744903925660765e-07,2.7606054331386076e-08,357.44903925660765,27606.054331386076
2026-09-13 00:15:00,3.5723496694117785e-07,2.714932634262368e-08,357.23496694117785,27149.32634262368
2026-09-13 00:16:00,3.56098382781056e-07,2.578913615991496e-08,356.098382781056,25789.13615991496
2026-09-13 00:17:00,3.5440615420156973e-07,2.6565487587504322e-08,354.40615420156973,26565.48758750432
2026-09-13 00:18:00,3.53193570390431e-07,2.4971745560264935e-08,353.193570390431,24971.745560264935
2026-09-13 00:19:00,3.515331741255068e-07,2.5160568739579503e-08,351.5331741255068,25160.568739579503
2026-09-13 00:20:00,3.510216970425972e-07,2.6678922182554743e-08,351.0216970425972,26678.922182554743
2026-09-13 00:21:00,3.4891991163021885e-07,2.6632443805851835e-08,348.91991163021885,26632.443805851835
2026-09-13 00:22:00,3.519344033975358e-07,2.6350278403697303e-08,351.9344033975358,26350.278403697303
2026-09-13 00:23:00,3.50705903429116e-07,2.706103430227813e-08,350.705903429116,27061.03430227813
2026-09-13 00:24:00,3.474906407063827e-07,2.7552694348287332e-08,347.4906407063827,27552.694348287332
2026-09-13 00:25:00,3.4630969025784e-07,2.897731654627478e-08,346.30969025784,28977.31654627478
2026-09-13 00:26:00,3.4657281844374666e-07,2.7951013947813408e-08,346.57281844374666,27951.013947813408
2026-09-13 00:27:00,3.4824591921278625e-07,2.826966749580606e-08,348.24591921278625,28269.66749580606
2026-09-13 00:28:00,3.4818907579392544e-07,2.70834537019482e-08,348.18907579392544,27083.4537019482
2026-09-13 00:29:00,3.4872536502916773e-07,2.624733319578354e-08,348.72536502916773,26247.33319578354
2026-09-13 00:30:00,3.457247146343434e-07,2.830343603932306e-08,345.7247146343434,28303.43603932306
2026-09-13 00:31:00,3.44624282888617e-07,2.830557299660086e-08,344.624282888617,28305.57299660086
2026-09-13 00:32:00,3.4427060313646507e-07,2.8604720370140058e-08,344.27060313646507,28604.720370140058
2026-09-13 00:33:00,3.434442703564855e-07,2.9193413908501498e-08,343.4442703564855,29193.413908501498
2026-09-13 00:34:00,3.432508606238116e-07,2.8275882968387123e-08,343.2508606238116,28275.882968387123
2026-09-13 00:35:00,3.42534804076422e-07,2.8291699649685143e-08,342.534804076422,28291.699649685143
2026-09-13 00:36:00,3.4155749517594813e-07,3.053779096262588e-08,341.55749517594813,30537.790962625877
2026-09-13 00:37:00,3.42275086495647e-07,2.8388344119889553e-08,342.275086495647,28388.344119889553
2026-09-13 00:38:00,3.425266470458155e-07,2.6096552474541568e-08,342.5266470458155,26096.552474541568
2026-09-13 00:39:00,3.413701392673829e-07,2.6637216876679304e-08,341.3701392673829,26637.216876679304
2026-09-13 00:40:00,3.412339424357924e-07,2.983227886943496e-08,341.2339424357924,29832.27886943496
2026-09-13 00:41:00,3.4268973081452714e-07,2.662256548546793e-08,342.68973081452714,26622.56548546793
2026-09-13 00:42:00,3.4714489061116183e-07,2.7634412091970262e-08,347.1448906111618,27634.412091970262
2026-09-13 00:43:00,3.484175010726176e-07,2.9389619626840613e-08,348.4175010726176,29389.619626840613
2026-09-13 00:44:00,3.497393947782257e-07,2.8238535065838732e-08,349.7393947782257,28238.535065838732
2026-09-13 00:45:00,3.48217639611903e-07,2.8508768679103014e-08,348.217639611903,28508.768679103014
2026-09-13 00:46:00,3.4532914128249104e-07,2.7526612100814418e-08,345.32914128249104,27526.61210081442
2026-09-13 00:47:00,3.4505899293435505e-07,2.713392710518292e-08,345.05899293435505,27133.92710518292
2026-09-13 00:48:00,3.438875353367621e-07,2.5994385310923462e-08,343.8875353367621,25994.385310923462
2026-09-13 00:49:00,3.4299074513910455e-07,2.529963971653615e-08,342.99074513910455,25299.63971653615
2026-09-13 00:50:00,3.4407278803882946e-07,2.5950432913646182e-08,344.07278803882946,25950.432913646182
2026-09-13 00:51:00,3.4260654047102435e-07,2.5634109945826822e-08,342.60654047102435,25634.10994582682
2026-09-13 00:52:00,3.420723544422799e-07,2.6124411078853882e-08,342.0723544422799,26124.411078853882
2026-09-13 00:53:00,3.401637798106094e-07,2.6694765509205354e-08,340.1637798106094,26694.765509205354
2026-09-13 00:54:00,3.3866513149405364e-07,2.5826622618296824e-08,338.66513149405364,25826.622618296824
2026-09-13 00:55:00,3.388704783446883e-07,2.4973326517852e-08,338.8704783446883,24973.326517852
2026-09-13 00:56:00,3.385732725291746e-07,2.4845048685051552e-08,338.5732725291746,24845.04868505155
2026-09-13 00:57:00,3.3723546266628546e-07,2.486436123660951e-08,337.23546266628546,24864.36123660951
2026-09-13 00:58:00,3.3858728443192376e-07,2.4183488989137913e-08,338.58728443192376,24183.488989137913
2026-09-13 00:59:00,3.374735797478934e-07,2.090973261203999e-08,337.4735797478934,20909.73261203999
2026-09-13 01:00:00,3.3723452474987425e-07,2.287054989835724e-08,337.23452474987425,22870.54989835724
2026-09-13 01:01:00,3.350652661993081e-07,2.418504152501555e-08,335.0652661993081,24185.04152501555
2026-09-13 01:02:00,3.367029535183974e-07,2.390132181062654e-08,336.7029535183974,23901.32181062654
2026-09-13 01:03:00,3.356000490839506e-07,2.2936145427365773e-08,335.6000490839506,22936.145427365773
2026-09-13 01:04:00,3.340993544043158e-07,2.3758198963719224e-08,334.0993544043158,23758.198963719224
2026-09-13 01:05:00,3.358726416990976e-07,2.5972658690420758e-08,335.8726416990976,25972.658690420758
2026-09-13 01:06:00,3.375673429673043e-07,2.5926377489327024e-08,337.5673429673043,25926.377489327024
2026-09-13 01:07:00,3.3870318816298095e-07,2.4755202332471526e-08,338.70318816298095,24755.202332471526
2026-09-13 01:08:00,3.376908637164888e-07,2.636767604258239e-08,337.6908637164888,26367.67604258239
2026-09-13 01:09:00,3.3702102086863306e-07,2.7127629920187246e-08,337.02102086863306,27127.629920187246
2026-09-13 01:10:00,3.379308850526286e-07,2.635321827426651e-08,337.9308850526286,26353.21827426651
2026-09-13 01:11:00,3.3829363133008883e-07,2.3742577681673538e-08,338.29363133008883,23742.577681673538
2026-09-13 01:12:00,3.378056590008782e-07,2.2715301639664176e-08,337.8056590008782,22715.301639664176
2026-09-13 01:13:00,3.3846527003333904e-07,2.4692713651575104e-08,338.46527003333904,24692.713651575104
2026-09-13 01:14:00,3.3613406458243844e-07,2.6051740320554018e-08,336.13406458243844,26051.740320554018
2026-09-13 01:15:00,3.352927819832985e-07,2.5608692055811844e-08,335.2927819832985,25608.692055811844
2026-09-13 01:16:00,3.345426193845924e-07,2.5450532348259003e-08,334.5426193845924,25450.532348259003
2026-09-13 01:17:00,3.361806761859043e-07,2.5799845815299705e-08,336.1806761859043,25799.845815299705
2026-09-13 01:18:00,3.3561104828550015e-07,2.4517376573385263e-08,335.61104828550015,24517.376573385263
2026-09-13 01:19:00,3.3630493589953403e-07,2.5134790249126127e-08,336.30493589953403,25134.790249126127
2026-09-13 01:20:00,3.362714267041156e-07,2.489812978012651e-08,336.2714267041156,24898.12978012651
2026-09-13 01:21:00,3.364182248333236e-07,2.6731836300086798e-08,336.4182248333236,26731.836300086798
2026-09-13 01:22:00,3.364735334798752e-07,2.5923657887005902e-08,336.4735334798752,25923.657887005902
2026-09-13 01:23:00,3.369960097643343e-07,2.8042636657232833e-08,336.9960097643343,28042.636657232833
2026-09-13 01:24:00,3.382930628959002e-07,2.6667988706208234e-08,338.2930628959002,26667.988706208234
2026-09-13 01:25:00,3.3880323258017597e-07,2.5037561357521554e-08,338.803232580176,25037.561357521554
2026-09-13 01:26:00,3.3733755344655947e-07,2.5702423300799637e-08,337.33755344655947,25702.423300799637
2026-09-13 01:27:00,3.3792653653108573e-07,2.43559110657543e-08,337.92653653108573,24355.9110657543
2026-09-13 01:28:00,3.40494523243251e-07,2.543063537530088e-08,340.494523243251,25430.63537530088
2026-09-13 01:29:00,3.3847172176137974e-07,2.557337097641721e-08,338.47172176137974,25573.37097641721
2026-09-13 01:30:00,3.3817752864706563e-07,2.563799483823459e-08,338.1775286470656,25637.99483823459
2026-09-13 01:31:00,3.3872197491291445e-07,2.4751123817168263e-08,338.72197491291445,24751.123817168263
2026-09-13 01:32:00,3.3807296517807117e-07,2.5350972876481137e-08,338.0729651780712,25350.972876481137
2026-09-13 01:33:00,3.390042309092678e-07,2.550835631609516e-08,339.0042309092678,25508.35631609516
2026-09-13 01:34:00,3.382542672625277e-07,2.6346809178789954e-08,338.2542672625277,26346.809178789954
2026-09-13 01:35:00,3.4059758036164567e-07,2.5811001336251138e-08,340.59758036164567,25811.001336251138
2026-09-13 01:36:00,3.3996030879279715e-07,2.557298017791254e-08,339.96030879279715,25572.98017791254
2026-09-13 01:37:00,3.3995937087638595e-07,2.455977465842807e-08,339.95937087638595,24559.77465842807
2026-09-13 01:38:00,3.4005105931100843e-07,2.4544736021425706e-08,340.05105931100843,24544.736021425706
2026-09-13 01:39:00,3.409575128898723e-07,2.458926928738947e-08,340.9575128898723,24589.26928738947
2026-09-13 01:40:00,3.409806197396392e-07,2.5538630765709058e-08,340.9806197396392,25538.63076570906
2026-09-13 01:41:00,3.4268535387127486e-07,2.5696596850366404e-08,342.68535387127486,25696.596850366404
2026-09-13 01:42:00,3.423784846745548e-07,2.4621096272881005e-08,342.3784846745548,24621.096272881005
2026-09-13 01:43:00,3.420356051719864e-07,2.416048516806768e-08,342.0356051719864,24160.48516806768
2026-09-13 01:44:00,3.425023749059619e-07,2.5410740178699598e-08,342.5023749059619,25410.740178699598
2026-09-13 01:45:00,3.406834139241255e-07,2.466699200454059e-08,340.6834139241255,24666.99200454059
2026-09-13 01:46:00,3.4278576777069247e-07,2.569465529234094e-08,342.7857677706925,25694.65529234094
2026-09-13 01:47:00,3.4229853440592706e-07,2.5996715891096756e-08,342.29853440592706,25996.715891096756
2026-09-13 01:48:00,3.4021758210656117e-07,2.5094223587984743e-08,340.21758210656117,25094.223587984743
2026-09-13 01:49:00,3.428657180393202e-07,2.352822647821995e-08,342.8657180393202,23528.22647821995
2026-09-13 01:50:00,3.4289942618670466e-07,2.441354496340864e-08,342.89942618670466,24413.54496340864
2026-09-13 01:51:00,3.4270564697180816e-07,2.5124689884137297e-08,342.70564697180816,25124.689884137297
2026-09-13 01:52:00,3.423656096401828e-07,2.469862359077979e-08,342.3656096401828,24698.62359077979
2026-09-13 01:53:00,3.4208107990707504e-07,2.544159549699998e-08,342.08107990707504,25441.59549699998
2026-09-13 01:54:00,3.433648885220464e-07,2.3321645059581897e-08,343.3648885220464,23321.645059581897
2026-09-13 01:55:00,3.452850023677456e-07,2.237189811182816e-08,345.2850023677456,22371.89811182816
2026-09-13 01:56:00,3.4546610550023615e-07,2.2307855118697262e-08,345.46610550023615,22307.85511869726
2026-09-13 01:57:00,3.469887701612606e-07,2.2718687375800073e-08,346.9887701612606,22718.687375800073
2026-09-13 01:58:00,3.460690720658022e-07,2.2798740673124485e-08,346.0690720658022,22798.740673124485
2026-09-13 01:59:00,3.4766887324622076e-07,2.289072398298231e-08,347.66887324622076,22890.72398298231
2026-09-13 02:00:00,3.472943603810563e-07,2.3840277307840552e-08,347.2943603810563,23840.27730784055
2026-09-13 02:01:00,3.4897749401352485e-07,2.4726952929654544e-08,348.97749401352485,24726.952929654544
2026-09-13 02:02:00,3.5312612567395263e-07,2.4268285159223524e-08,353.12612567395263,24268.285159223524
2026-09-13 02:03:00,3.5689910760083876e-07,2.509014329632464e-08,356.89910760083876,25090.14329632464
2026-09-13 02:04:00,3.594680606511247e-07,2.4900543849071255e-08,359.4680606511247,24900.543849071255
2026-09-13 02:05:00,3.6008049164593103e-07,2.1672683203632914e-08,360.08049164593103,21672.683203632914
2026-09-13 02:06:00,3.5961448929811013e-07,2.1941557903915054e-08,359.61448929811013,21941.557903915054
2026-09-13 02:07:00,3.570438593669678e-07,2.391663933565269e-08,357.0438593669678,23916.63933565269
2026-09-13 02:08:00,3.5694117173079576e-07,2.472287441435128e-08,356.94117173079576,24722.87441435128
2026-09-13 02:09:00,3.565573649666476e-07,2.5184263563460263e-08,356.5573649666476,25184.263563460263
2026-09-13 02:10:00,3.5603321180133207e-07,2.5103823020344862e-08,356.0332118013321,25103.823020344862
2026-09-13 02:11:00,3.5452245583655895e-07,2.3538992977023554e-08,354.52245583655895,23538.992977023554
2026-09-13 02:12:00,3.5481684790283907e-07,2.4154658717634447e-08,354.8168479028391,24154.658717634447
2026-09-13 02:13:00,3.5506556628206454e-07,2.3726261844103647e-08,355.06556628206454,23726.261844103647
2026-09-13 02:14:00,3.5489546235112357e-07,2.4960311151289716e-08,354.89546235112357,24960.311151289716
2026-09-13 02:15:00,3.5533815889721154e-07,2.4896465333767992e-08,355.33815889721154,24896.465333767992
2026-09-13 02:16:00,3.561000880836218e-07,2.45647129304416e-08,356.1000880836218,24564.7129304416
2026-09-13 02:17:00,3.593390545120201e-07,2.6905119909770292e-08,359.3390545120201,26905.119909770292
2026-09-13 02:18:00,3.621807707077096e-07,2.4042584811923007e-08,362.1807707077096,24042.584811923007
2026-09-13 02:19:00,3.6836451045019203e-07,2.535590937213783e-08,368.36451045019203,25355.90937213783
2026-09-13 02:20:00,3.712945044753724e-07,2.5954401294825402e-08,371.2945044753724,25954.401294825402
2026-09-13 02:21:00,3.7336542391130934e-07,2.5007761195183775e-08,373.36542391130934,25007.761195183775
2026-09-13 02:22:00,3.733205176104093e-07,2.662159381827678e-08,373.3205176104093,26621.59381827678
2026-09-13 02:23:00,3.732062907602085e-07,2.7269473790170196e-08,373.2062907602085,27269.473790170196
2026-09-13 02:24:00,3.745024059753632e-07,2.5704061101805564e-08,374.5024059753632,25704.061101805564
2026-09-13 02:25:00,3.753878274892486e-07,2.4358520533951378e-08,375.3878274892486,24358.520533951378
2026-09-13 02:26:00,3.779565815875685e-07,2.5813609028091378e-08,377.9565815875685,25813.609028091378
2026-09-13 02:27:00,3.792078189235326e-07,2.628906514701157e-08,379.2078189235326,26289.06514701157
2026-09-13 02:28:00,3.8385542211472057e-07,2.6366979710701344e-08,383.85542211472057,26366.979710701344
2026-09-13 02:29:00,3.9112993022172304e-07,2.5607999276644478e-08,391.12993022172304,25607.999276644478
2026-09-13 02:30:00,3.969151123328629e-07,2.5813415405195883e-08,396.9151123328629,25813.415405195883
2026-09-13 02:31:00,4.04418074140267e-07,2.7269862812318024e-08,404.418074140267,27269.862812318024
2026-09-13 02:32:00,4.065171879119589e-07,2.729780490540179e-08,406.5171879119589,27297.80490540179
2026-09-13 02:33:00,4.0559615399615723e-07,2.854689462594706e-08,405.5961539961572,28546.89462594706
2026-09-13 02:34:00,4.04803785158947e-07,2.8629276727087927e-08,404.803785158947,28629.276727087927
2026-09-13 02:35:00,4.019734092253202e-07,2.7616847475542272e-08,401.9734092253202,27616.847475542272
2026-09-13 02:36:00,4.0374519016950217e-07,2.752059202748569e-08,403.74519016950217,27520.59202748569
2026-09-13 02:37:00,4.0538247958465945e-07,2.8691570008732015e-08,405.38247958465945,28691.570008732015
2026-09-13 02:38:00,4.094638939022843e-07,2.9261924439083487e-08,409.4638939022843,29261.924439083487
2026-09-13 02:39:00,4.110775080334861e-07,2.8897764181579078e-08,411.0775080334861,28897.764181579078
2026-09-13 02:40:00,4.1025990071830165e-07,3.0290365771179495e-08,410.25990071830165,30290.365771179495
2026-09-13 02:41:00,4.043248793550447e-07,2.930781839438623e-08,404.3248793550447,29307.81839438623
2026-09-13 02:42:00,3.9540265106552397e-07,2.8944240781925146e-08,395.40265106552397,28944.240781925146
2026-09-13 02:43:00,3.906400536379806e-07,2.834303280963013e-08,390.6400536379806,28343.03280963013
2026-09-13 02:44:00,3.869248530463665e-07,2.9135394541413007e-08,386.9248530463665,29135.394541413007
2026-09-13 02:45:00,3.826490910796565e-07,2.7678170866352048e-08,382.6490910796565,27678.170866352048
2026-09-13 02:46:00,3.7921671491858433e-07,2.7536019686635882e-08,379.21671491858433,27536.019686635882
2026-09-13 02:47:00,3.767269447507715e-07,2.788339159565112e-08,376.7269447507715,27883.39159565112
2026-09-13 02:48:00,3.7609177638842084e-07,3.041533958025866e-08,376.09177638842084,30415.33958025866
2026-09-13 02:49:00,3.7563617638625146e-07,2.8706221399943388e-08,375.63617638625146,28706.221399943388
2026-09-13 02:50:00,3.733065057076601e-07,2.7915801226185977e-08,373.3065057076601,27915.801226185977
2026-09-13 02:51:00,3.732483548901655e-07,2.9163919279540096e-08,373.2483548901655,29163.919279540096
2026-09-13 02:52:00,3.7212197412372916e-07,2.762858564153703e-08,372.12197412372916,27628.58564153703
2026-09-13 02:53:00,3.709878058089089e-07,2.6697955846088917e-08,370.9878058089089,26697.955846088917
2026-09-13 02:54:00,3.707252460571908e-07,2.957533418168623e-08,370.7252460571908,29575.33418168623
2026-09-13 02:55:00,3.703731010773481e-07,2.7883197972755625e-08,370.3731010773481,27883.197972755625
2026-09-13 02:56:00,3.694065924264578e-07,2.7661382517862876e-08,369.4065924264578,27661.382517862876
2026-09-13 02:57:00,3.6911183087795507e-07,2.9338675489043453e-08,369.1118308779551,29338.675489043453
2026-09-13 02:58:00,3.685547085297003e-07,2.645993646410716e-08,368.5547085297003,26459.93646410716
2026-09-13 02:59:00,3.677117206279945e-07,2.6679419562469775e-08,367.7117206279945,26679.419562469775
2026-09-13 03:00:00,3.695302837058989e-07,2.6711052925065815e-08,369.5302837058989,26711.052925065815
2026-09-13 03:01:00,3.696793839935708e-07,2.6854758417016455e-08,369.6793839935708,26854.758417016455
2026-09-13 03:02:00,3.7102000760569354e-07,2.8166917687144633e-08,371.02000760569354,28166.917687144633
2026-09-13 03:03:00,3.6981597872909333e-07,2.775647267583281e-08,369.81597872909333,27756.47267583281
2026-09-13 03:04:00,3.70508928426716e-07,2.696527623413658e-08,370.508928426716,26965.27623413658
2026-09-13 03:05:00,3.6833779404332745e-07,2.8799759022035687e-08,368.33779404332745,28799.759022035687
2026-09-13 03:06:00,3.6965531080568326e-07,2.8435014343131115e-08,369.65531080568326,28435.014343131115
2026-09-13 03:07:00,3.683910279050906e-07,2.8732804580045013e-08,368.3910279050906,28732.804580045013
2026-09-13 03:08:00,3.665167582767026e-07,2.90028445704138e-08,366.5167582767026,29002.8445704138
2026-09-13 03:09:00,3.6764333799510496e-07,2.78338063708361e-08,367.64333799510496,27833.8063708361
2026-09-13 03:10:00,3.667463488454814e-07,2.8356712533650352e-08,366.7463488454814,28356.712533650352
2026-09-13 03:11:00,3.6409670656212256e-07,2.8339535163013352e-08,364.09670656212256,28339.535163013352
2026-09-13 03:12:00,3.6234786193745094e-07,2.8088031456263707e-08,362.34786193745094,28088.031456263707
2026-09-13 03:13:00,3.6123338986726594e-07,2.8403771779039744e-08,361.23338986726594,28403.771779039744
2026-09-13 03:14:00,3.6154938243271317e-07,2.691471934213041e-08,361.5493824327132,26914.71934213041
2026-09-13 03:15:00,3.63527647095907e-07,2.8576002009117474e-08,363.527647095907,28576.002009117474
2026-09-13 03:16:00,3.788357503253792e-07,2.9649365629325075e-08,378.8357503253792,29649.365629325075
2026-09-13 03:17:00,3.9263534290512325e-07,3.120051417226932e-08,392.63534290512325,31200.514172269322
2026-09-13 03:18:00,4.2877093164861435e-07,3.2199654498299424e-08,428.77093164861435,32199.654498299424
2026-09-13 03:19:00,4.5936604919916135e-07,3.64200474223253e-08,459.36604919916135,36420.0474223253
2026-09-13 03:20:00,5.06388857957063e-07,4.1656367244513604e-08,506.388857957063,41656.3672445136
2026-09-13 03:21:00,5.301885721564759e-07,3.866614051162287e-08,530.1885721564759,38666.14051162287
2026-09-13 03:22:00,5.081727749711717e-07,3.670532322530562e-08,508.17277497117175,36705.32322530562
2026-09-13 03:23:00,4.772434181177232e-07,3.15312966847614e-08,477.2434181177232,31531.2966847614
2026-09-13 03:24:00,4.512722284744086e-07,3.047200181072185e-08,451.2722284744086,30472.00181072185
2026-09-13 03:25:00,4.393033066207863e-07,3.175272311750632e-08,439.3033066207863,31752.72311750632
2026-09-13 03:26:00,4.2940266098412394e-07,3.19259250147752e-08,429.40266098412394,31925.925014775203
2026-09-13 03:27:00,4.208780524095346e-07,2.9537680745761463e-08,420.8780524095346,29537.680745761463
2026-09-13 03:28:00,4.1793481386775966e-07,3.018672600774153e-08,417.93481386775966,30186.726007741527
2026-09-13 03:29:00,4.366070527339616e-07,3.2841512620507274e-08,436.6070527339616,32841.512620507274
2026-09-13 03:30:00,4.55908633512081e-07,3.480466048699782e-08,455.908633512081,34804.66048699782
2026-09-13 03:31:00,4.6436426259788277e-07,3.328553077608376e-08,464.36426259788277,33285.53077608376
2026-09-13 03:32:00,4.682175642756192e-07,3.1118908339067275e-08,468.2175642756192,31118.908339067275
2026-09-13 03:33:00,4.616928208633908e-07,3.051731312098127e-08,461.6928208633908,30517.31312098127
2026-09-13 03:34:00,4.4068900706406566e-07,3.236858248101271e-08,440.68900706406566,32368.58248101271
2026-09-13 03:35:00,4.188185016573698e-07,2.994656966848197e-08,418.8185016573698,29946.56966848197
2026-09-13 03:36:00,4.004175195859716e-07,2.982081781510715e-08,400.4175195859716,29820.817815107148
2026-09-13 03:37:00,3.903012952832796e-07,2.619852601526418e-08,390.3012952832796,26198.52601526418
2026-09-13 03:38:00,3.825389853773231e-07,2.8113060324130856e-08,382.5389853773231,28113.060324130856
2026-09-13 03:39:00,3.74217847820546e-07,2.893433581618865e-08,374.217847820546,28934.33581618865
2026-09-13 03:40:00,3.693294843287731e-07,2.8237453264523538e-08,369.3294843287731,28237.453264523538
2026-09-13 03:41:00,3.661247944819479e-07,2.39676669622213e-08,366.1247944819479,23967.6669622213
2026-09-13 03:42:00,3.6254371593713586e-07,2.5453610774661684e-08,362.54371593713586,25453.610774661684
2026-09-13 03:43:00,3.602365836741228e-07,2.5675230830302098e-08,360.2365836741228,25675.2308303021
2026-09-13 03:44:00,3.600765126066108e-07,2.7635467247932866e-08,360.0765126066108,27635.467247932866
2026-09-13 03:45:00,3.5837064160659793e-07,2.8267141516380434e-08,358.3706416065979,28267.141516380434
2026-09-13 03:46:00,3.5781238238996593e-07,2.9578526294926633e-08,357.81238238996593,29578.526294926633
2026-09-13 03:47:00,3.565073711797595e-07,2.886893391007561e-08,356.5073711797595,28868.93391007561
2026-09-13 03:48:00,3.561656285455683e-07,2.9295193826328614e-08,356.1656285455683,29295.193826328614
2026-09-13 03:49:00,3.5485663829604164e-07,2.831265000224903e-08,354.85663829604164,28312.65000224903
2026-09-13 03:50:00,3.539014983289235e-07,2.880256211312826e-08,353.9014983289235,28802.56211312826
2026-09-13 03:51:00,3.5307175494381227e-07,3.114335811460478e-08,353.07175494381227,31143.35811460478
2026-09-13 03:52:00,3.536870565312711e-07,3.0638791059800496e-08,353.6870565312711,30638.791059800496
2026-09-13 03:53:00,3.5009310295208707e-07,3.1632879426979343e-08,350.09310295208707,31632.879426979343
2026-09-13 03:54:00,3.4939805004796654e-07,3.057144937201883e-08,349.39805004796654,30571.449372018833
2026-09-13 03:55:00,3.467989984073938e-07,3.070186238574024e-08,346.7989984073938,30701.86238574024
2026-09-13 03:56:00,3.458516459886596e-07,3.175746599026752e-08,345.8516459886596,31757.46599026752
2026-09-13 03:57:00,3.4566940598779183e-07,3.155146899302963e-08,345.66940598779183,31551.46899302963
2026-09-13 03:58:00,3.483277453142364e-07,3.161337502888273e-08,348.3277453142364,31613.37502888273
2026-09-13 03:59:00,3.4627086620275804e-07,3.020612382442778e-08,346.27086620275804,30206.123824427777
2026-09-13 04:00:00,3.459188917531719e-07,3.210445242984861e-08,345.9188917531719,32104.452429848607
2026-09-13 04:01:00,3.4715799301920924e-07,3.023833983206714e-08,347.15799301920924,30238.33983206714
2026-09-13 04:02:00,3.460079369688174e-07,3.292495165396758e-08,346.0079369688174,32924.95165396758
2026-09-13 04:03:00,3.4647374036467227e-07,3.078957178104247e-08,346.47374036467227,30789.57178104247
2026-09-13 04:04:00,3.4532615700300084e-07,3.0331293032759277e-08,345.32615700300084,30331.293032759277
2026-09-13 04:05:00,3.4567887041703216e-07,3.0568923392593206e-08,345.67887041703216,30568.923392593206
2026-09-13 04:06:00,3.464047892975941e-07,3.175358287421659e-08,346.4047892975941,31753.58287421659
2026-09-13 04:07:00,3.455650414707634e-07,2.952486255480835e-08,345.5650414707634,29524.86255480835
2026-09-13 04:08:00,3.431999289205123e-07,2.873308169171196e-08,343.1999289205123,28733.08169171196
2026-09-13 04:09:00,3.446650396199402e-07,2.9238032439593553e-08,344.6650396199402,29238.032439593553
2026-09-13 04:10:00,3.4604943266458577e-07,3.012140936675678e-08,346.04943266458577,30121.40936675678
2026-09-13 04:11:00,3.4475519328225346e-07,2.9300521120489975e-08,344.75519328225346,29300.521120489975
2026-09-13 04:12:00,3.4566221529530594e-07,2.8254321549070482e-08,345.66221529530594,28254.321549070482
2026-09-13 04:13:00,3.4606267718118033e-07,2.7592761853156844e-08,346.06267718118033,27592.761853156844
2026-09-13 04:14:00,3.4731104392449197e-07,2.880866567522844e-08,347.31104392449197,28808.66567522844
2026-09-13 04:15:00,3.4732261156023014e-07,2.9299162207507834e-08,347.32261156023014,29299.162207507834
2026-09-13 04:16:00,3.464816984433128e-07,2.922027420027007e-08,346.4816984433128,29220.27420027007
2026-09-13 04:17:00,3.4769692547342856e-07,2.7147384784598216e-08,347.69692547342856,27147.384784598216
2026-09-13 04:18:00,3.465260363100242e-07,2.8570646293246682e-08,346.5260363100242,28570.646293246682
2026-09-13 04:19:00,3.456158026438061e-07,2.912324070791783e-08,345.6158026438061,29123.24070791783
2026-09-13 04:20:00,3.4321584507779335e-07,2.916893926396824e-08,343.21584507779335,29168.93926396824
2026-09-13 04:21:00,3.445572360760707e-07,2.8805363427863995e-08,344.5572360760707,28805.363427863995
2026-09-13 04:22:00,3.4433995210747526e-07,2.9120325706344374e-08,344.33995210747526,29120.325706344374
2026-09-13 04:23:00,3.37192972210687e-07,3.241242296780911e-08,337.192972210687,32412.422967809107
2026-09-13 04:24:00,1.9156841801759583e-07,2.8297884924199934e-08,191.56841801759583,28297.884924199934
2026-09-13 04:25:00,8.247653227044793e-08,2.88196240205707e-08,82.47653227044793,28819.6240205707
2026-09-13 04:26:00,3.130919168370383e-08,2.6023869281743828e-08,31.30919168370383,26023.869281743828
2026-09-13 04:27:00,0.0,0.0,0.0,0.0
2026-09-13 04:28:00,0.0,0.0,0.0,0.0
2026-09-13 04:29:00,0.0,0.0,0.0,0.0
2026-09-13 04:30:00,0.0,0.0,0.0,0.0
2026-09-13 04:31:00,0.0,0.0,0.0,0.0
2026-09-13 04:32:00,0.0,0.0,0.0,0.0
2026-09-13 04:33:00,0.0,0.0,0.0,0.0
2026-09-13 04:34:00,0.0,0.0,0.0,0.0
2026-09-13 04:35:00,0.0,0.0,0.0,0.0
2026-09-13 04:36:00,0.0,0.0,0.0,0.0
2026-09-13 04:37:00,0.0,0.0,0.0,0.0
2026-09-13 04:38:00,0.0,0.0,0.0,0.0
2026-09-13 04:39:00,0.0,0.0,0.0,0.0
2026-09-13 04:40:00,0.0,0.0,0.0,0.0
2026-09-13 04:41:00,0.0,0.0,0.0,0.0
2026-09-13 04:42:00,0.0,0.0,0.0,0.0
2026-09-13 04:43:00,0.0,0.0,0.0,0.0
2026-09-13 04:44:00,0.0,0.0,0.0,0.0
2026-09-13 04:45:00,0.0,0.0,0.0,0.0
2026-09-13 04:46:00,0.0,0.0,0.0,0.0
2026-09-13 04:47:00,0.0,0.0,0.0,0.0
2026-09-13 04:48:00,0.0,0.0,0.0,0.0
2026-09-13 04:49:00,0.0,0.0,0.0,0.0
2026-09-13 04:50:00,0.0,0.0,0.0,0.0
2026-09-13 04:51:00,0.0,0.0,0.0,0.0
2026-09-13 04:52:00,0.0,0.0,0.0,0.0
2026-09-13 04:53:00,0.0,0.0,0.0,0.0
2026-09-13 04:54:00,0.0,0.0,0.0,0.0
2026-09-13 04:55:00,0.0,0.0,0.0,0.0
2026-09-13 04:56:00,0.0,0.0,0.0,0.0
2026-09-13 04:57:00,0.0,0.0,0.0,0.0
2026-09-13 04:58:00,0.0,0.0,0.0,0.0
2026-09-13 04:59:00,0.0,0.0,0.0,0.0
2026-09-13 05:00:00,0.0,0.0,0.0,0.0
2026-09-13 05:01:00,0.0,0.0,0.0,0.0
2026-09-13 05:02:00,0.0,0.0,0.0,0.0
2026-09-13 05:03:00,0.0,0.0,0.0,0.0
2026-09-13 05:04:00,0.0,0.0,0.0,0.0
2026-09-13 05:05:00,0.0,0.0,0.0,0.0
2026-09-13 05:06:00,0.0,0.0,0.0,0.0
2026-09-13 05:07:00,0.0,0.0,0.0,0.0
2026-09-13 05:08:00,0.0,0.0,0.0,0.0
2026-09-13 05:09:00,0.0,0.0,0.0,0.0
2026-09-13 05:10:00,0.0,0.0,0.0,0.0
2026-09-13 05:11:00,0.0,0.0,0.0,0.0
2026-09-13 05:12:00,0.0,0.0,0.0,0.0
2026-09-13 05:13:00,0.0,0.0,0.0,0.0
2026-09-13 05:14:00,0.0,0.0,0.0,0.0
2026-09-13 05:15:00,0.0,0.0,0.0,0.0
2026-09-13 05:16:00,0.0,0.0,0.0,0.0
2026-09-13 05:17:00,0.0,0.0,0.0,0.0
2026-09-13 05:18:00,0.0,0.0,0.0,0.0
2026-09-13 05:19:00,0.0,0.0,0.0,0.0
2026-09-13 05:20:00,0.0,0.0,0.0,0.0
2026-09-13 05:21:00,0.0,0.0,0.0,0.0
2026-09-13 05:22:00,0.0,0.0,0.0,0.0
2026-09-13 05:23:00,0.0,0.0,0.0,0.0
2026-09-13 05:24:00,0.0,0.0,0.0,0.0
2026-09-13 05:25:00,0.0,0.0,0.0,0.0
2026-09-13 05:26:00,2.930145370783066e-08,2.7229971166775613e-08,29.30145370783066,27229.971166775613
2026-09-13 05:27:00,4.727748503796647e-08,2.581007940705149e-08,47.27748503796647,25810.07940705149
2026-09-13 05:28:00,1.661144892750599e-07,2.6953067333579384e-08,166.1144892750599,26953.067333579384
2026-09-13 05:29:00,2.274773009958153e-07,2.7791370982299668e-08,227.4773009958153,27791.370982299668
2026-09-13 05:30:00,3.15380304982682e-07,2.7977890226793534e-08,315.380304982682,27977.890226793534
2026-09-13 05:31:00,3.32015105186656e-07,2.8062475010415255e-08,332.015105186656,28062.475010415255
2026-09-13 05:32:00,3.324352064737468e-07,2.8100391347152254e-08,332.4352064737468,28100.391347152254
2026-09-13 05:33:00,3.31704939071642e-07,3.078258004052259e-08,331.704939071642,30782.58004052259
2026-09-13 05:34:00,3.304097901946079e-07,2.941190047067721e-08,330.4097901946079,29411.90047067721
2026-09-13 05:35:00,3.317255163892696e-07,2.7608137997958693e-08,331.7255163892696,27608.137997958693
2026-09-13 05:36:00,3.3049357739400875e-07,2.984276648021478e-08,330.49357739400875,29842.766480214777
2026-09-13 05:37:00,3.305033260403434e-07,2.9615572216812325e-08,330.5033260403434,29615.572216812325
2026-09-13 05:38:00,3.309147302843485e-07,3.002870840873584e-08,330.9147302843485,30028.708408735838
2026-09-13 05:39:00,3.306039104700176e-07,3.0689296437458324e-08,330.6039104700176,30689.296437458324
2026-09-13 05:40:00,3.2957072448880353e-07,2.889233741143471e-08,329.57072448880353,28892.33741143471
2026-09-13 05:41:00,3.281246279129846e-07,3.0081501734002813e-08,328.1246279129846,30081.501734002813
2026-09-13 05:42:00,3.270501736096776e-07,2.5556557758932286e-08,327.0501736096776,25556.557758932286
2026-09-13 05:43:00,3.2755698953224055e-07,2.6061458768822376e-08,327.55698953224055,26061.458768822376
2026-09-13 05:44:00,3.2758708812252735e-07,2.734261705938934e-08,327.58708812252735,27342.61705938934
2026-09-13 05:45:00,3.293454824415676e-07,2.7547141456807367e-08,329.3454824415676,27547.141456807367
2026-09-13 05:46:00,3.4203426935164316e-07,2.474340021763055e-08,342.03426935164316,24743.40021763055
2026-09-13 05:47:00,3.380682187525963e-07,2.4629676076415308e-08,338.0682187525963,24629.676076415308
2026-09-13 05:48:00,3.3171173186019587e-07,2.3628793144325755e-08,331.71173186019587,23628.793144325755
2026-09-13 05:49:00,3.324421982142667e-07,2.4461888514792918e-08,332.4421982142667,24461.888514792918
2026-09-13 05:50:00,3.309220346636721e-07,2.3604542320754263e-08,330.9220346636721,23604.542320754263
2026-09-13 05:51:00,3.3182379866047995e-07,2.473884030962381e-08,331.82379866047995,24738.84030962381
2026-09-13 05:52:00,3.31383745333369e-07,2.6063631253236963e-08,331.383745333369,26063.631253236963
2026-09-13 05:53:00,3.302302786778455e-07,2.4465578007948352e-08,330.2302786778455,24465.578007948352
2026-09-13 05:54:00,3.3033830959539046e-07,2.7421625858892185e-08,330.33830959539046,27421.625858892185
2026-09-13 05:55:00,3.315844594453665e-07,2.707229107556941e-08,331.5844594453665,27072.29107556941
2026-09-13 05:56:00,3.299881541352079e-07,2.7120115930756583e-08,329.9881541352079,27120.115930756583
2026-09-13 05:57:00,3.2943799510576355e-07,2.7278145964260148e-08,329.43799510576355,27278.145964260148
2026-09-13 05:58:00,3.3224455364688765e-07,2.6725059498744486e-08,332.24455364688765,26725.059498744486
2026-09-13 05:59:00,3.3889517681018333e-07,2.685092148624335e-08,338.89517681018333,26850.92148624335
2026-09-13 06:00:00,3.4982733154720336e-07,2.7597792495726026e-08,349.82733154720336,27597.792495726026
2026-09-13 06:01:00,3.6060737329535186e-07,2.846690172475519e-08,360.60737329535186,28466.90172475519
2026-09-13 06:02:00,3.670542696454504e-07,2.9163386372488276e-08,367.0542696454504,29163.386372488276
2026-09-13 06:03:00,3.823307110906171e-07,3.074720567042277e-08,382.3307110906171,30747.205670422773
2026-09-13 06:04:00,4.217805553707876e-07,3.414866256434834e-08,421.7805553707876,34148.66256434834
2026-09-13 06:05:00,4.788084879692178e-07,3.7204021197112525e-08,478.8084879692178,37204.021197112525
2026-09-13 06:06:00,5.272789849186665e-07,3.946625781736657e-08,527.2789849186665,39466.25781736657
2026-09-13 06:07:00,5.406872105595539e-07,3.785283197998979e-08,540.6872105595539,37852.83197998979
2026-09-13 06:08:00,5.25086591096624e-07,3.642990620278397e-08,525.086591096624,36429.90620278397
2026-09-13 06:09:00,5.007833010495233e-07,3.413718019373846e-08,500.7833010495233,34137.18019373846
2026-09-13 06:10:00,4.697568556366605e-07,3.285677863118508e-08,469.7568556366605,32856.77863118508
2026-09-13 06:11:00,4.441328371740383e-07,3.0926475602655046e-08,444.1328371740383,30926.475602655046
2026-09-13 06:12:00,4.231979744417913e-07,2.75430132035126e-08,423.1979744417913,27543.0132035126
2026-09-13 06:13:00,4.0657388922227256e-07,2.640478413695746e-08,406.57388922227256,26404.78413695746
2026-09-13 06:14:00,3.935182348868693e-07,2.736648951895404e-08,393.5182348868693,27366.48951895404
2026-09-13 06:15:00,3.8757627862651134e-07,2.6370438277467656e-08,387.57627862651134,26370.438277467656
2026-09-13 06:16:00,3.8285870118670573e-07,2.8122311590550453e-08,382.85870118670573,28122.311590550453
2026-09-13 06:17:00,3.7995317825334496e-07,2.8738600832411976e-08,379.95317825334496,28738.600832411976
2026-09-13 06:18:00,3.793326754930604e-07,2.9305873283647088e-08,379.3326754930604,29305.873283647088
2026-09-13 06:19:00,3.776528672005952e-07,2.999829362693163e-08,377.6528672005952,29998.293626931627
2026-09-13 06:20:00,3.760650884032657e-07,3.1087182605915586e-08,376.0650884032657,31087.182605915586
2026-09-13 06:21:00,3.746714014596364e-07,3.1765509334036324e-08,374.6714014596364,31765.509334036324
2026-09-13 06:22:00,3.7360624105531315e-07,3.1271945033495285e-08,373.60624105531315,31271.945033495285
2026-09-13 06:23:00,3.6900084410262934e-07,3.045959573455548e-08,369.00084410262934,30459.595734555478
2026-09-13 06:24:00,3.6527288216348097e-07,2.9047729555031765e-08,365.272882163481,29047.729555031765
2026-09-13 06:25:00,3.6196519204168e-07,2.9311825855415918e-08,361.96519204168,29311.82585541592
2026-09-13 06:26:00,3.6088715660298476e-07,2.8595222190119784e-08,360.88715660298476,28595.222190119784
2026-09-13 06:27:00,3.5829430089506786e-07,2.6832751132133126e-08,358.29430089506786,26832.751132133126
2026-09-13 06:28:00,3.540528439316404e-07,2.5877826104192536e-08,354.0528439316404,25877.826104192536
2026-09-13 06:29:00,3.5218749872001354e-07,2.84329892963342e-08,352.18749872001354,28432.9892963342
2026-09-13 06:30:00,3.51073850879402e-07,2.5879963061470335e-08,351.073850879402,25879.963061470335
2026-09-13 06:31:00,3.4874213383773167e-07,2.6616088888431477e-08,348.74213383773167,26616.088888431477
2026-09-13 06:32:00,3.4808383020390465e-07,2.5803315040207053e-08,348.08383020390465,25803.315040207053
2026-09-13 06:33:00,3.4636502732610097e-07,2.470320836778228e-08,346.36502732610097,24703.20836778228
2026-09-13 06:34:00,3.4694375017352286e-07,2.3729279874373788e-08,346.94375017352286,23729.279874373788
2026-09-13 06:35:00,3.4391462122584926e-07,2.2041637848246864e-08,343.91462122584926,22041.637848246864
2026-09-13 06:36:00,3.4284624916836037e-07,2.0405790834843174e-08,342.8462491683604,20405.790834843174
2026-09-13 06:37:00,3.415247533666843e-07,1.9953281693574354e-08,341.5247533666843,19953.281693574354
2026-09-13 06:38:00,3.404528285955166e-07,2.4039664481279033e-08,340.4528285955166,24039.664481279033
2026-09-13 06:39:00,3.3875443250508397e-07,2.0833324398950026e-08,338.75443250508397,20833.324398950026
2026-09-13 06:40:00,3.3576230862308876e-07,2.071451454810358e-08,335.76230862308876,20714.51454810358
2026-09-13 06:41:00,3.3423503964513657e-07,1.9818019225681383e-08,334.23503964513657,19818.019225681383
2026-09-13 06:42:00,3.3368536378475255e-07,1.993312714887452e-08,333.68536378475255,19933.12714887452
2026-09-13 06:43:00,3.3296689139206137e-07,1.948070860180451e-08,332.96689139206137,19480.70860180451
2026-09-13 06:44:00,3.365549616773933e-07,1.916591862993755e-08,336.5549616773933,19165.91862993755
2026-09-13 06:45:00,3.380197881597269e-07,1.803263138810962e-08,338.0197881597269,18032.63138810962
2026-09-13 06:46:00,3.3907591046045127e-07,1.7184918377211034e-08,339.07591046045127,17184.918377211034
2026-09-13 06:47:00,3.3928537845895335e-07,1.5984131351842734e-08,339.28537845895335,15984.131351842734
2026-09-13 06:48:00,3.362100358117459e-07,1.7063660706639894e-08,336.2100358117459,17063.660706639894
2026-09-13 06:49:00,3.3232626606150006e-07,1.570641749992774e-08,332.32626606150006,15706.417499927738
2026-09-13 06:50:00,3.2913447967075626e-07,1.5818244492038502e-08,329.13447967075626,15818.244492038502
2026-09-13 06:51:00,3.253419151860726e-07,1.4128982428474046e-08,325.3419151860726,14128.982428474046
2026-09-13 06:52:00,3.222196198748861e-07,1.44634517695863e-08,322.2196198748861,14463.4517695863
2026-09-13 06:53:00,3.231381526802579e-07,1.4705985762475393e-08,323.1381526802579,14705.985762475393
2026-09-13 06:54:00,3.2179943332266703e-07,1.6793858748087587e-08,321.799433322667,16793.858748087587
2026-09-13 06:55:00,3.2207756817115296e-07,1.3901010120775936e-08,322.07756817115296,13901.010120775936
2026-09-13 06:56:00,3.188987420799094e-07,1.323926834828626e-08,318.8987420799094,13239.26834828626
2026-09-13 06:57:00,3.201093647930975e-07,1.3984194247029791e-08,320.1093647930975,13984.19424702979
2026-09-13 06:58:00,3.221170459255518e-07,1.6501521926670648e-08,322.1170459255518,16501.521926670648
2026-09-13 06:59:00,3.2684073403288494e-07,1.9427611519517995e-08,326.84073403288494,19427.611519517995
2026-09-13 07:00:00,3.2331010402231186e-07,1.818144035325986e-08,323.31010402231186,18181.44035325986
2026-09-13 07:01:00,3.213482955288782e-07,1.9132976092350873e-08,321.3482955288782,19132.976092350873
2026-09-13 07:02:00,3.2062487775874615e-07,1.8121744105314974e-08,320.62487775874615,18121.744105314974
2026-09-13 07:03:00,3.1935428523865994e-07,1.7836844889984604e-08,319.35428523865994,17836.844889984604
2026-09-13 07:04:00,3.181212377967313e-07,1.5356866001070557e-08,318.1212377967313,15356.866001070557
2026-09-13 07:05:00,3.161013353292219e-07,1.641781643968443e-08,316.1013353292219,16417.81643968443
2026-09-13 07:06:00,3.1669671329837e-07,1.921793391090887e-08,316.69671329837,19217.93391090887
2026-09-13 07:07:00,3.1603013894709875e-07,1.868112953218315e-08,316.03013894709875,18681.12953218315
2026-09-13 07:08:00,3.159318566758884e-07,1.9251153560162493e-08,315.9318566758884,19251.153560162493
2026-09-13 07:09:00,3.156534660320176e-07,1.9807291806728244e-08,315.6534660320176,19807.291806728244
2026-09-13 07:10:00,3.1661241450819944e-07,1.903228508126631e-08,316.61241450819944,19032.28508126631
2026-09-13 07:11:00,3.1603605066266027e-07,1.8478869989735358e-08,316.0360506626603,18478.869989735358
2026-09-13 07:12:00,3.154396779336821e-07,1.8703333992675653e-08,315.4396779336821,18703.333992675653
2026-09-13 07:13:00,3.1671976330471807e-07,1.8547988034356422e-08,316.7197633047181,18547.988034356422
2026-09-13 07:14:00,3.161626409564633e-07,1.9493594294317518e-08,316.1626409564633,19493.594294317518
2026-09-13 07:15:00,3.1711439874015923e-07,1.7773910343521493e-08,317.11439874015923,17773.910343521493
2026-09-13 07:16:00,3.16308955916611e-07,1.8468364615387145e-08,316.308955916611,18468.364615387145
2026-09-13 07:17:00,3.1659925525673316e-07,1.8787286393262548e-08,316.59925525673316,18787.286393262548
2026-09-13 07:18:00,3.171957985159679e-07,1.7365410442948814e-08,317.1957985159679,17365.410442948814
2026-09-13 07:19:00,3.1610886708222097e-07,1.8996047401742544e-08,316.10886708222097,18996.047401742544
2026-09-13 07:20:00,3.1740896133669594e-07,1.68765765806711e-08,317.40896133669594,16876.5765806711
2026-09-13 07:21:00,3.176178609010094e-07,1.9376402704551765e-08,317.6178609010094,19376.402704551765
2026-09-13 07:22:00,3.187946617799753e-07,2.110242647290761e-08,318.7946617799753,21102.42647290761
2026-09-13 07:23:00,3.1825430824028444e-07,2.032950163766145e-08,318.25430824028444,20329.50163766145
2026-09-13 07:24:00,3.181350791692239e-07,1.984162878443385e-08,318.1350791692239,19841.62878443385
2026-09-13 07:25:00,3.1904815500638506e-07,2.0394981703475423e-08,319.04815500638506,20394.981703475423
2026-09-13 07:26:00,3.184732975114457e-07,2.066557946989178e-08,318.4732975114457,20665.57946989178
2026-09-13 07:27:00,3.1891195817479456e-07,2.163353940431989e-08,318.91195817479456,21633.53940431989
2026-09-13 07:28:00,3.187821562278259e-07,2.0909235232124956e-08,318.7821562278259,20909.235232124956
2026-09-13 07:29:00,3.191506721123005e-07,2.0514924869985407e-08,319.1506721123005,20514.924869985407
2026-09-13 07:30:00,3.190650943452056e-07,2.1228695246122697e-08,319.0650943452056,21228.695246122697
2026-09-13 07:31:00,3.1969597102943226e-07,2.2511853714490826e-08,319.69597102943226,22511.853714490826
2026-09-13 07:32:00,3.199440357093408e-07,2.1632018842865364e-08,319.9440357093408,21632.018842865364
2026-09-13 07:33:00,3.2048373554971477e-07,1.6999383234406196e-08,320.48373554971477,16999.383234406196
2026-09-13 07:34:00,3.264706833761011e-07,2.0069464312655327e-08,326.4706833761011,20069.464312655327
2026-09-13 07:35:00,3.3150314493468613e-07,2.3567485740727534e-08,331.50314493468613,23567.485740727534
2026-09-13 07:36:00,3.3027285439857224e-07,2.324136971765256e-08,330.27285439857224,23241.36971765256
2026-09-13 07:37:00,3.3067718163692916e-07,2.1804984484674605e-08,330.67718163692916,21804.984484674605
2026-09-13 07:38:00,3.337994769481156e-07,1.92297520129614e-08,333.7994769481156,19229.7520129614
2026-09-13 07:39:00,3.427669241773401e-07,2.2728066539912106e-08,342.7669241773401,22728.066539912106
2026-09-13 07:40:00,3.480512589248974e-07,1.9932812733713945e-08,348.0512589248974,19932.812733713945
2026-09-13 07:41:00,3.478406540580181e-07,2.15799609293299e-08,347.8406540580181,21579.9609293299
2026-09-13 07:42:00,3.623596001034457e-07,2.1157772422952803e-08,362.3596001034457,21157.772422952803
2026-09-13 07:43:00,3.821547522875335e-07,2.4657829555962962e-08,382.1547522875335,24657.829555962962
2026-09-13 07:44:00,3.8509580235768226e-07,2.2716276859569007e-08,385.09580235768226,22716.276859569007
2026-09-13 07:45:00,3.813603655089537e-07,2.2228787699418717e-08,381.3603655089537,22228.787699418717
2026-09-13 07:46:00,3.7571570032923773e-07,2.2944641742128624e-08,375.71570032923773,22944.641742128624
2026-09-13 07:47:00,3.666395684831514e-07,2.4501682460709162e-08,366.6395684831514,24501.682460709162
2026-09-13 07:48:00,3.578228984224552e-07,2.4095228923215473e-08,357.8228984224552,24095.228923215473
2026-09-13 07:49:00,3.5190490166314703e-07,2.2722657533336132e-08,351.90490166314703,22722.657533336132
2026-09-13 07:50:00,3.467946783075604e-07,2.215710281916472e-08,346.7946783075604,22157.10281916472
2026-09-13 07:51:00,3.449497398833046e-07,2.3712637187145447e-08,344.9497398833046,23712.637187145447
2026-09-13 07:52:00,3.4377541169305914e-07,2.3701913320905987e-08,343.77541169305914,23701.913320905987
2026-09-13 07:53:00,3.425113277444325e-07,2.4182774893688475e-08,342.5113277444325,24182.774893688475
2026-09-13 07:54:00,3.3931212328752736e-07,2.22100045021989e-08,339.31212328752736,22210.0045021989
2026-09-13 07:55:00,3.377180632924137e-07,2.0207401973948436e-08,337.7180632924137,20207.401973948436
2026-09-13 07:56:00,3.3432505119890266e-07,2.0226986308102823e-08,334.32505119890266,20226.986308102823
2026-09-13 07:57:00,3.3200376492459327e-07,2.031273993452487e-08,332.00376492459327,20312.73993452487
2026-09-13 07:58:00,3.3048826253434527e-07,2.01279561906631e-08,330.48826253434527,20127.9561906631
2026-09-13 07:59:00,3.3109904507000465e-07,2.0306764270117128e-08,331.09904507000465,20306.764270117128
2026-09-13 08:00:00,3.3079263062063546e-07,2.1913091785563665e-08,330.79263062063546,21913.091785563665
2026-09-13 08:01:00,3.3001484212036303e-07,2.3229409507052878e-08,330.014842120363,23229.40950705288
2026-09-13 08:02:00,3.2793147397569555e-07,2.4041765911420043e-08,327.93147397569555,24041.765911420043
2026-09-13 08:03:00,3.2854629239409405e-07,2.6486535631420338e-08,328.54629239409405,26486.535631420338
2026-09-13 08:04:00,3.2691934848116944e-07,2.6240780215402992e-08,326.91934848116944,26240.780215402992
2026-09-13 08:05:00,3.2679110972821945e-07,2.6704395139631742e-08,326.79110972821945,26704.395139631742
2026-09-13 08:06:00,3.255623539644148e-07,2.7471077856944248e-08,325.5623539644148,27471.07785694425
2026-09-13 08:07:00,3.258436436226475e-07,2.630571493966727e-08,325.8436436226475,26305.71493966727
2026-09-13 08:08:00,3.2402371630269045e-07,2.5949558946081197e-08,324.02371630269045,25949.558946081197
2026-09-13 08:09:00,3.2666181937202055e-07,2.7270532498846478e-08,326.66181937202055,27270.532498846478
2026-09-13 08:10:00,3.264551651227521e-07,2.5694994576497265e-08,326.4551651227521,25694.994576497265
2026-09-13 08:11:00,3.2680691219866276e-07,2.7711148931075513e-08,326.80691219866276,27711.148931075513
2026-09-13 08:12:00,3.2684260986570735e-07,2.5016257509946627e-08,326.84260986570735,25016.257509946627
2026-09-13 08:13:00,3.2619422540847154e-07,2.5514527379755236e-08,326.19422540847154,25514.527379755236
2026-09-13 08:14:00,3.2541862537982524e-07,2.56942431775542e-08,325.41862537982524,25694.2431775542
2026-09-13 08:15:00,3.2469191069139924e-07,2.632031126381662e-08,324.69191069139924,26320.31126381662
2026-09-13 08:16:00,3.245786501793191e-07,2.3924807024400252e-08,324.5786501793191,23924.807024400252
2026-09-13 08:17:00,3.2260115290227986e-07,2.448758884554536e-08,322.60115290227986,24487.58884554536
2026-09-13 08:18:00,3.2270358474306704e-07,2.379991137502202e-08,322.70358474306704,23799.91137502202
2026-09-13 08:19:00,3.2242968472928624e-07,2.450299518841348e-08,322.42968472928624,24502.99518841348
2026-09-13 08:20:00,3.22067137403792e-07,2.5224281330338272e-08,322.067137403792,25224.28133033827
2026-09-13 08:21:00,3.2157828400158905e-07,2.5279963011826112e-08,321.57828400158905,25279.963011826112
2026-09-13 08:22:00,3.2102403224598675e-07,2.3567102047650224e-08,321.02403224598675,23567.102047650224
2026-09-13 08:23:00,3.2026170515564445e-07,2.3084442801746263e-08,320.26170515564445,23084.442801746263
2026-09-13 08:24:00,3.208093346529495e-07,2.2699072843579415e-08,320.8093346529495,22699.072843579415
2026-09-13 08:25:00,3.1989881676963705e-07,2.359207940116903e-08,319.89881676963705,23592.07940116903
2026-09-13 08:26:00,3.211190460206126e-07,2.3999374931804596e-08,321.1190460206126,23999.374931804596
2026-09-13 08:27:00,3.2042726161307655e-07,2.1589430687640743e-08,320.42726161307655,21589.430687640743
2026-09-13 08:28:00,3.1750761309012887e-07,2.2897156171097777e-08,317.50761309012887,22897.156171097777
2026-09-13 08:29:00,3.190100699157483e-07,2.1989599474636634e-08,319.0100699157483,21989.599474636634
2026-09-13 08:30:00,3.1860182048149e-07,2.1461088905994075e-08,318.60182048149,21461.088905994075
2026-09-13 08:31:00,3.185696471064148e-07,2.1139106465284385e-08,318.5696471064148,21139.106465284385
2026-09-13 08:32:00,3.200381684109743e-07,2.2287887091465564e-08,320.0381684109743,22287.887091465564
2026-09-13 08:33:00,3.2395212201663526e-07,2.106507146493186e-08,323.95212201663526,21065.07146493186
2026-09-13 08:34:00,3.2420527418253187e-07,2.3100874102510716e-08,324.20527418253187,23100.874102510716
2026-09-13 08:35:00,3.2498087421117816e-07,2.3981488794788675e-08,324.98087421117816,23981.488794788675
2026-09-13 08:36:00,3.2784819836706447e-07,2.071774218848077e-08,327.84819836706447,20717.74218848077
2026-09-13 08:37:00,3.2729366239436786e-07,2.2610791461374902e-08,327.29366239436786,22610.7914613749
2026-09-13 08:38:00,3.2803833960315387e-07,2.1849777098736922e-08,328.0383396031539,21849.777098736922
2026-09-13 08:39:00,3.260177834363276e-07,2.1212880341181517e-08,326.0177834363276,21212.880341181517
2026-09-13 08:40:00,3.237010730572365e-07,2.1840758535063287e-08,323.7010730572365,21840.758535063287
2026-09-13 08:41:00,3.226796252420172e-07,2.106000884793957e-08,322.6796252420172,21060.00884793957
2026-09-13 08:42:00,3.199905904693878e-07,2.139031884951237e-08,319.9905904693878,21390.31884951237
2026-09-13 08:43:00,3.2018806450651027e-07,2.152934008847751e-08,320.1880645065103,21529.34008847751
2026-09-13 08:44:00,3.2053119980446354e-07,2.255185904687096e-08,320.53119980446354,22551.85904687096
2026-09-13 08:45:00,3.1918361287353036e-07,2.155336709108724e-08,319.18361287353036,21553.36709108724
2026-09-13 08:46:00,3.204019947133929e-07,2.0820033697077633e-08,320.4019947133929,20820.033697077633
2026-09-13 08:47:00,3.1958012414179393e-07,2.2734589322226384e-08,319.58012414179393,22734.589322226384
2026-09-13 08:48:00,3.18798868192971e-07,2.1544039441323548e-08,318.798868192971,21544.039441323548
2026-09-13 08:49:00,3.199529885478114e-07,2.049845093665681e-08,319.9529885478114,20498.45093665681
2026-09-13 08:50:00,3.2125399229698814e-07,2.2852505665582612e-08,321.25399229698814,22852.505665582612
2026-09-13 08:51:00,3.2196285815189185e-07,2.2896383455872638e-08,321.96285815189185,22896.383455872638
2026-09-13 08:52:00,3.2233171509687963e-07,2.387455388941362e-08,322.33171509687963,23874.55388941362
2026-09-13 08:53:00,3.2537292327106115e-07,2.300273749256121e-08,325.37292327106115,23002.73749256121
2026-09-13 08:54:00,3.3158298151647614e-07,2.296583367922267e-08,331.58298151647614,22965.83367922267
2026-09-13 08:55:00,3.4690643246904074e-07,2.334687110305822e-08,346.90643246904074,23346.87110305822
2026-09-13 08:56:00,3.677737652196811e-07,2.4862226055688552e-08,367.7737652196811,24862.226055688552
2026-09-13 08:57:00,3.8392502688111563e-07,2.4434555712105066e-08,383.9250268811156,24434.555712105066
2026-09-13 08:58:00,3.7433500210681814e-07,2.4369731121964833e-08,374.33500210681814,24369.731121964833
2026-09-13 08:59:00,3.665624888071761e-07,2.329094961339706e-08,366.5624888071761,23290.94961339706
2026-09-13 09:00:00,3.589524339986383e-07,2.379718999634406e-08,358.9524339986383,23797.18999634406
2026-09-13 09:01:00,3.561942207852553e-07,2.4189724001644208e-08,356.1942207852553,24189.72400164421
2026-09-13 09:02:00,3.5516794127943285e-07,2.3826975947827123e-08,355.16794127943285,23826.975947827123
2026-09-13 09:03:00,3.5462764458316087e-07,2.44102249524758e-08,354.6276445831609,24410.2249524758
2026-09-13 09:04:00,3.5107723306282423e-07,2.287685418878027e-08,351.07723306282423,22876.85418878027
2026-09-13 09:05:00,3.514917636948667e-07,2.3428277984294255e-08,351.4917636948667,23428.277984294255
2026-09-13 09:06:00,3.50189907294407e-07,2.114889419146948e-08,350.189907294407,21148.89419146948
2026-09-13 09:07:00,3.491520885745558e-07,2.14976854095994e-08,349.1520885745558,21497.6854095994
2026-09-13 09:08:00,3.5281064469927514e-07,2.074025040599281e-08,352.81064469927514,20740.25040599281
2026-09-13 09:09:00,3.5385153296374483e-07,2.0723376792375348e-08,353.85153296374483,20723.376792375348
2026-09-13 09:10:00,3.508908719140891e-07,2.1386984627724814e-08,350.8908719140891,21386.984627724814
2026-09-13 09:11:00,3.484997534997092e-07,2.0849656223731472e-08,348.4997534997092,20849.656223731472
2026-09-13 09:12:00,3.484512376417115e-07,2.178382807471735e-08,348.4512376417115,21783.82807471735
2026-09-13 09:13:00,3.455243131611496e-07,1.830310480954722e-08,345.5243131611496,18303.10480954722
2026-09-13 09:14:00,3.4468104104234953e-07,1.9570542519886658e-08,344.68104104234953,19570.542519886658
2026-09-13 09:15:00,3.4684856586864043e-07,1.904863644597299e-08,346.84856586864043,19048.63644597299
2026-09-13 09:16:00,3.505389258862124e-07,2.0376697662527476e-08,350.5389258862124,20376.697662527476
2026-09-13 09:17:00,3.526977536694176e-07,2.0774958642277852e-08,352.6977536694176,20774.958642277852
2026-09-13 09:18:00,3.529660546064406e-07,2.0584625559649794e-08,352.9660546064406,20584.625559649794
2026-09-13 09:19:00,3.545438005403412e-07,2.0538704958994458e-08,354.5438005403412,20538.704958994458
2026-09-13 09:20:00,3.545188462794613e-07,1.922782644214749e-08,354.5188462794613,19227.82644214749
2026-09-13 09:21:00,3.565388624338084e-07,1.9528732408957694e-08,356.5388624338084,19528.732408957694
2026-09-13 09:22:00,3.577175391455967e-07,1.9370956394482164e-08,357.7175391455967,19370.956394482164
2026-09-13 09:23:00,3.5882067095371895e-07,1.9881605695104554e-08,358.82067095371895,19881.605695104554
2026-09-13 09:24:00,3.66582753486e-07,2.0499770769788483e-08,366.582753486,20499.770769788483
2026-09-13 09:25:00,3.7781154560434516e-07,1.7653359662972434e-08,377.81154560434516,17653.359662972434
2026-09-13 09:26:00,3.832884942767123e-07,1.784447434260983e-08,383.2884942767123,17844.47434260983
2026-09-13 09:27:00,3.8537950786121655e-07,1.8069282958776967e-08,385.37950786121655,18069.282958776967
2026-09-13 09:28:00,3.8984512684692163e-07,2.0601795824859437e-08,389.84512684692163,20601.795824859437
2026-09-13 09:29:00,3.954021110530448e-07,2.427309553354462e-08,395.4021110530448,24273.09553354462
2026-09-13 09:30:00,3.9663936490796914e-07,2.5635555900294094e-08,396.63936490796914,25635.555900294094
2026-09-13 09:31:00,3.963886001656647e-07,2.451614378173872e-08,396.3886001656647,24516.14378173872
2026-09-13 09:32:00,3.9029291087899765e-07,2.462890336119017e-08,390.29291087899765,24628.90336119017
2026-09-13 09:33:00,3.8413014635807485e-07,2.3999414011655062e-08,384.13014635807485,23999.414011655062
2026-09-13 09:34:00,3.7573749978037085e-07,2.4285581545768764e-08,375.73749978037085,24285.581545768764
2026-09-13 09:35:00,3.682206397570553e-07,2.423997891298768e-08,368.2206397570553,24239.97891298768
2026-09-13 09:36:00,3.631962499639485e-07,2.3722707354068007e-08,363.1962499639485,23722.707354068007
2026-09-13 09:37:00,3.573648825749842e-07,2.2383161990546796e-08,357.3648825749842,22383.161990546796
2026-09-13 09:38:00,3.524848466440744e-07,2.0802591649271562e-08,352.4848466440744,20802.591649271562
2026-09-13 09:39:00,3.502773040509055e-07,2.1706156871914573e-08,350.2773040509055,21706.156871914573
2026-09-13 09:40:00,3.4821789540728787e-07,2.1771816349769324e-08,348.21789540728787,21771.816349769324
2026-09-13 09:41:00,3.4659458947317034e-07,2.1667650784706893e-08,346.59458947317034,21667.650784706893
2026-09-13 09:42:00,3.450475389854546e-07,1.9440676624071784e-08,345.0475389854546,19440.676624071784
2026-09-13 09:43:00,3.4642269497453526e-07,1.971327101557563e-08,346.42269497453526,19713.27101557563
2026-09-13 09:44:00,3.6057696206626133e-07,2.357733386304517e-08,360.57696206626133,23577.33386304517
2026-09-13 09:45:00,3.7429828125823406e-07,2.4783275875961408e-08,374.29828125823406,24783.275875961408
2026-09-13 09:46:00,3.8834610904814326e-07,2.51635441372855e-08,388.34610904814326,25163.5441372855
2026-09-13 09:47:00,3.6320153640190256e-07,2.433162471504602e-08,363.20153640190256,24331.62471504602
2026-09-13 09:48:00,3.5507258644429385e-07,2.4366761053329355e-08,355.07258644429385,24366.761053329355
2026-09-13 09:49:00,3.509454700179049e-07,2.4702602630100046e-08,350.9454700179049,24702.602630100046
2026-09-13 09:50:00,3.4743263199743524e-07,2.3805137416843536e-08,347.43263199743524,23805.137416843536
2026-09-13 09:51:00,3.494340887755243e-07,2.328802217732573e-08,349.4340887755243,23288.02217732573
2026-09-13 09:52:00,3.558451453500311e-07,2.3860913245243864e-08,355.8451453500311,23860.913245243864
2026-09-13 09:53:00,3.6905561273670173e-07,2.6016770959813584e-08,369.05561273670173,26016.770959813584
2026-09-13 09:54:00,3.770827277094213e-07,2.5832363803601766e-08,377.0827277094213,25832.363803601766
2026-09-13 09:55:00,3.8423280557253747e-07,2.7591671170057452e-08,384.2328055725375,27591.671170057452
2026-09-13 09:56:00,3.8626589571322256e-07,2.6613397707819786e-08,386.26589571322256,26613.397707819786
2026-09-13 09:57:00,3.837550650587218e-07,2.7062020180323998e-08,383.7550650587218,27062.020180323998
2026-09-13 09:58:00,3.818326206328493e-07,2.5309304874099325e-08,381.8326206328493,25309.304874099325
2026-09-13 09:59:00,3.744219725376752e-07,2.280005517718564e-08,374.4219725376752,22800.05517718564
2026-09-13 10:00:00,3.672383286357217e-07,2.5399135239467796e-08,367.2383286357217,25399.135239467796
2026-09-13 10:01:00,3.5932623632106697e-07,2.3948254934680335e-08,359.326236321067,23948.254934680335
2026-09-13 10:02:00,3.5480186966196925e-07,2.4885652649686563e-08,354.80186966196925,24885.652649686563
2026-09-13 10:03:00,3.5146049981449323e-07,2.5096259292922696e-08,351.46049981449323,25096.259292922696
2026-09-13 10:04:00,3.476545202829584e-07,2.494460105140206e-08,347.6545202829584,24944.60105140206
2026-09-13 10:05:00,3.4522017244853487e-07,2.4504249296342095e-08,345.22017244853487,24504.249296342095
2026-09-13 10:06:00,3.449263772381528e-07,2.5617332255478686e-08,344.9263772381528,25617.332255478686
2026-09-13 10:07:00,3.457253683336603e-07,2.154414957544759e-08,345.7253683336603,21544.14957544759
2026-09-13 10:08:00,3.4787507274813834e-07,2.3668905058116252e-08,347.87507274813834,23668.905058116252
2026-09-13 10:09:00,3.5835896028402203e-07,2.6459471058615236e-08,358.35896028402203,26459.471058615236
2026-09-13 10:10:00,3.8102584198895784e-07,2.428025780432108e-08,381.02584198895784,24280.25780432108
2026-09-13 10:11:00,3.9645505012231297e-07,2.471455573527237e-08,396.45505012231297,24714.55573527237
2026-09-13 10:12:00,3.859414619000745e-07,2.646028463004768e-08,385.9414619000745,26460.28463004768
2026-09-13 10:13:00,3.7143757936064503e-07,2.4441513701844997e-08,371.43757936064503,24441.513701844997
2026-09-13 10:14:00,3.6210667531122454e-07,2.1648309811439503e-08,362.10667531122454,21648.309811439503
2026-09-13 10:15:00,3.568678437204653e-07,2.258739506544316e-08,356.8678437204653,22587.39506544316
2026-09-13 10:16:00,3.534027257501293e-07,2.347940863955955e-08,353.4027257501293,23479.40863955955
2026-09-13 10:17:00,3.4904928725154605e-07,2.500235929403516e-08,349.04928725154605,25002.35929403516
2026-09-13 10:18:00,3.466531666163064e-07,2.5863116093205463e-08,346.6531666163064,25863.116093205463
2026-09-13 10:19:00,3.4269780258000537e-07,2.3859199060893843e-08,342.6978025800054,23859.199060893843
2026-09-13 10:20:00,3.4103965163012617e-07,2.3943998783693132e-08,341.0396516301262,23943.998783693132
2026-09-13 10:21:00,3.398349122107902e-07,2.5229507372159787e-08,339.8349122107902,25229.507372159787
2026-09-13 10:22:00,3.3781466868276766e-07,2.533183440789344e-08,337.81466868276766,25331.83440789344
2026-09-13 10:23:00,3.3580397484911373e-07,2.5368981582118977e-08,335.80397484911373,25368.981582118977
2026-09-13 10:24:00,3.3373657970514614e-07,2.6560920574070224e-08,333.73657970514614,26560.920574070224
2026-09-13 10:25:00,3.3254639220103854e-07,2.6710882394809232e-08,332.54639220103854,26710.882394809232
2026-09-13 10:26:00,3.3215155781363137e-07,2.434565793407728e-08,332.15155781363137,24345.65793407728
2026-09-13 10:27:00,3.3160728207803913e-07,2.409811195036582e-08,331.60728207803913,24098.11195036582
2026-09-13 10:28:00,3.3207749083885574e-07,2.3742707355722814e-08,332.07749083885574,23742.707355722814
2026-09-13 10:29:00,3.345446941693808e-07,2.3557463535439638e-08,334.5446941693808,23557.463535439638
2026-09-13 10:30:00,3.4368744650237204e-07,2.653836084220984e-08,343.68744650237204,26538.36084220984
2026-09-13 10:31:00,3.5571864032135636e-07,2.5898449607097973e-08,355.71864032135636,25898.449607097973
2026-09-13 10:32:00,3.568225963590521e-07,2.5635076283947456e-08,356.8225963590521,25635.076283947456
2026-09-13 10:33:00,3.5161832556696027e-07,2.404388332877261e-08,351.61832556696027,24043.88332877261
2026-09-13 10:34:00,3.442104343776009e-07,2.5269727643717488e-08,344.2104343776009,25269.727643717488
2026-09-13 10:35:00,3.406332496069808e-07,2.665354692510391e-08,340.6332496069808,26653.54692510391
2026-09-13 10:36:00,3.374402979261504e-07,2.553608347000136e-08,337.4402979261504,25536.08347000136
2026-09-13 10:37:00,3.333739186928142e-07,2.4373077778250263e-08,333.3739186928142,24373.077778250263
2026-09-13 10:38:00,3.327999706925766e-07,2.645510122079031e-08,332.7999706925766,26455.10122079031
2026-09-13 10:39:00,3.307771692107053e-07,2.6349111337253817e-08,330.7771692107053,26349.111337253817
2026-09-13 10:40:00,3.303284472622181e-07,2.4208359761246356e-08,330.3284472622181,24208.359761246356
2026-09-13 10:41:00,3.2847674447111785e-07,2.4846315227478044e-08,328.47674447111785,24846.315227478044
2026-09-13 10:42:00,3.295592705399031e-07,2.675110799543745e-08,329.5592705399031,26751.10799543745
2026-09-13 10:43:00,3.294732096037478e-07,2.6665329500019652e-08,329.4732096037478,26665.329500019652
2026-09-13 10:44:00,3.3774051644286374e-07,2.7020684356671154e-08,337.74051644286374,27020.684356671154
2026-09-13 10:45:00,3.698474415614328e-07,2.8279867336777897e-08,369.8474415614328,28279.867336777897
2026-09-13 10:46:00,4.331680258928827e-07,3.2637910152288896e-08,433.1680258928827,32637.910152288896
2026-09-13 10:47:00,5.262825766294554e-07,4.06971629729469e-08,526.2825766294554,40697.1629729469
2026-09-13 10:48:00,5.689462909685972e-07,4.225359973020204e-08,568.9462909685972,42253.59973020204
2026-09-13 10:49:00,5.625854555546539e-07,3.857769925730281e-08,562.5854555546539,38577.69925730281
2026-09-13 10:50:00,5.244959879746602e-07,3.51841933365904e-08,524.4959879746602,35184.1933365904
2026-09-13 10:51:00,4.938216306982213e-07,3.3280869615737174e-08,493.82163069822127,33280.869615737174
2026-09-13 10:52:00,4.686571912770887e-07,3.154826799800503e-08,468.6571912770887,31548.26799800503
2026-09-13 10:53:00,4.492890184337739e-07,3.087420807901253e-08,449.2890184337739,30874.208079012533
2026-09-13 10:54:00,4.3815438743877166e-07,3.0662462791042344e-08,438.15438743877166,30662.462791042344
2026-09-13 10:55:00,4.2826849266930367e-07,3.019592753616962e-08,428.26849266930367,30195.92753616962
2026-09-13 10:56:00,4.2306780301260005e-07,3.0332337530580844e-08,423.06780301260005,30332.337530580844
2026-09-13 10:57:00,4.225949510328064e-07,3.113207114324723e-08,422.5949510328064,31132.07114324723
2026-09-13 10:58:00,4.242572799739719e-07,2.6742130287971122e-08,424.2572799739719,26742.130287971122
2026-09-13 10:59:00,4.1763587432797067e-07,3.018433858414937e-08,417.63587432797067,30184.338584149373
2026-09-13 11:00:00,4.1295791675111104e-07,2.9766979992018605e-08,412.95791675111104,29766.979992018605
2026-09-13 11:01:00,4.1031469777408347e-07,2.879604643624134e-08,410.31469777408347,28796.04643624134
2026-09-13 11:02:00,4.0578396465207334e-07,2.8567905374643487e-08,405.78396465207334,28567.905374643487
2026-09-13 11:03:00,3.993405357505253e-07,2.809944987802737e-08,399.3405357505253,28099.44987802737
2026-09-13 11:04:00,4.03895739964355e-07,2.6941785691292353e-08,403.895739964355,26941.785691292353
2026-09-13 11:05:00,3.9560381992487237e-07,2.5117534718788193e-08,395.60381992487237,25117.534718788193
2026-09-13 11:06:00,3.902643470610201e-07,2.4824396760436684e-08,390.2643470610201,24824.396760436684
2026-09-13 11:07:00,3.8232633414736483e-07,2.516851971279266e-08,382.32633414736483,25168.51971279266
2026-09-13 11:08:00,3.725411943378276e-07,2.444718738559004e-08,372.5411943378276,24447.18738559004
2026-09-13 11:09:00,3.658047091903427e-07,2.3490915879165186e-08,365.8047091903427,23490.915879165186
2026-09-13 11:10:00,3.614807155827293e-07,2.377100472017446e-08,361.4807155827293,23771.00472017446
2026-09-13 11:11:00,3.592916755223996e-07,2.365357154587855e-08,359.2916755223996,23653.57154587855
2026-09-13 11:12:00,3.568190152236639e-07,2.481783489827194e-08,356.8190152236639,24817.83489827194
2026-09-13 11:13:00,3.535743360316701e-07,2.6710607059499125e-08,353.5743360316701,26710.607059499125
2026-09-13 11:14:00,3.521595886013529e-07,2.710063640165572e-08,352.1595886013529,27100.63640165572
2026-09-13 11:15:00,3.5009634302696213e-07,2.704723378599283e-08,350.09634302696213,27047.23378599283
2026-09-13 11:16:00,3.491580571335362e-07,2.761028206066385e-08,349.1580571335362,27610.28206066385
2026-09-13 11:17:00,3.4908461543636804e-07,2.7082966980174206e-08,349.08461543636804,27082.966980174206
2026-09-13 11:18:00,3.4692916983658506e-07,2.5399135239467796e-08,346.92916983658506,25399.135239467796
2026-09-13 11:19:00,3.4667610293581674e-07,2.4826672273547956e-08,346.67610293581674,24826.672273547956
2026-09-13 11:20:00,3.4436089890732546e-07,2.4850425717204416e-08,344.36089890732546,24850.425717204416
2026-09-13 11:21:00,3.4445892538315093e-07,2.492508599516441e-08,344.4589253831509,24925.08599516441
2026-09-13 11:22:00,3.465547138148395e-07,2.624635264680819e-08,346.5547138148395,26246.35264680819
2026-09-13 11:23:00,3.466856810518948e-07,2.693669642894747e-08,346.6856810518948,26936.69642894747
2026-09-13 11:24:00,3.4853363217735023e-07,2.7627612197989038e-08,348.5336321773502,27627.612197989038
2026-09-13 11:25:00,3.5250644714324153e-07,2.7590211004735465e-08,352.50644714324153,27590.211004735465
2026-09-13 11:26:00,3.547403366610524e-07,2.679381871928399e-08,354.7403366610524,26793.81871928399
2026-09-13 11:27:00,3.581010048492317e-07,2.7169370753199473e-08,358.1010048492317,27169.370753199473
2026-09-13 11:28:00,3.5462826986076834e-07,2.7732793839163605e-08,354.62826986076834,27732.793839163605
2026-09-13 11:29:00,3.4945125548802025e-07,2.8028109611000218e-08,349.45125548802025,28028.109611000218
2026-09-13 11:30:00,3.4608137866598554e-07,2.8307418631356995e-08,346.08137866598554,28307.418631356995
2026-09-13 11:31:00,3.464859332780179e-07,2.5234248468564147e-08,346.4859332780179,25234.248468564147
2026-09-13 11:32:00,3.4627646527951583e-07,2.4992001357304616e-08,346.27646527951583,24992.001357304616
2026-09-13 11:33:00,3.453167778388888e-07,2.3737513288324408e-08,345.3167778388888,23737.513288324408
2026-09-13 11:34:00,3.424260057727224e-07,2.452467029456784e-08,342.4260057727224,24524.67029456784
2026-09-13 11:35:00,3.4103177881661395e-07,2.6383291995557556e-08,341.03177881661395,26383.291995557556
2026-09-13 11:36:00,3.3906974294950487e-07,2.632872231345118e-08,339.06974294950487,26328.72231345118
2026-09-13 11:37:00,3.382617421721079e-07,2.7355818943419763e-08,338.2617421721079,27355.818943419763
2026-09-13 11:38:00,3.383360649422684e-07,2.7287162751576943e-08,338.3360649422684,27287.162751576943
2026-09-13 11:39:00,3.3968555612773343e-07,2.7299709159933627e-08,339.68555612773343,27299.709159933627
2026-09-13 11:40:00,3.3774736607483646e-07,2.887536965090476e-08,337.74736607483646,28875.36965090476
2026-09-13 11:41:00,3.402422805720562e-07,2.8980110755583155e-08,340.2422805720562,28980.110755583155
2026-09-13 11:42:00,3.4072635912707483e-07,2.8817130015568182e-08,340.72635912707483,28817.130015568182
2026-09-13 11:43:00,3.4198322396150616e-07,2.957130362801763e-08,341.98322396150616,29571.30362801763
2026-09-13 11:44:00,3.4363830536676687e-07,2.8396277329534314e-08,343.6383053667669,28396.277329534314
2026-09-13 11:45:00,3.496475926567655e-07,2.9278137247956693e-08,349.6475926567655,29278.137247956693
2026-09-13 11:46:00,3.563167467746098e-07,2.944883981115254e-08,356.3167467746098,29448.83981115254
2026-09-13 11:47:00,3.633919050116674e-07,3.124534231346843e-08,363.3919050116674,31245.342313468427
2026-09-13 11:48:00,3.714242780006316e-07,3.0403032980075295e-08,371.4242780006316,30403.032980075295
2026-09-13 11:49:00,3.6005295100949297e-07,2.6396891783520005e-08,360.052951009493,26396.891783520005
2026-09-13 11:50:00,3.476599488294596e-07,2.5887494814469392e-08,347.6599488294596,25887.49481446939
2026-09-13 11:51:00,3.3915384278770944e-07,2.733873927240893e-08,339.15384278770944,27338.73927240893
2026-09-13 11:52:00,3.3766104934329633e-07,2.735070125936545e-08,337.6610493432963,27350.70125936545
2026-09-13 11:53:00,3.3367760465807805e-07,2.555825950878443e-08,333.67760465807805,25558.25950878443
2026-09-13 11:54:00,3.316039851597452e-07,2.7909873523412898e-08,331.6039851597452,27909.873523412898
2026-09-13 11:55:00,3.315216190458159e-07,2.6420254428671797e-08,331.5216190458159,26420.254428671797
2026-09-13 11:56:00,3.2846989483914513e-07,2.832843115641026e-08,328.4698948391451,28328.43115641026
2026-09-13 11:57:00,3.282948739524727e-07,2.8576865318541422e-08,328.2948739524727,28576.865318541422
2026-09-13 11:58:00,3.272359094808053e-07,2.8986157474264473e-08,327.2359094808053,28986.157474264473
2026-09-13 11:59:00,3.275256119650294e-07,2.7936305713183174e-08,327.5256119650294,27936.305713183174
2026-09-13 12:00:00,3.270111221809202e-07,2.8249544925529335e-08,327.0111221809202,28249.544925529335
2026-09-13 12:01:00,3.2642580549691047e-07,2.731060000371599e-08,326.42580549691047,27310.60000371599
2026-09-13 12:02:00,3.2535658078813867e-07,2.5759833377492214e-08,325.3565807881387,25759.833377492214
2026-09-13 12:03:00,3.254544083119981e-07,2.7526624535312294e-08,325.4544083119981,27526.624535312294
2026-09-13 12:04:00,3.2325502274943574e-07,2.7789713641368508e-08,323.25502274943574,27789.713641368508
2026-09-13 12:05:00,3.2440044606119045e-07,2.9068129236975437e-08,324.40044606119045,29068.129236975437
2026-09-13 12:06:00,3.2361239732381364e-07,2.7640805200235263e-08,323.61239732381364,27640.805200235263
2026-09-13 12:07:00,3.236425527575193e-07,2.798470966069999e-08,323.6425527575193,27984.70966069999
2026-09-13 12:08:00,3.245136781515612e-07,2.7743221053810885e-08,324.5136781515612,27743.221053810885
2026-09-13 12:09:00,3.268639545694896e-07,2.61430770365223e-08,326.8639545694896,26143.0770365223
2026-09-13 12:10:00,3.281213594164001e-07,1.903713986450839e-08,328.1213594164001,19037.13986450839
2026-09-13 12:11:00,3.2867268373593106e-07,2.3459902465106097e-08,328.67268373593106,23459.902465106097
2026-09-13 12:12:00,3.279316160842427e-07,2.31254446703133e-08,327.9316160842427,23125.4446703133
2026-09-13 12:13:00,3.2628025792291737e-07,2.2647677511145048e-08,326.2802579229174,22647.677511145048
2026-09-13 12:14:00,3.296054558177275e-07,2.441369417738315e-08,329.6054558177275,24413.69417738315
2026-09-13 12:15:00,3.328210880226834e-07,2.499773721353904e-08,332.8210880226834,24997.73721353904
2026-09-13 12:16:00,3.3629439144533535e-07,2.5309043749643934e-08,336.29439144533535,25309.043749643934
2026-09-13 12:17:00,3.49101583196898e-07,2.6049315593468236e-08,349.101583196898,26049.315593468236
2026-09-13 12:18:00,3.555861098902824e-07,2.6849958700836396e-08,355.5861098902824,26849.958700836396
2026-09-13 12:19:00,3.581180294531805e-07,2.6783794737639255e-08,358.1180294531805,26783.794737639255
2026-09-13 12:20:00,3.586731338600657e-07,2.5848706286524248e-08,358.6731338600657,25848.706286524248
2026-09-13 12:21:00,3.560103323252406e-07,2.785427888341019e-08,356.0103323252406,27854.27888341019
2026-09-13 12:22:00,3.5679011034517316e-07,2.5888429178166916e-08,356.79011034517316,25888.429178166916
2026-09-13 12:23:00,3.532423988872324e-07,2.5175346252126474e-08,353.2423988872324,25175.346252126474
2026-09-13 12:24:00,3.515196453918179e-07,2.4061643344452932e-08,351.5196453918179,24061.643344452932
2026-09-13 12:25:00,3.4881045962720236e-07,2.47376856776782e-08,348.81045962720236,24737.6856776782
2026-09-13 12:26:00,3.470810270300717e-07,2.7155831361369565e-08,347.0810270300717,27155.831361369565
2026-09-13 12:27:00,3.44759257586702e-07,2.7200188768006228e-08,344.759257586702,27200.18876800623
2026-09-13 12:28:00,3.43516148859635e-07,2.6199511893310046e-08,343.516148859635,26199.511893310046
2026-09-13 12:29:00,3.4251044667144015e-07,2.6162274124885698e-08,342.51044667144015,26162.2741248857
2026-09-13 12:30:00,3.4230302503601706e-07,2.8595072976145275e-08,342.30302503601706,28595.072976145275
2026-09-13 12:31:00,3.4224319733766606e-07,2.81491256970412e-08,342.24319733766606,28149.1256970412
2026-09-13 12:32:00,3.406257462756912e-07,3.054971386973193e-08,340.6257462756912,30549.71386973193
2026-09-13 12:33:00,3.3982726677095343e-07,3.094222122967949e-08,339.82726677095343,30942.22122967949
2026-09-13 12:34:00,3.393226393200166e-07,3.1760027496829935e-08,339.3226393200166,31760.027496829935
2026-09-13 12:35:00,3.386749085620977e-07,3.275664184343441e-08,338.6749085620977,32756.64184343441
2026-09-13 12:36:00,3.3722574244166026e-07,3.104269197251597e-08,337.22574244166026,31042.691972515968
2026-09-13 12:37:00,3.3575548741282546e-07,3.151311744886698e-08,335.75548741282546,31513.11744886698
2026-09-13 12:38:00,3.363552991686447e-07,3.089358102670303e-08,336.3552991686447,30893.581026703032
2026-09-13 12:39:00,3.3575005886632425e-07,3.261464698312011e-08,335.75005886632425,32614.64698312011
2026-09-13 12:40:00,3.3398617915736395e-07,3.259670577904217e-08,333.98617915736395,32596.705779042168
2026-09-13 12:41:00,3.350277779645694e-07,3.365213885331286e-08,335.0277779645694,33652.13885331286
2026-09-13 12:42:00,3.366045291386399e-07,3.3680482403042333e-08,336.6045291386399,33680.48240304233
2026-09-13 12:43:00,3.367945566878916e-07,3.39935191107088e-08,336.7945566878916,33993.5191107088
2026-09-13 12:44:00,3.346999335462897e-07,3.3136153376744915e-08,334.6999335462897,33136.153376744915
2026-09-13 12:45:00,3.353559918650717e-07,3.2911437131133425e-08,335.3559918650717,32911.437131133425
2026-09-13 12:46:00,3.3415969369343657e-07,3.1722318993843146e-08,334.15969369343657,31722.318993843146
2026-09-13 12:47:00,3.3392973364243517e-07,3.244715429673306e-08,333.92973364243517,32447.15429673306
2026-09-13 12:48:00,3.33084869907907e-07,3.147849625406707e-08,333.084869907907,31478.496254067068
2026-09-13 12:49:00,3.329011235564394e-07,3.237808243738982e-08,332.9011235564394,32378.08243738982
2026-09-13 12:50:00,3.317264258839714e-07,3.2389834814239293e-08,331.7264258839714,32389.834814239293
2026-09-13 12:51:00,3.3181490266542824e-07,3.256129943451924e-08,331.81490266542824,32561.299434519242
2026-09-13 12:52:00,3.340611272051319e-07,3.2493581159087626e-08,334.0611272051319,32493.581159087626
2026-09-13 12:53:00,3.383212856533646e-07,3.299737727502361e-08,338.3212856533646,32997.37727502361
2026-09-13 12:54:00,3.4278340876880975e-07,3.373570933717929e-08,342.78340876880975,33735.70933717929
2026-09-13 12:55:00,3.488620166081091e-07,3.096535294844216e-08,348.8620166081091,30965.35294844216
2026-09-13 12:56:00,3.696059707181121e-07,3.522011127188307e-08,369.6059707181121,35220.11127188307
2026-09-13 12:57:00,4.014376600025571e-07,3.749184074308687e-08,401.4376600025571,37491.84074308687
2026-09-13 12:58:00,4.0004906054491585e-07,3.744245447023786e-08,400.04906054491585,37442.45447023786
2026-09-13 12:59:00,3.9429366438525904e-07,3.6679210779766436e-08,394.29366438525904,36679.210779766436
2026-09-13 13:00:00,3.8903934296286025e-07,3.3560318968284264e-08,389.03934296286025,33560.318968284264
2026-09-13 13:01:00,3.821715779395163e-07,3.3494536921807594e-08,382.1715779395163,33494.536921807594
2026-09-13 13:02:00,3.7692805676670105e-07,3.3854629322149776e-08,376.92805676670105,33854.629322149776
2026-09-13 13:03:00,3.7199146163402474e-07,3.394584879856666e-08,371.99146163402474,33945.84879856666
2026-09-13 13:04:00,3.695461714414705e-07,3.438715623360622e-08,369.5461714414705,34387.15623360622
2026-09-13 13:05:00,3.648840447567636e-07,3.588775854268533e-08,364.8840447567636,35887.75854268533
2026-09-13 13:06:00,3.6068607300876465e-07,3.47451205584548e-08,360.68607300876465,34745.1205584548
2026-09-13 13:07:00,3.563753807611647e-07,3.2085090140299144e-08,356.3753807611647,32085.090140299144
2026-09-13 13:08:00,3.52097458744538e-07,3.320378283433456e-08,352.097458744538,33203.78283433456
2026-09-13 13:09:00,3.490387712190568e-07,3.2506708436130793e-08,349.0387712190568,32506.708436130793
2026-09-13 13:10:00,3.4908143220491183e-07,3.3626751161364155e-08,349.08143220491183,33626.751161364155
2026-09-13 13:11:00,3.506799259866966e-07,3.2736782173969914e-08,350.6799259866966,32736.782173969914
2026-09-13 13:12:00,3.5206531379117223e-07,3.243491519810959e-08,352.06531379117223,32434.915198109593
2026-09-13 13:13:00,3.4775348467519507e-07,3.2320134124574906e-08,347.75348467519507,32320.134124574906
2026-09-13 13:14:00,3.45374900234674e-07,3.1905809549925834e-08,345.374900234674,31905.809549925834
2026-09-13 13:15:00,3.451326335834892e-07,3.3388850795290637e-08,345.1326335834892,33388.85079529064
2026-09-13 13:16:00,3.428788772907865e-07,3.370188039752975e-08,342.8788772907865,33701.88039752975
2026-09-13 13:17:00,3.4574091500871873e-07,3.3747003413964194e-08,345.74091500871873,33747.003413964194
2026-09-13 13:18:00,3.442930562869151e-07,3.315734531383896e-08,344.2930562869151,33157.34531383896
2026-09-13 13:19:00,3.441218154875969e-07,3.284024785443762e-08,344.1218154875969,32840.24785443762
2026-09-13 13:20:00,3.4398127013446356e-07,3.247221158630964e-08,343.98127013446356,32472.21158630964
2026-09-13 13:21:00,3.433572430822096e-07,3.218868371845929e-08,343.3572430822096,32188.683718459288
2026-09-13 13:22:00,3.4327126741118263e-07,3.137546755738185e-08,343.27126741118263,31375.467557381853
2026-09-13 13:23:00,3.4458656728020287e-07,3.1704313840918985e-08,344.58656728020287,31704.313840918985
2026-09-13 13:24:00,3.4608427768034744e-07,3.113221325179438e-08,346.08427768034744,31132.213251794383
2026-09-13 13:25:00,3.4627487366378773e-07,3.144582549907682e-08,346.27487366378773,31445.82549907682
2026-09-13 13:26:00,3.470671003924508e-07,3.058826081314692e-08,347.0671003924508,30588.260813146917
2026-09-13 13:27:00,3.4859797892750066e-07,2.941417776014532e-08,348.59797892750066,29414.17776014532
2026-09-13 13:28:00,3.5104039852740243e-07,3.317707708561102e-08,351.04039852740243,33177.07708561102
2026-09-13 13:29:00,3.5231303741056763e-07,3.265475356784009e-08,352.31303741056763,32654.75356784009
2026-09-13 13:30:00,3.5828549016514444e-07,3.415089366853863e-08,358.28549016514444,34150.89366853863
2026-09-13 13:31:00,3.7356042525971134e-07,3.381739688279595e-08,373.56042525971134,33817.39688279595
2026-09-13 13:32:00,3.829228205631807e-07,3.2611875866450646e-08,382.9228205631807,32611.875866450646
2026-09-13 13:33:00,3.8745608321733016e-07,3.415992466671014e-08,387.45608321733016,34159.92466671014
2026-09-13 13:34:00,4.1661925820335455e-07,3.7067387381739536e-08,416.61925820335455,37067.387381739536
2026-09-13 13:35:00,4.323698590269487e-07,3.8392844459167463e-08,432.3698590269487,38392.84445916746
2026-09-13 13:36:00,4.333666652200918e-07,3.793068259483334e-08,433.3666652200918,37930.68259483334
2026-09-13 13:37:00,4.279998790934769e-07,3.664763070787558e-08,427.9998790934769,36647.63070787558
2026-09-13 13:38:00,4.224701513066975e-07,3.5597938818909824e-08,422.4701513066975,35597.938818909824
2026-09-13 13:39:00,4.130590980366833e-07,3.556650085556612e-08,413.0590980366833,35566.50085556612
2026-09-13 13:40:00,4.0398671785624174e-07,3.676639792615788e-08,403.98671785624174,36766.39792615788
2026-09-13 13:41:00,3.9774113247403875e-07,3.79627991264897e-08,397.74113247403875,37962.7991264897
2026-09-13 13:42:00,3.921474274193315e-07,3.7138804032110784e-08,392.1474274193315,37138.804032110784
2026-09-13 13:43:00,3.8601723417741596e-07,3.995020847469277e-08,386.01723417741596,39950.20847469277
2026-09-13 13:44:00,3.8052581885494874e-07,3.688031569026862e-08,380.52581885494874,36880.31569026862
2026-09-13 13:45:00,3.76783503952538e-07,3.915493707040696e-08,376.783503952538,39154.93707040696
2026-09-13 13:46:00,3.721299606240791e-07,3.929243064249022e-08,372.1299606240791,39292.43064249022
2026-09-13 13:47:00,3.700268393913575e-07,3.774205481477111e-08,370.0268393913575,37742.05481477111
2026-09-13 13:48:00,3.685895819671714e-07,3.738885823167948e-08,368.5895819671714,37388.85823167948
2026-09-13 13:49:00,3.6683596249531547e-07,3.787585711734209e-08,366.83596249531547,37875.85711734209
2026-09-13 13:50:00,3.670157582291722e-07,3.6671693237622094e-08,367.0157582291722,36671.693237622094
2026-09-13 13:51:00,3.6843482575932285e-07,3.7429121135801324e-08,368.43482575932285,37429.121135801324
2026-09-13 13:52:00,3.6812281223319587e-07,3.9432531906413715e-08,368.1228122331959,39432.531906413715
2026-09-13 13:53:00,3.6553095128510904e-07,3.9748467628442086e-08,365.53095128510904,39748.467628442086
2026-09-13 13:54:00,3.648222559604619e-07,4.006071563367186e-08,364.8222559604619,40060.71563367186
2026-09-13 13:55:00,3.6396770042301796e-07,3.890399824513224e-08,363.96770042301796,38903.99824513224
2026-09-13 13:56:00,3.6281556958783767e-07,3.7650245587883546e-08,362.8155695878377,37650.245587883546
2026-09-13 13:57:00,3.629049842857057e-07,3.981550733556105e-08,362.9049842857057,39815.50733556105
2026-09-13 13:58:00,3.6367333677844726e-07,4.0443492110853185e-08,363.67333677844726,40443.492110853185
2026-09-13 13:59:00,3.629093328072486e-07,3.89542478274052e-08,362.9093328072486,38954.2478274052
2026-09-13 14:00:00,3.614885599745321e-07,3.650274038591306e-08,361.4885599745321,36502.74038591306
2026-09-13 14:01:00,3.633603853359091e-07,3.4253151426355544e-08,363.3603853359091,34253.151426355544
2026-09-13 14:02:00,3.6183411111778696e-07,3.7808487007851e-08,361.83411111778696,37808.487007851
2026-09-13 14:03:00,3.607162284424703e-07,3.7820225173845756e-08,360.7162284424703,37820.225173845756
2026-09-13 14:04:00,3.603065010793216e-07,3.848392182703719e-08,360.3065010793216,38483.92182703719
2026-09-13 14:05:00,3.600081299737212e-07,4.1264655692430097e-08,360.0081299737212,41264.6556924301
2026-09-13 14:06:00,3.614707679844287e-07,4.17987138234821e-08,361.4707679844287,41798.7138234821
2026-09-13 14:07:00,3.595146438328811e-07,4.380619955668408e-08,359.5146438328811,43806.19955668408
2026-09-13 14:08:00,3.5885182114725467e-07,4.1936200290138004e-08,358.85182114725467,41936.200290138004
2026-09-13 14:09:00,3.593837618609541e-07,4.168081346733743e-08,359.3837618609541,41680.81346733743
2026-09-13 14:10:00,3.628477713846223e-07,4.259543118223519e-08,362.8477713846223,42595.43118223519
2026-09-13 14:11:00,3.612093451010878e-07,3.96676895775272e-08,361.2093451010878,39667.6895775272
2026-09-13 14:12:00,3.6545702641888056e-07,3.8256747103559974e-08,365.45702641888056,38256.747103559974
2026-09-13 14:13:00,3.647809307949501e-07,3.8678152236570895e-08,364.7809307949501,38678.152236570895
2026-09-13 14:14:00,3.6507739764601865e-07,3.883728538767173e-08,365.07739764601865,38837.28538767173
2026-09-13 14:15:00,3.645500044058281e-07,3.978159313078322e-08,364.5500044058281,39781.59313078322
2026-09-13 14:16:00,3.615804189394112e-07,3.832339245946059e-08,361.5804189394112,38323.39245946059
2026-09-13 14:17:00,3.5978155210614204e-07,4.129372399575004e-08,359.78155210614204,41293.72399575004
2026-09-13 14:18:00,3.6018977311869094e-07,4.219427296447975e-08,360.18977311869094,42194.27296447975
2026-09-13 14:19:00,3.605523488658946e-07,4.1576274867338725e-08,360.5523488658946,41576.274867338725
2026-09-13 14:20:00,3.5929753039454226e-07,4.174558654312932e-08,359.29753039454226,41745.58654312932
2026-09-13 14:21:00,3.6030456840308034e-07,4.0997559125344196e-08,360.30456840308034,40997.559125344196
2026-09-13 14:22:00,3.5868757208845636e-07,4.0187824623671986e-08,358.68757208845636,40187.824623671986
2026-09-13 14:23:00,3.7203091096671415e-07,4.150017574033882e-08,372.03091096671415,41500.17574033882
2026-09-13 14:24:00,3.827805414857721e-07,4.18612238206606e-08,382.7805414857721,41861.2238206606
2026-09-13 14:25:00,3.7696833032896393e-07,4.244214224513598e-08,376.96833032896393,42442.14224513598
2026-09-13 14:26:00,3.719990786521521e-07,4.277194776136639e-08,371.9990786521521,42771.94776136639
2026-09-13 14:27:00,3.6740624409503653e-07,3.742511012205796e-08,367.4062440950365,37425.11012205796
2026-09-13 14:28:00,3.6445828754949616e-07,3.836980155824676e-08,364.45828754949616,38369.80155824676
2026-09-13 14:29:00,3.61112682867315e-07,3.9203971624601763e-08,361.112682867315,39203.97162460176
2026-09-13 14:30:00,3.581353382742236e-07,3.8002529123559725e-08,358.1353382742236,38002.529123559725
2026-09-13 14:31:00,3.570171145383938e-07,3.7507753347654216e-08,357.0171145383938,37507.753347654216
2026-09-13 14:32:00,3.5575209267335595e-07,3.933892855911836e-08,355.75209267335595,39338.92855911836
2026-09-13 14:33:00,3.5593109259934863e-07,3.6931950830876303e-08,355.93109259934863,36931.9508308763
2026-09-13 14:34:00,3.547918367985403e-07,3.84159477562207e-08,354.7918367985403,38415.9477562207
2026-09-13 14:35:00,3.5455181546240055e-07,3.797173420139188e-08,354.55181546240055,37971.73420139188
2026-09-13 14:36:00,3.5319567359692883e-07,3.928077774162375e-08,353.1956735969288,39280.77774162375
2026-09-13 14:37:00,3.53967436694802e-07,3.9833174980685726e-08,353.967436694802,39833.174980685726
2026-09-13 14:38:00,3.555217347184225e-07,4.204451897749095e-08,355.5217347184225,42044.51897749095
2026-09-13 14:39:00,3.558600383257726e-07,4.072905213092781e-08,355.8600383257726,40729.05213092781
2026-09-13 14:40:00,3.5531161302060355e-07,4.010930254594314e-08,355.31161302060355,40109.30254594314
2026-09-13 14:41:00,3.559574111022812e-07,4.005971376841444e-08,355.9574111022812,40059.71376841444
2026-09-13 14:42:00,3.5903531170333736e-07,4.103797834886791e-08,359.03531170333736,41037.97834886791
2026-09-13 14:43:00,3.596475437461777e-07,4.0925709043904135e-08,359.6475437461777,40925.709043904135
2026-09-13 14:44:00,3.574497497993434e-07,4.277191578694328e-08,357.4497497993434,42771.91578694328
2026-09-13 14:45:00,3.568325723790622e-07,4.0854654770328125e-08,356.8325723790622,40854.654770328125
2026-09-13 14:46:00,3.536379722390848e-07,4.140744280789477e-08,353.6379722390848,41407.44280789477
2026-09-13 14:47:00,3.542723732152808e-07,4.067775805083329e-08,354.2723732152808,40677.75805083329
2026-09-13 14:48:00,3.5383820318202197e-07,4.173510603777686e-08,353.83820318202197,41735.10603777686
2026-09-13 14:49:00,3.525282750160841e-07,4.0292913894290905e-08,352.5282750160841,40292.913894290905
2026-09-13 14:50:00,3.54773987965018e-07,4.186966506836143e-08,354.773987965018,41869.66506836143
2026-09-13 14:51:00,3.5379594010009896e-07,4.0334914075401684e-08,353.79594010009896,40334.914075401684
2026-09-13 14:52:00,3.533047276960133e-07,3.873494947015388e-08,353.3047276960133,38734.94947015388
2026-09-13 14:53:00,3.551552936187363e-07,3.906494683292294e-08,355.1552936187363,39064.94683292294
2026-09-13 14:54:00,3.586412162803754e-07,4.0579791971140367e-08,358.6412162803754,40579.79197114037
2026-09-13 14:55:00,3.6435656625144475e-07,3.8806632574051036e-08,364.35656625144475,38806.63257405104
2026-09-13 14:56:00,3.6643388057200355e-07,3.95472632419569e-08,366.43388057200355,39547.2632419569
2026-09-13 14:57:00,3.654552642728959e-07,4.028945355116775e-08,365.4552642728959,40289.45355116775
2026-09-13 14:58:00,3.6298334293860535e-07,3.976186846443852e-08,362.98334293860535,39761.86846443852
2026-09-13 14:59:00,3.627882279033656e-07,4.126245656266292e-08,362.7882279033656,41262.45656266292
2026-09-13 15:00:00,3.6253780422157433e-07,4.029728017940215e-08,362.53780422157433,40297.28017940215
2026-09-13 15:01:00,3.637272243395273e-07,4.083093685380845e-08,363.7272243395273,40830.93685380845
2026-09-13 15:02:00,3.6348626508697635e-07,3.741230969467324e-08,363.48626508697635,37412.30969467324
2026-09-13 15:03:00,3.624140845204238e-07,3.7993611812225936e-08,362.4140845204238,37993.611812225936
2026-09-13 15:04:00,3.60866238224844e-07,3.835523898487736e-08,360.866238224844,38355.23898487736
2026-09-13 15:05:00,3.594420832087053e-07,3.737113374313594e-08,359.4420832087053,37371.13374313594
2026-09-13 15:06:00,3.5813349086311064e-07,3.904608547600219e-08,358.13349086311064,39046.08547600219
2026-09-13 15:07:00,3.53504333361343e-07,3.867900133514013e-08,353.504333361343,38679.00133514013
2026-09-13 15:08:00,3.5287862942823267e-07,3.8077402564340446e-08,352.87862942823267,38077.402564340446
2026-09-13 15:09:00,3.5202259596189833e-07,3.7962987420314676e-08,352.02259596189833,37962.987420314676
2026-09-13 15:10:00,3.5107714779769594e-07,3.679045335047704e-08,351.07714779769594,36790.45335047704
2026-09-13 15:11:00,3.5153064459336747e-07,3.8149469361314914e-08,351.53064459336747,38149.469361314914
2026-09-13 15:12:00,3.5218567973061e-07,3.819263127979866e-08,352.18567973061,38192.63127979866
2026-09-13 15:13:00,3.5046906532443245e-07,3.8476930086517314e-08,350.46906532443245,38476.93008651731
2026-09-13 15:14:00,3.506690688936942e-07,3.413862970091941e-08,350.6690688936942,34138.62970091941
2026-09-13 15:15:00,3.5322355529388005e-07,3.69667922939243e-08,353.22355529388005,36966.7922939243
2026-09-13 15:16:00,3.5060730851910193e-07,3.7280969422681665e-08,350.60730851910193,37280.969422681665
2026-09-13 15:17:00,3.4916195090772817e-07,3.784840174603232e-08,349.16195090772817,37848.40174603232
2026-09-13 15:18:00,3.50956042893813e-07,3.8431846149933335e-08,350.956042893813,38431.846149933335
2026-09-13 15:19:00,3.500551031265786e-07,4.020013122385535e-08,350.0551031265786,40200.13122385535
2026-09-13 15:20:00,3.492924633974326e-07,4.140098752714039e-08,349.2924633974326,41400.98752714039
2026-09-13 15:21:00,3.485858712792833e-07,3.973834594717118e-08,348.5858712792833,39738.34594717118
2026-09-13 15:22:00,3.4825171724151005e-07,4.0113253163553964e-08,348.25171724151005,40113.25316355396
2026-09-13 15:23:00,3.4736441989480227e-07,4.231091565998213e-08,347.36441989480227,42310.91565998213
2026-09-13 15:24:00,3.4990844710591773e-07,4.251457497161937e-08,349.90844710591773,42514.57497161937
2026-09-13 15:25:00,3.489974744752544e-07,4.116844820600818e-08,348.9974744752544,41168.44820600818
2026-09-13 15:26:00,3.482789736608538e-07,4.0786325428143755e-08,348.2789736608538,40786.325428143755
2026-09-13 15:27:00,3.49254719367309e-07,4.084783356006483e-08,349.254719367309,40847.83356006483
2026-09-13 15:28:00,3.5136534393132024e-07,4.040147061346033e-08,351.36534393132024,40401.47061346033
2026-09-13 15:29:00,3.5001187370653497e-07,4.079589999150812e-08,350.01187370653497,40795.89999150812
2026-09-13 15:30:00,3.51078142557526e-07,4.0888654240234246e-08,351.078142557526,40888.654240234246
2026-09-13 15:31:00,3.5064510939264437e-07,4.145686105516688e-08,350.6451093926444,41456.86105516688
2026-09-13 15:32:00,3.50503967183613e-07,4.013924836954175e-08,350.503967183613,40139.24836954175
2026-09-13 15:33:00,3.5146931054441666e-07,4.268486719638531e-08,351.46931054441666,42684.86719638531
2026-09-13 15:34:00,3.5032854839300853e-07,4.114641427577226e-08,350.32854839300853,41146.41427577226
2026-09-13 15:35:00,3.498163323456538e-07,4.207878490092298e-08,349.8163323456538,42078.78490092298
2026-09-13 15:36:00,3.4926699754578294e-07,4.009786636061108e-08,349.26699754578294,40097.86636061108
2026-09-13 15:37:00,3.488117954475456e-07,4.061921288212034e-08,348.8117954475456,40619.21288212034
2026-09-13 15:38:00,3.483673935988918e-07,4.3686373629725495e-08,348.3673935988918,43686.373629725495
2026-09-13 15:39:00,3.4748975963339035e-07,4.385781338100969e-08,347.48975963339035,43857.81338100969
2026-09-13 15:40:00,3.4788641301020107e-07,4.371429440652719e-08,347.88641301020107,43714.29440652719
2026-09-13 15:41:00,3.479301824427239e-07,4.328550318177804e-08,347.9301824427239,43285.50318177804
2026-09-13 15:42:00,3.4812092053471133e-07,4.2365631003349336e-08,348.12092053471133,42365.631003349336
2026-09-13 15:43:00,3.468911415893672e-07,4.340715520356753e-08,346.8911415893672,43407.15520356753
2026-09-13 15:44:00,3.44969578236487e-07,4.343800341644055e-08,344.969578236487,43438.00341644055
2026-09-13 15:45:00,3.4468294529688137e-07,4.334057024379945e-08,344.68294529688137,43340.57024379945
2026-09-13 15:46:00,3.448498375746567e-07,4.15812735354848e-08,344.8498375746567,41581.2735354848
2026-09-13 15:47:00,3.433355288962048e-07,4.30810729312725e-08,343.3355288962048,43081.0729312725
2026-09-13 15:48:00,3.43551278092491e-07,4.2495681640275507e-08,343.551278092491,42495.68164027551
2026-09-13 15:49:00,3.456626416209474e-07,4.282508569986021e-08,345.6626416209474,42825.08569986021
2026-09-13 15:50:00,3.440579803282162e-07,4.2791306498202175e-08,344.0579803282162,42791.306498202175
2026-09-13 15:51:00,3.451464465342724e-07,4.585690049907498e-08,345.1464465342724,45856.90049907498
2026-09-13 15:52:00,3.4315667107875925e-07,4.259799979422496e-08,343.15667107875925,42597.99979422496
2026-09-13 15:53:00,3.434053894579847e-07,4.248591878308616e-08,343.4053894579847,42485.91878308616
2026-09-13 15:54:00,3.419479241983936e-07,4.2530633237447546e-08,341.9479241983936,42530.633237447546
2026-09-13 15:55:00,3.430378967550496e-07,3.8907572275093116e-08,343.0378967550496,38907.572275093116
2026-09-13 15:56:00,3.4315058883294114e-07,3.870098197467087e-08,343.15058883294114,38700.98197467087
2026-09-13 15:57:00,3.441820126681705e-07,3.956794003556752e-08,344.1820126681705,39567.94003556752
2026-09-13 15:58:00,3.447825065450161e-07,3.9233849946640476e-08,344.7825065450161,39233.849946640476
2026-09-13 15:59:00,3.470086653578619e-07,4.1066957834345885e-08,347.0086653578619,41066.957834345885
2026-09-13 16:00:00,3.47449258697452e-07,3.989383046132389e-08,347.449258697452,39893.83046132389
2026-09-13 16:01:00,3.473115555152617e-07,4.096796146768611e-08,347.3115555152617,40967.96146768611
2026-09-13 16:02:00,3.475689709375729e-07,3.954041005727049e-08,347.5689709375729,39540.41005727049
2026-09-13 16:03:00,3.491262532406836e-07,4.0046721494491067e-08,349.1262532406836,40046.72149449107
2026-09-13 16:04:00,3.4768035561683064e-07,3.868399289785884e-08,347.68035561683064,38683.99289785884
2026-09-13 16:05:00,3.4809991689144226e-07,3.817690341634261e-08,348.09991689144226,38176.90341634261
2026-09-13 16:06:00,3.4659831271710573e-07,3.728982989059659e-08,346.5983127171057,37289.82989059659
2026-09-13 16:07:00,3.456650006228301e-07,4.31878746098846e-08,345.6650006228301,43187.8746098846
2026-09-13 16:08:00,3.4619654343259754e-07,3.793418912323432e-08,346.19654343259754,37934.18912323432
2026-09-13 16:09:00,3.451397105891374e-07,3.592573705191171e-08,345.1397105891374,35925.73705191171
2026-09-13 16:10:00,3.456365789133997e-07,3.9022374664909876e-08,345.6365789133997,39022.374664909876
2026-09-13 16:11:00,3.450109034019988e-07,3.834169604033377e-08,345.0109034019988,38341.69604033377
2026-09-13 16:12:00,3.452919941082655e-07,4.3241566771712314e-08,345.2919941082655,43241.566771712314
2026-09-13 16:13:00,3.454842669725622e-07,4.105796591602484e-08,345.4842669725622,41057.96591602484
2026-09-13 16:14:00,3.472317189334717e-07,3.961577021982521e-08,347.2317189334717,39615.77021982521
2026-09-13 16:15:00,3.4953836802742444e-07,4.076975912425951e-08,349.53836802742444,40769.75912425951
2026-09-13 16:16:00,3.5143378340762865e-07,4.052978397339757e-08,351.43378340762865,40529.78397339757
2026-09-13 16:17:00,3.5617173921309586e-07,4.188840918573078e-08,356.17173921309586,41888.40918573078
2026-09-13 16:18:00,3.5371638773540326e-07,4.112884255391691e-08,353.71638773540326,41128.84255391691
2026-09-13 16:19:00,3.543047171206126e-07,3.962357908449121e-08,354.3047171206126,39623.57908449121
2026-09-13 16:20:00,3.5558429090087884e-07,4.044112955625678e-08,355.58429090087884,40441.12955625678
2026-09-13 16:21:00,3.5989299362881866e-07,4.134382081133481e-08,359.89299362881866,41343.82081133481
2026-09-13 16:22:00,3.5968423617305234e-07,4.317418955679386e-08,359.68423617305234,43174.18955679386
2026-09-13 16:23:00,3.605923382110632e-07,4.45015722050357e-08,360.5923382110632,44501.5722050357
2026-09-13 16:24:00,3.6369078770803753e-07,4.3105259805997775e-08,363.69078770803753,43105.259805997775
2026-09-13 16:25:00,3.677032225368748e-07,4.2552084522640143e-08,367.7032225368748,42552.08452264014
2026-09-13 16:26:00,3.682245335312473e-07,4.4306109003855454e-08,368.2245335312473,44306.109003855454
2026-09-13 16:27:00,3.704629989442765e-07,4.419480958972599e-08,370.4629989442765,44194.80958972599
2026-09-13 16:28:00,3.6665093716692354e-07,4.034680500808463e-08,366.65093716692354,40346.80500808463
2026-09-13 16:29:00,3.6589983665180625e-07,4.161111633038672e-08,365.89983665180625,41611.11633038672
2026-09-13 16:30:00,3.63456791774297e-07,4.507543138743131e-08,363.456791774297,45075.43138743131
2026-09-13 16:31:00,3.6235090306036e-07,4.5230073908442137e-08,362.35090306036,45230.07390844214
2026-09-13 16:32:00,3.6049695495421474e-07,4.2334360017548534e-08,360.49695495421474,42334.36001754853
2026-09-13 16:33:00,3.601431046718062e-07,4.204810366559286e-08,360.1431046718062,42048.10366559286
2026-09-13 16:34:00,3.6148176718597824e-07,4.278891907461002e-08,361.48176718597824,42788.91907461002
2026-09-13 16:35:00,3.6024064797857136e-07,4.2992180482315234e-08,360.24064797857136,42992.180482315234
2026-09-13 16:36:00,3.59986785269939e-07,4.3446938491342735e-08,359.986785269939,43446.938491342735
2026-09-13 16:37:00,3.586666537103156e-07,4.358752292432655e-08,358.6666537103156,43587.52292432655
2026-09-13 16:38:00,3.564490214102989e-07,4.4155530787293173e-08,356.4490214102989,44155.53078729317
2026-09-13 16:39:00,3.5557272326514067e-07,4.298396660828985e-08,355.57272326514067,42983.96660828985
2026-09-13 16:40:00,3.546947198174166e-07,4.459427671577032e-08,354.6947198174166,44594.27671577032
2026-09-13 16:41:00,3.5183987279197027e-07,4.462375713387701e-08,351.83987279197027,44623.75713387701
2026-09-13 16:42:00,3.5052011071456946e-07,4.364178707305655e-08,350.52011071456946,43641.78707305655
2026-09-13 16:43:00,3.490513051929156e-07,4.760889282806602e-08,349.0513051929156,47608.89282806602
2026-09-13 16:44:00,3.507536519009591e-07,4.295641531371075e-08,350.7536519009591,42956.41531371075
2026-09-13 16:45:00,3.507045676087728e-07,4.530929942347939e-08,350.7045676087728,45309.29942347939
2026-09-13 16:46:00,3.5072540072178526e-07,4.3915527214721806e-08,350.72540072178526,43915.527214721806
2026-09-13 16:47:00,3.517348261539155e-07,4.331236169718977e-08,351.7348261539155,43312.36169718977
2026-09-13 16:48:00,3.512417379170074e-07,4.280174792370417e-08,351.2417379170074,42801.74792370417
2026-09-13 16:49:00,3.511833881475468e-07,4.325885072375968e-08,351.1833881475468,43258.85072375968
2026-09-13 16:50:00,3.513303568070114e-07,4.36376552670481e-08,351.3303568070114,43637.6552670481
2026-09-13 16:51:00,3.499079639368574e-07,4.399966258006316e-08,349.9079639368574,43999.66258006316
2026-09-13 16:52:00,3.491313123049622e-07,4.505543316213334e-08,349.1313123049622,45055.43316213334
2026-09-13 16:53:00,3.5160860534233507e-07,4.333108449827705e-08,351.60860534233507,43331.08449827705
2026-09-13 16:54:00,3.506148686938104e-07,4.327855052110863e-08,350.6148686938104,43278.55052110863
2026-09-13 16:55:00,3.5117005836582393e-07,4.4273200217048725e-08,351.17005836582393,44273.200217048725
2026-09-13 16:56:00,3.5039624890487175e-07,4.133042708076573e-08,350.39624890487175,41330.42708076573
2026-09-13 16:57:00,3.511541137868335e-07,4.256036589822543e-08,351.1541137868335,42560.36589822543
2026-09-13 16:58:00,3.513009119160415e-07,4.341345416492004e-08,351.3009119160415,43413.45416492004
2026-09-13 16:59:00,3.511501063258038e-07,4.3109814384934e-08,351.1501063258038,43109.814384934
2026-09-13 17:00:00,3.495808869047323e-07,4.282434318270134e-08,349.5808869047323,42824.34318270134
2026-09-13 17:01:00,3.4972674711752916e-07,4.30754418800916e-08,349.72674711752916,43075.4418800916
2026-09-13 17:02:00,3.49201826566059e-07,4.0447815763400286e-08,349.201826566059,40447.815763400286
2026-09-13 17:03:00,3.5141621879120066e-07,4.0920344446249146e-08,351.41621879120066,40920.344446249146
2026-09-13 17:04:00,3.534570396368508e-07,3.925456582010156e-08,353.4570396368508,39254.56582010156
2026-09-13 17:05:00,3.5172871548638796e-07,3.988642660601727e-08,351.72871548638796,39886.42660601727
2026-09-13 17:06:00,3.5230453931944794e-07,3.972435180799039e-08,352.30453931944794,39724.35180799039
2026-09-13 17:07:00,3.507364851884631e-07,4.0562994740867e-08,350.7364851884631,40562.994740867
2026-09-13 17:08:00,3.5019945698877564e-07,3.9073349000773305e-08,350.19945698877564,39073.349000773305
2026-09-13 17:09:00,3.4759352729452075e-07,3.952868610213045e-08,347.59352729452075,39528.68610213045
2026-09-13 17:10:00,3.489770676878834e-07,3.8592407491933045e-08,348.9770676878834,38592.407491933045
2026-09-13 17:11:00,3.451116583619296e-07,3.9034080856481523e-08,345.1116583619296,39034.08085648152
2026-09-13 17:12:00,3.4515463198658836e-07,3.963254968653018e-08,345.15463198658836,39632.54968653018
2026-09-13 17:13:00,3.44151999343012e-07,3.67989230198873e-08,344.151999343012,36798.9230198873
2026-09-13 17:14:00,3.4256103731422627e-07,3.94087713573299e-08,342.56103731422627,39408.7713573299
2026-09-13 17:15:00,3.4248978408868425e-07,3.829851280556795e-08,342.48978408868425,38298.51280556795
2026-09-13 17:16:00,3.416010088130861e-07,3.992521868667609e-08,341.6010088130861,39925.21868667609
2026-09-13 17:17:00,3.405548056889529e-07,3.677722659745086e-08,340.5548056889529,36777.22659745086
2026-09-13 17:18:00,3.4060840903293865e-07,3.6283598348063606e-08,340.60840903293865,36283.598348063606
2026-09-13 17:19:00,3.3973267932196904e-07,3.5776896112338363e-08,339.73267932196904,35776.89611233836
2026-09-13 17:20:00,3.405702955205925e-07,3.6801417024889815e-08,340.5702955205925,36801.417024889815
2026-09-13 17:21:00,3.401264621061273e-07,3.476054999396183e-08,340.1264621061273,34760.54999396183
2026-09-13 17:22:00,3.417596587951266e-07,3.6243736900587464e-08,341.7596587951266,36243.736900587464
2026-09-13 17:23:00,3.431566426570498e-07,3.6970298822325276e-08,343.1566426570498,36970.298822325276
2026-09-13 17:24:00,3.4445270102878567e-07,3.7413538933606105e-08,344.45270102878567,37413.538933606105
2026-09-13 17:25:00,3.436661870637181e-07,3.899279832353386e-08,343.6661870637181,38992.79832353386
2026-09-13 17:26:00,3.4604119036885095e-07,3.813833870935923e-08,346.04119036885095,38138.33870935923
2026-09-13 17:27:00,3.4526604508755554e-07,3.7835484079096204e-08,345.26604508755554,37835.484079096204
2026-09-13 17:28:00,3.4581972840896924e-07,3.6993903052007227e-08,345.81972840896924,36993.90305200723
2026-09-13 17:29:00,3.445797460699396e-07,3.868504805382145e-08,344.5797460699396,38685.04805382145
2026-09-13 17:30:00,3.4314825825276785e-07,3.7357082760536287e-08,343.14825825276785,37357.08276053629
2026-09-13 17:31:00,3.44542399943748e-07,3.9883740754476094e-08,344.542399943748,39883.74075447609
2026-09-13 17:32:00,3.43963733939745e-07,3.969492823330256e-08,343.963733939745,39694.92823330256
2026-09-13 17:33:00,3.4378092550468864e-07,3.741643084254065e-08,343.78092550468864,37416.43084254065
2026-09-13 17:34:00,3.471780303243577e-07,3.844330009883379e-08,347.1780303243577,38443.30009883379
2026-09-13 17:35:00,3.553037402070913e-07,3.977126539211895e-08,355.3037402070913,39771.26539211895
2026-09-13 17:36:00,3.6366526501296903e-07,4.117536889225448e-08,363.66526501296903,41175.36889225448
2026-09-13 17:37:00,3.6557349858412636e-07,4.104766659907e-08,365.57349858412636,41047.66659907
2026-09-13 17:38:00,3.6589133856068656e-07,3.963964090303307e-08,365.89133856068656,39639.64090303307
2026-09-13 17:39:00,3.6003817172058916e-07,4.030391664855415e-08,360.03817172058916,40303.91664855415
2026-09-13 17:40:00,3.5530919717530196e-07,3.88162249009838e-08,355.30919717530196,38816.2249009838
2026-09-13 17:41:00,3.5079520444014634e-07,3.819744165411976e-08,350.79520444014634,38197.44165411976
2026-09-13 17:42:00,3.4690671668613504e-07,3.908157353293973e-08,346.90671668613504,39081.57353293973
2026-09-13 17:43:00,3.466674627361499e-07,3.911261714506509e-08,346.6674627361499,39112.61714506509
2026-09-13 17:44:00,3.418712708480598e-07,3.892282407491621e-08,341.8712708480598,38922.82407491621
2026-09-13 17:45:00,3.3865410387079464e-07,3.901693901298131e-08,338.65410387079464,39016.93901298131
2026-09-13 17:46:00,3.3731106441337033e-07,3.9979756394359356e-08,337.31106441337033,39979.756394359356
2026-09-13 17:47:00,3.364588678778091e-07,3.8002944791060145e-08,336.4588678778091,38002.944791060145
2026-09-13 17:48:00,3.3518460895720636e-07,3.885564225925009e-08,335.18460895720636,38855.64225925009
2026-09-13 17:49:00,3.3434432111789647e-07,3.8397757862185244e-08,334.34432111789647,38397.757862185244
2026-09-13 17:50:00,3.3311437164229574e-07,3.7904911209807324e-08,333.11437164229574,37904.911209807324
2026-09-13 17:51:00,3.3257848031098547e-07,3.812457194385388e-08,332.57848031098547,38124.57194385388
2026-09-13 17:52:00,3.375902508651052e-07,3.701705608705197e-08,337.5902508651052,37017.05608705197
2026-09-13 17:53:00,3.454556747328752e-07,3.818803406829829e-08,345.4556747328752,38188.03406829829
2026-09-13 17:54:00,3.6497931432677433e-07,4.055828739524259e-08,364.97931432677433,40558.28739524259
2026-09-13 17:55:00,3.997356543550268e-07,4.329545078007868e-08,399.7356543550268,43295.45078007868
2026-09-13 17:56:00,4.5989037289473345e-07,4.8037922084631646e-08,459.89037289473345,48037.922084631646
2026-09-13 17:57:00,5.487004841597809e-07,5.420717386073193e-08,548.7004841597809,54207.17386073193
2026-09-13 17:58:00,6.798770755267469e-07,6.454814638345852e-08,679.8770755267469,64548.146383458516
2026-09-13 17:59:00,8.269109343927994e-07,8.33058138027809e-08,826.9109343927994,83305.8138027809
2026-09-13 18:00:00,9.348037792733521e-07,9.205327700101407e-08,934.8037792733521,92053.27700101407
2026-09-13 18:01:00,9.459288321522763e-07,8.839819543027261e-08,945.9288321522763,88398.19543027261
2026-09-13 18:02:00,8.823058124107774e-07,7.723243555801673e-08,882.3058124107774,77232.43555801673
2026-09-13 18:03:00,7.945171205392398e-07,6.421345943863344e-08,794.5171205392398,64213.459438633436
2026-09-13 18:04:00,7.036744023025676e-07,5.779291356589056e-08,703.6744023025676,57792.91356589056
2026-09-13 18:05:00,6.285358722379897e-07,5.268235980793179e-08,628.5358722379897,52682.35980793179
2026-09-13 18:06:00,5.725050868932158e-07,4.890290483672288e-08,572.5050868932158,48902.90483672288
2026-09-13 18:07:00,5.300426551002602e-07,4.656074992226422e-08,530.0426551002602,46560.74992226422
2026-09-13 18:08:00,5.093137360745459e-07,4.9029630133645696e-08,509.3137360745459,49029.630133645696
2026-09-13 18:09:00,4.939914788337774e-07,4.795236918653245e-08,493.99147883377736,47952.36918653245
2026-09-13 18:10:00,4.847063337365398e-07,4.415690213477319e-08,484.7063337365398,44156.90213477319
2026-09-13 18:11:00,4.76853472264338e-07,4.732070735258276e-08,476.85347226433805,47320.70735258276
2026-09-13 18:12:00,4.7468131469941e-07,4.4235200391540275e-08,474.68131469941,44235.200391540275
2026-09-13 18:13:00,4.7136009584392013e-07,4.465968217459704e-08,471.36009584392013,44659.68217459704
2026-09-13 18:14:00,4.6603108216913824e-07,4.325342572997215e-08,466.03108216913824,43253.42572997215
2026-09-13 18:15:00,4.646111904094141e-07,4.630671313066159e-08,464.6111904094141,46306.71313066159
2026-09-13 18:16:00,4.659854084820836e-07,4.598941316658056e-08,465.9854084820836,45989.41316658056
2026-09-13 18:17:00,4.720098445432086e-07,4.561060862329214e-08,472.0098445432086,45610.60862329214
2026-09-13 18:18:00,4.786141403201327e-07,4.6054442037757326e-08,478.6141403201327,46054.442037757326
2026-09-13 18:19:00,4.897392500424758e-07,4.681204401890682e-08,489.73925004247576,46812.04401890682
2026-09-13 18:20:00,4.98069312016014e-07,4.67479956967054e-08,498.069312016014,46747.9956967054
2026-09-13 18:21:00,5.010940640204353e-07,4.502561168351349e-08,501.0940640204353,45025.61168351349
2026-09-13 18:22:00,5.014663884139736e-07,4.4548382760467575e-08,501.4663884139736,44548.382760467575
2026-09-13 18:23:00,4.988198156752333e-07,4.679583653910413e-08,498.81981567523326,46795.83653910413
2026-09-13 18:24:00,4.981937422599003e-07,4.3932146809311234e-08,498.1937422599003,43932.146809311234
2026-09-13 18:25:00,4.956714292347897e-07,4.494515692954337e-08,495.6714292347897,44945.15692954337
2026-09-13 18:26:00,4.936366053698293e-07,4.5355982081218826e-08,493.63660536982934,45355.982081218826
2026-09-13 18:27:00,4.928986641061783e-07,4.415474919028384e-08,492.89866410617833,44154.74919028384
2026-09-13 18:28:00,4.911258315587474e-07,4.431310429708901e-08,491.12583155874745,44313.10429708901
2026-09-13 18:29:00,4.909101107841707e-07,4.3411784389491004e-08,490.9101107841707,43411.784389491004
2026-09-13 18:30:00,5.064459855930181e-07,4.3885677314392524e-08,506.4459855930181,43885.677314392524
2026-09-13 18:31:00,5.466355332828243e-07,4.523161223346506e-08,546.6355332828243,45231.61223346506
2026-09-13 18:32:00,5.651942274198518e-07,4.610051718145769e-08,565.1942274198518,46100.51718145769
2026-09-13 18:33:00,5.378597052185796e-07,4.6400238318256015e-08,537.8597052185796,46400.238318256015
2026-09-13 18:34:00,5.278596972857486e-07,4.657578145383923e-08,527.8596972857486,46575.78145383923
2026-09-13 18:35:00,5.233492288425623e-07,4.6640618478477336e-08,523.3492288425623,46640.618478477336
2026-09-13 18:36:00,5.172113333173911e-07,4.2069181915849185e-08,517.2113333173911,42069.181915849185
2026-09-13 18:37:00,5.165967991160869e-07,4.341276493846635e-08,516.5967991160869,43412.76493846635
2026-09-13 18:38:00,5.146429202795844e-07,4.363516836747294e-08,514.6429202795844,43635.16836747294
2026-09-13 18:39:00,5.135524361321586e-07,4.3920447723166944e-08,513.5524361321586,43920.447723166944
2026-09-13 18:40:00,5.129730311637104e-07,4.2623724993973156e-08,512.9730311637104,42623.724993973156
2026-09-13 18:41:00,5.122666379975271e-07,4.657597685309156e-08,512.2666379975271,46575.97685309156
2026-09-13 18:42:00,5.132469595992006e-07,4.1565222375083977e-08,513.2469595992006,41565.22237508398
2026-09-13 18:43:00,5.155898179509677e-07,4.0111711285817364e-08,515.5898179509677,40111.711285817364
2026-09-13 18:44:00,5.152016342435672e-07,4.014158250242872e-08,515.2016342435672,40141.58250242872
2026-09-13 18:45:00,5.138272172189318e-07,4.132856901151172e-08,513.8272172189318,41328.56901151172
2026-09-13 18:46:00,5.159880061000877e-07,4.012792231833373e-08,515.9880061000877,40127.92231833373
2026-09-13 18:47:00,5.142375130162691e-07,3.9748140778783636e-08,514.2375130162691,39748.140778783636
2026-09-13 18:48:00,5.134091907166294e-07,4.0714290605592396e-08,513.4091907166294,40714.290605592396
2026-09-13 18:49:00,5.125348252477124e-07,4.047783619398615e-08,512.5348252477124,40477.83619398615
2026-09-13 18:50:00,5.12842518674006e-07,4.1079630364038167e-08,512.842518674006,41079.63036403817
2026-09-13 18:51:00,5.124107929077582e-07,4.085840288325926e-08,512.4107929077582,40858.40288325926
2026-09-13 18:52:00,5.104330398353341e-07,4.0652597732560025e-08,510.43303983533406,40652.597732560025
2026-09-13 18:53:00,5.107173706164758e-07,4.041555001776942e-08,510.7173706164758,40415.55001776942
2026-09-13 18:54:00,5.110379674988508e-07,4.0243925525373925e-08,511.0379674988508,40243.925525373925
2026-09-13 18:55:00,5.12982978762011e-07,4.0973034742819436e-08,512.982978762011,40973.034742819436
2026-09-13 18:56:00,5.158129852134152e-07,3.9438873500330374e-08,515.8129852134152,39438.873500330374
2026-09-13 18:57:00,5.193376182432985e-07,3.809588022818389e-08,519.3376182432985,38095.88022818389
2026-09-13 18:58:00,5.220435355113295e-07,4.02952942124557e-08,522.0435355113295,40295.2942124557
2026-09-13 18:59:00,5.266800258141302e-07,4.078500381865524e-08,526.6800258141302,40785.00381865524
2026-09-13 19:00:00,5.291704496812599e-07,3.790785285673337e-08,529.1704496812599,37907.85285673337
2026-09-13 19:01:00,5.301956775838335e-07,4.2054015381154386e-08,530.1956775838335,42054.015381154386
2026-09-13 19:02:00,5.336521553545026e-07,4.17865138047091e-08,533.6521553545026,41786.5138047091
2026-09-13 19:03:00,5.357115924198297e-07,4.156743926841955e-08,535.7115924198297,41567.43926841955
2026-09-13 19:04:00,5.412929908743536e-07,4.23275956507041e-08,541.2929908743536,42327.5956507041
2026-09-13 19:05:00,5.472259658745315e-07,4.120484575764749e-08,547.2259658745315,41204.84575764749
2026-09-13 19:06:00,5.543408860830823e-07,4.043005574771996e-08,554.3408860830823,40430.05574771996
2026-09-13 19:07:00,5.601729071713635e-07,4.1728540622898436e-08,560.1729071713635,41728.540622898436
2026-09-13 19:08:00,5.677650278812507e-07,4.1000998152185275e-08,567.7650278812507,41000.998152185275
2026-09-13 19:09:00,5.719265345760505e-07,3.9990535327660837e-08,571.9265345760505,39990.53532766084
2026-09-13 19:10:00,5.766359549852496e-07,4.037423551039865e-08,576.6359549852496,40374.23551039865
2026-09-13 19:11:00,5.871364123777312e-07,4.249241314369101e-08,587.1364123777312,42492.41314369101
2026-09-13 19:12:00,5.969802714389516e-07,4.1497372649246245e-08,596.9802714389516,41497.372649246245
2026-09-13 19:13:00,6.11677762663021e-07,4.2211055983898405e-08,611.677762663021,42211.055983898405
2026-09-13 19:14:00,6.3054375232241e-07,4.415584697881059e-08,630.54375232241,44155.84697881059
2026-09-13 19:15:00,6.498898983409163e-07,4.2513129017152096e-08,649.8898983409163,42513.129017152096
2026-09-13 19:16:00,6.745895575477334e-07,4.262638597651858e-08,674.5895575477334,42626.38597651858
2026-09-13 19:17:00,7.030037636468478e-07,4.272186870935002e-08,703.0037636468478,42721.86870935002
2026-09-13 19:18:00,7.30803435544658e-07,4.550530618985249e-08,730.803435544658,45505.30618985249
2026-09-13 19:19:00,7.631983294231759e-07,4.883001381017493e-08,763.1983294231759,48830.01381017493
2026-09-13 19:20:00,7.978730991453631e-07,5.1976240200701795e-08,797.8730991453631,51976.240200701795
2026-09-13 19:21:00,8.319951803059666e-07,5.473117781207293e-08,831.9951803059666,54731.17781207293
2026-09-13 19:22:00,8.674783202877734e-07,5.5775235097144105e-08,867.4783202877734,55775.235097144105
2026-09-13 19:23:00,9.074990998669819e-07,5.7296517752547516e-08,907.4990998669819,57296.517752547516
2026-09-13 19:24:00,9.470176109971362e-07,6.022327880828016e-08,947.0176109971362,60223.278808280156
2026-09-13 19:25:00,9.864468211162603e-07,6.408475172747785e-08,986.4468211162603,64084.75172747785
2026-09-13 19:26:00,1.0301590691597085e-06,6.740671665284026e-08,1030.1590691597085,67406.71665284026
2026-09-13 19:27:00,1.065246124198893e-06,6.883193037765523e-08,1065.246124198893,68831.93037765523
2026-09-13 19:28:00,1.1035837133022142e-06,7.055764683627785e-08,1103.5837133022142,70557.64683627785
2026-09-13 19:29:00,1.13636292553565e-06,7.1871554041536e-08,1136.36292553565,71871.554041536
2026-09-13 19:30:00,1.1712679679476423e-06,7.286953973562049e-08,1171.2679679476423,72869.53973562049
2026-09-13 19:31:00,1.204470322591078e-06,7.341081698086782e-08,1204.470322591078,73410.81698086782
2026-09-13 19:32:00,1.2341487263256568e-06,7.494791276485557e-08,1234.1487263256568,74947.91276485557
2026-09-13 19:33:00,1.259754526472534e-06,7.626006492955639e-08,1259.754526472534,76260.06492955639
2026-09-13 19:34:00,1.2914217677462148e-06,7.608882413023821e-08,1291.4217677462148,76088.82413023821
2026-09-13 19:35:00,1.3172235640013241e-06,7.764076315197599e-08,1317.2235640013241,77640.76315197599
2026-09-13 19:36:00,1.3387184480961878e-06,8.023715025728961e-08,1338.7184480961878,80237.15025728961
2026-09-13 19:37:00,1.3546650734497234e-06,8.077567770214955e-08,1354.6650734497234,80775.67770214955
2026-09-13 19:38:00,1.3643266356666572e-06,8.295908315858469e-08,1364.3266356666572,82959.08315858469
2026-09-13 19:39:00,1.3772968259218032e-06,8.269216777989641e-08,1377.2968259218032,82692.16777989641
2026-09-13 19:40:00,1.3925175608164864e-06,8.14922955783004e-08,1392.5175608164864,81492.2955783004
2026-09-13 19:41:00,1.400236556037271e-06,8.342342994183127e-08,1400.236556037271,83423.42994183127
2026-09-13 19:42:00,1.4056599866307806e-06,8.42794491973109e-08,1405.6599866307806,84279.4491973109
2026-09-13 19:43:00,1.415106908098096e-06,8.401253381862261e-08,1415.106908098096,84012.53381862261
2026-09-13 19:44:00,1.423473804607056e-06,8.255921812860834e-08,1423.473804607056,82559.21812860834
2026-09-13 19:45:00,1.4250222193368245e-06,8.306768251031826e-08,1425.0222193368245,83067.68251031826
2026-09-13 19:46:00,1.4148605487207533e-06,8.186487576722357e-08,1414.8605487207533,81864.87576722357
2026-09-13 19:47:00,1.4112054032011656e-06,8.17266467834088e-08,1411.2054032011656,81726.6467834088
2026-09-13 19:48:00,1.4042165048522293e-06,7.990857397999207e-08,1404.2165048522293,79908.57397999207
2026-09-13 19:49:00,1.392672857036814e-06,7.96430299487838e-08,1392.672857036814,79643.0299487838
2026-09-13 19:50:00,1.3852172742190305e-06,7.972230520181256e-08,1385.2172742190305,79722.30520181256
2026-09-13 19:51:00,1.3818104207530268e-06,7.689377667929875e-08,1381.8104207530268,76893.77667929875
2026-09-13 19:52:00,1.3729700185649563e-06,7.629452625224076e-08,1372.9700185649563,76294.52625224076
2026-09-13 19:53:00,1.3629251043312252e-06,7.764085552253164e-08,1362.9251043312252,77640.85552253164
2026-09-13 19:54:00,1.3580305449067964e-06,7.802396595479877e-08,1358.0305449067964,78023.96595479877
2026-09-13 19:55:00,1.3463580899042427e-06,7.630001164216083e-08,1346.3580899042427,76300.01164216083
2026-09-13 19:56:00,1.3315395790414186e-06,7.299640714109046e-08,1331.5395790414186,72996.40714109046
2026-09-13 19:57:00,1.3145281627657823e-06,7.201835217074404e-08,1314.5281627657823,72018.35217074404
2026-09-13 19:58:00,1.30298337808199e-06,7.156203452041154e-08,1302.98337808199,71562.03452041154
2026-09-13 19:59:00,1.2961759239260573e-06,6.585281653315178e-08,1296.1759239260573,65852.81653315178
2026-09-13 20:00:00,1.2858928357672994e-06,6.632983939880432e-08,1285.8928357672994,66329.83939880432
2026-09-13 20:01:00,1.2729062746075215e-06,6.620722814432156e-08,1272.9062746075215,66207.22814432156
2026-09-13 20:02:00,1.2617906577361282e-06,6.883249881184383e-08,1261.7906577361282,68832.49881184383
2026-09-13 20:03:00,1.2506563962233486e-06,6.793469964350152e-08,1250.6563962233486,67934.69964350152
2026-09-13 20:04:00,1.2390086112645804e-06,6.69084130322517e-08,1239.0086112645804,66908.4130322517
2026-09-13 20:05:00,1.2290972790651722e-06,6.637008453935778e-08,1229.0972790651722,66370.08453935778
2026-09-13 20:06:00,1.2189966582809575e-06,6.542424557665072e-08,1218.9966582809575,65424.24557665072
2026-09-13 20:07:00,1.2076900475221919e-06,6.441397459866494e-08,1207.690047522192,64413.974598664936
2026-09-13 20:08:00,1.1926458682864904e-06,6.487616133199481e-08,1192.6458682864904,64876.16133199481
2026-09-13 20:09:00,1.1820563941000728e-06,6.386686379755702e-08,1182.0563941000728,63866.86379755702
2026-09-13 20:10:00,1.1726938282663468e-06,6.415410069848804e-08,1172.6938282663468,64154.10069848804
2026-09-13 20:11:00,1.1649096904875478e-06,6.417108977530006e-08,1164.9096904875478,64171.08977530006
2026-09-13 20:12:00,1.1561727433218039e-06,6.270312269407441e-08,1156.1727433218039,62703.12269407441
2026-09-13 20:13:00,1.1488078826005221e-06,6.257659634911761e-08,1148.8078826005221,62576.59634911761
2026-09-13 20:14:00,1.13733244688774e-06,5.717101103641653e-08,1137.33244688774,57171.01103641653
2026-09-13 20:15:00,1.1243757853662828e-06,5.601663133347756e-08,1124.3757853662828,56016.63133347756
2026-09-13 20:16:00,1.1154138519486878e-06,6.160480126027323e-08,1115.4138519486878,61604.801260273234
2026-09-13 20:17:00,1.1104021950814058e-06,5.913807754609479e-08,1110.4021950814058,59138.07754609479
2026-09-13 20:18:00,1.1024702644135687e-06,5.98193423684279e-08,1102.4702644135687,59819.3423684279
2026-09-13 20:19:00,1.0966881518470473e-06,5.982207795796057e-08,1096.6881518470473,59822.07795796057
2026-09-13 20:20:00,1.0890190651480225e-06,5.999859808980545e-08,1089.0190651480225,59998.598089805455
2026-09-13 20:21:00,1.0796425158332568e-06,6.224448867442334e-08,1079.6425158332568,62244.48867442334
2026-09-13 20:22:00,1.074839815373707e-06,5.922830581539529e-08,1074.839815373707,59228.30581539529
2026-09-13 20:23:00,1.0690774843169493e-06,5.968697536218315e-08,1069.0774843169493,59686.97536218315
2026-09-13 20:24:00,1.0600116411296767e-06,5.633767230506237e-08,1060.0116411296767,56337.67230506237
2026-09-13 20:25:00,1.044931195792742e-06,5.595964935878328e-08,1044.931195792742,55959.64935878328
2026-09-13 20:26:00,1.0334977105230791e-06,5.3777419850575825e-08,1033.4977105230791,53777.419850575825
2026-09-13 20:27:00,1.0235108902634238e-06,5.300575267597196e-08,1023.5108902634238,53005.75267597196
2026-09-13 20:28:00,1.0184322718487238e-06,5.182130280445563e-08,1018.4322718487238,51821.30280445563
2026-09-13 20:29:00,1.0150248499485315e-06,5.319945373116752e-08,1015.0248499485315,53199.45373116752
2026-09-13 20:30:00,1.0084708037538803e-06,5.321898299825989e-08,1008.4708037538803,53218.98299825989
2026-09-13 20:31:00,1.003980401037552e-06,5.187363782965804e-08,1003.9804010375519,51873.63782965804
2026-09-13 20:32:00,9.989253157982603e-07,5.36633990577684e-08,998.9253157982603,53663.3990577684
2026-09-13 20:33:00,9.930057558449334e-07,5.431361671526247e-08,993.0057558449334,54313.61671526247
2026-09-13 20:34:00,9.862015986072947e-07,6.046979450502477e-08,986.2015986072947,60469.794505024765
2026-09-13 20:35:00,9.752232017490314e-07,5.531452629270461e-08,975.2232017490314,55314.52629270461
2026-09-13 20:36:00,9.683391226644744e-07,5.625100030215435e-08,968.3391226644744,56251.00030215435
2026-09-13 20:37:00,9.645457339502173e-07,5.694944604783814e-08,964.5457339502173,56949.44604783814
2026-09-13 20:38:00,9.587159865986905e-07,5.582728590525221e-08,958.7159865986905,55827.28590525221
2026-09-13 20:39:00,9.542297902953578e-07,5.654213452999102e-08,954.2297902953578,56542.13452999102
2026-09-13 20:40:00,9.508328844276548e-07,5.5926673070416655e-08,950.8328844276548,55926.673070416655
2026-09-13 20:41:00,9.446644071431365e-07,5.43954428167126e-08,944.6644071431365,54395.4428167126
2026-09-13 20:42:00,9.372558338327508e-07,5.648492873433497e-08,937.2558338327508,56484.92873433497
2026-09-13 20:43:00,9.296426810578851e-07,5.5854044944680936e-08,929.642681057885,55854.044944680936
2026-09-13 20:44:00,9.195272241413477e-07,5.4177533570509695e-08,919.5272241413477,54177.533570509695
2026-09-13 20:45:00,9.12961127141898e-07,5.34689341691319e-08,912.961127141898,53468.9341691319
2026-09-13 20:46:00,9.085896977012453e-07,5.303018824065475e-08,908.5896977012453,53030.18824065475
2026-09-13 20:47:00,9.04895216535806e-07,5.310868189667417e-08,904.895216535806,53108.68189667417
2026-09-13 20:48:00,8.975907235253544e-07,5.143569126175862e-08,897.5907235253544,51435.69126175862
2026-09-13 20:49:00,8.933186563808704e-07,5.116818257988598e-08,893.3186563808704,51168.18257988598
2026-09-13 20:50:00,8.858102660269651e-07,5.2342677747674315e-08,885.8102660269651,52342.677747674315
2026-09-13 20:51:00,8.815026717456931e-07,5.068198660751477e-08,881.5026717456931,50681.98660751477
2026-09-13 20:52:00,8.760720788814069e-07,5.041525952265147e-08,876.0720788814069,50415.25952265147
2026-09-13 20:53:00,8.708921654942969e-07,5.1003191003928805e-08,870.8921654942969,51003.191003928805
2026-09-13 20:54:00,8.652452265778265e-07,5.004016756515739e-08,865.2452265778265,50040.16756515739
2026-09-13 20:55:00,8.622578775430156e-07,5.069038522265146e-08,862.2578775430156,50690.38522265146
2026-09-13 20:56:00,8.550997563361307e-07,5.1182830418383674e-08,855.0997563361307,51182.83041838367
2026-09-13 20:57:00,8.477680353280448e-07,4.9157588222215054e-08,847.7680353280448,49157.588222215054
2026-09-13 20:58:00,8.412025067627837e-07,5.0774541904274884e-08,841.2025067627837,50774.54190427488
2026-09-13 20:59:00,8.347014954779297e-07,4.7690594584537394e-08,834.7014954779297,47690.59458453739
2026-09-13 21:00:00,8.284657724288991e-07,4.8422041487583556e-08,828.4657724288991,48422.041487583556
2026-09-13 21:01:00,8.213291380343435e-07,4.8264858776292385e-08,821.3291380343435,48264.858776292385
2026-09-13 21:02:00,8.163866596078151e-07,4.5229722189787935e-08,816.3866596078151,45229.722189787935
2026-09-13 21:03:00,8.086715297395131e-07,4.385586649391371e-08,808.6715297395131,43855.86649391371
2026-09-13 21:04:00,8.060466711867775e-07,4.365084294022381e-08,806.0466711867775,43650.84294022381
2026-09-13 21:05:00,8.015374532988062e-07,4.6121087393657945e-08,801.5374532988062,46121.087393657945
2026-09-13 21:06:00,7.987094363670622e-07,4.5696001649275786e-08,798.7094363670622,45696.001649275786
2026-09-13 21:07:00,7.922902227619488e-07,4.6330988823228836e-08,792.2902227619488,46330.988823228836
2026-09-13 21:08:00,7.869387559367169e-07,4.577918133463754e-08,786.9387559367169,45779.18133463754
2026-09-13 21:09:00,7.795954388711834e-07,4.639503359271657e-08,779.5954388711834,46395.03359271657
2026-09-13 21:10:00,7.742338539173943e-07,4.486379978629884e-08,774.2338539173943,44863.79978629884
2026-09-13 21:11:00,7.696091870457167e-07,4.530782149458901e-08,769.6091870457167,45307.82149458901
2026-09-13 21:12:00,7.629959100086126e-07,4.703333900124562e-08,762.9959100086126,47033.33900124562
2026-09-13 21:13:00,7.599845730510424e-07,4.6084956295544544e-08,759.9845730510424,46084.95629554454
2026-09-13 21:14:00,7.556670311714697e-07,4.724090274521586e-08,755.6670311714697,47240.90274521586
2026-09-13 21:15:00,7.4989281984017e-07,4.6576232648476434e-08,749.89281984017,46576.232648476434
2026-09-13 21:16:00,7.416313110297779e-07,4.559700172990233e-08,741.6313110297779,45597.00172990233
2026-09-13 21:17:00,7.362784231190744e-07,4.488566318627818e-08,736.2784231190744,44885.66318627818
2026-09-13 21:18:00,7.309839702429599e-07,4.512485674013078e-08,730.9839702429599,45124.85674013078
2026-09-13 21:19:00,7.245635060826316e-07,4.365513106563412e-08,724.5635060826316,43655.13106563412
2026-09-13 21:20:00,7.220845645861118e-07,4.420752475198242e-08,722.0845645861118,44207.52475198242
2026-09-13 21:21:00,7.161095254559768e-07,4.406849640758992e-08,716.1095254559768,44068.49640758992
2026-09-13 21:22:00,7.110537580956588e-07,4.582603452263356e-08,711.0537580956588,45826.03452263356
2026-09-13 21:23:00,7.076783390402852e-07,4.3327283094640734e-08,707.6783390402852,43327.283094640734
2026-09-13 21:24:00,7.022807722023572e-07,4.302794565091972e-08,702.2807722023572,43027.94565091972
2026-09-13 21:25:00,6.99362544764881e-07,4.288833110877022e-08,699.362544764881,42888.33110877022
2026-09-13 21:26:00,6.942375421203906e-07,4.219339544420109e-08,694.2375421203906,42193.39544420109
2026-09-13 21:27:00,6.92044352490484e-07,4.2114706388929335e-08,692.044352490484,42114.706388929335
2026-09-13 21:28:00,6.889875407978252e-07,4.295354472105828e-08,688.9875407978252,42953.54472105828
2026-09-13 21:29:00,6.843062578809622e-07,4.377735152161222e-08,684.3062578809622,43777.35152161222
2026-09-13 21:30:00,6.779976047255332e-07,4.3318099329781035e-08,677.9976047255332,43318.099329781035
2026-09-13 21:31:00,6.731251005476224e-07,4.3210697242557217e-08,673.1251005476224,43210.69724255722
2026-09-13 21:32:00,6.70566748794954e-07,4.1216889457018624e-08,670.566748794954,41216.889457018624
2026-09-13 21:33:00,6.673315056104911e-07,4.144221676938287e-08,667.3315056104911,41442.21676938287
2026-09-13 21:34:00,6.660898179688957e-07,3.8228812115903565e-08,666.0898179688957,38228.812115903565
2026-09-13 21:35:00,6.604673217225354e-07,3.78685491853048e-08,660.4673217225354,37868.5491853048
2026-09-13 21:36:00,6.56183999581117e-07,3.709511986471625e-08,656.183999581117,37095.11986471625
2026-09-13 21:37:00,6.539561354657053e-07,3.4295471351697415e-08,653.9561354657053,34295.471351697415
2026-09-13 21:38:00,6.504117777694773e-07,3.341152066127506e-08,650.4117777694773,33411.52066127506
2026-09-13 21:39:00,6.463890827035357e-07,3.483575383711468e-08,646.3890827035357,34835.75383711468
2026-09-13 21:40:00,6.434582928704913e-07,3.6213315013355896e-08,643.4582928704913,36213.315013355896
2026-09-13 21:41:00,6.416744326998014e-07,3.839652862325238e-08,641.6744326998014,38396.52862325238
2026-09-13 21:42:00,6.394491265382385e-07,3.835141981767265e-08,639.4491265382385,38351.41981767265
2026-09-13 21:43:00,6.368345566443168e-07,3.705410733800818e-08,636.8345566443168,37054.10733800818
2026-09-13 21:44:00,6.33642969205539e-07,3.7420022636069916e-08,633.642969205539,37420.022636069916
2026-09-13 21:45:00,6.294152967711852e-07,3.8179589267883784e-08,629.4152967711852,38179.589267883784
2026-09-13 21:46:00,6.249945272429613e-07,4.006229303854525e-08,624.9945272429613,40062.29303854525
2026-09-13 21:47:00,6.226659365893283e-07,4.039579692971529e-08,622.6659365893283,40395.79692971529
2026-09-13 21:48:00,6.20211721980013e-07,3.854609076370252e-08,620.211721980013,38546.09076370252
2026-09-13 21:49:00,6.162811132526258e-07,4.0351078922640227e-08,616.2811132526258,40351.07892264023
2026-09-13 21:50:00,6.134849286354438e-07,3.634940171082235e-08,613.4849286354438,36349.40171082235
2026-09-13 21:51:00,6.096339006944618e-07,3.9751821390154873e-08,609.6339006944618,39751.82139015487
2026-09-13 21:52:00,6.074647558307333e-07,3.776074564143528e-08,607.4647558307333,37760.74564143528
2026-09-13 21:53:00,6.089875910220144e-07,3.8851862171895846e-08,608.9875910220144,38851.862171895846
2026-09-13 21:54:00,6.05930210895167e-07,3.8741148955523386e-08,605.930210895167,38741.148955523386
2026-09-13 21:55:00,6.009999538036936e-07,3.947122451108953e-08,600.9999538036936,39471.22451108953
2026-09-13 21:56:00,5.985465350022423e-07,3.827075900630916e-08,598.5465350022423,38270.75900630916
2026-09-13 21:57:00,5.963995590718696e-07,3.907855372631275e-08,596.3995590718696,39078.55372631275
2026-09-13 21:58:00,5.943331302660226e-07,3.7720507606309184e-08,594.3331302660226,37720.507606309184
2026-09-13 21:59:00,5.911750236009539e-07,3.740574427979482e-08,591.1750236009539,37405.74427979482
2026-09-13 22:00:00,5.883887865820725e-07,3.694551864441564e-08,588.3887865820725,36945.51864441564
2026-09-13 22:01:00,5.859471343683254e-07,3.7564298338566005e-08,585.9471343683254,37564.298338566005
2026-09-13 22:02:00,5.856745133314689e-07,3.612522192497636e-08,585.6745133314689,36125.22192497636
2026-09-13 22:03:00,5.863591923116473e-07,3.658661995586954e-08,586.3591923116473,36586.61995586954
2026-09-13 22:04:00,5.868262178410077e-07,3.557536132348105e-08,586.8262178410077,35575.36132348105
2026-09-13 22:05:00,5.869067649655335e-07,3.396309011804988e-08,586.9067649655335,33963.09011804988
2026-09-13 22:06:00,5.856106213286694e-07,3.742643528426015e-08,585.6106213286694,37426.43528426015
2026-09-13 22:07:00,5.837484309267893e-07,3.57991289945403e-08,583.7484309267893,35799.1289945403
2026-09-13 22:08:00,5.839755203851382e-07,3.7333098390490704e-08,583.9755203851382,37333.098390490704
2026-09-13 22:09:00,5.848417004017392e-07,3.7319622947507014e-08,584.8417004017392,37319.622947507014
2026-09-13 22:10:00,5.822969342261786e-07,3.82539440124674e-08,582.2969342261786,38253.9440124674
2026-09-13 22:11:00,5.814452492813871e-07,3.6752190624156356e-08,581.4452492813871,36752.190624156356
2026-09-13 22:12:00,5.783084588983911e-07,3.787533131571763e-08,578.3084588983911,37875.33131571763
2026-09-13 22:13:00,5.761303896179015e-07,3.740494136650341e-08,576.1303896179015,37404.94136650341
2026-09-13 22:14:00,5.727650886910851e-07,3.6676425452242256e-08,572.7650886910851,36676.425452242256
2026-09-13 22:15:00,5.674033332070394e-07,3.739107512501505e-08,567.4033332070394,37391.07512501505
2026-09-13 22:16:00,5.644346856570337e-07,3.8749121245018614e-08,564.4346856570337,38749.121245018614
2026-09-13 22:17:00,5.59516820430872e-07,3.906895074123895e-08,559.516820430872,39068.95074123895
2026-09-13 22:18:00,5.573247676693427e-07,3.6492476596095e-08,557.3247676693427,36492.476596095
2026-09-13 22:19:00,5.552255970542319e-07,3.749240207184812e-08,555.2255970542319,37492.40207184812
2026-09-13 22:20:00,5.526890163309872e-07,3.687362237769776e-08,552.6890163309872,36873.62237769776
2026-09-13 22:21:00,5.485194947141281e-07,3.617946831013796e-08,548.5194947141281,36179.46831013796
2026-09-13 22:22:00,5.496800099535903e-07,3.622808364411867e-08,549.6800099535903,36228.08364411867
2026-09-13 22:23:00,5.447375883704808e-07,3.630891853845242e-08,544.7375883704808,36308.91853845242
2026-09-13 22:24:00,5.41591759883886e-07,3.509360979592202e-08,541.591759883886,35093.60979592202
2026-09-13 22:25:00,5.39228039997397e-07,3.563174644227729e-08,539.228039997397,35631.74644227729
2026-09-13 22:26:00,5.355117878025339e-07,3.403470572038714e-08,535.511787802534,34034.70572038714
2026-09-13 22:27:00,5.32842193479155e-07,3.441565610273756e-08,532.842193479155,34415.65610273756
2026-09-13 22:28:00,5.314566919878416e-07,3.421121519409098e-08,531.4566919878416,34211.21519409098
2026-09-13 22:29:00,5.314236091180646e-07,3.3927499032415653e-08,531.4236091180646,33927.49903241565
2026-09-13 22:30:00,5.336069648365083e-07,3.437152074070582e-08,533.6069648365083,34371.52074070582
2026-09-13 22:31:00,5.42076918463863e-07,3.427896189123203e-08,542.076918463863,34278.96189123203
2026-09-13 22:32:00,5.437469212665746e-07,3.340829479725471e-08,543.7469212665746,33408.29479725471
2026-09-13 22:33:00,5.411254733189708e-07,3.244759838594291e-08,541.1254733189708,32447.59838594291
2026-09-13 22:34:00,5.373416342990822e-07,3.137307658107602e-08,537.3416342990822,31373.07658107602
2026-09-13 22:35:00,5.330902013156447e-07,3.0470971523755e-08,533.0902013156447,30470.971523754997
2026-09-13 22:36:00,5.270586029837432e-07,3.042722340751425e-08,527.0586029837432,30427.223407514248
2026-09-13 22:37:00,5.240015639174089e-07,2.7912845368405215e-08,524.0015639174089,27912.845368405215
2026-09-13 22:38:00,5.177275284040661e-07,2.7248567846527294e-08,517.7275284040661,27248.567846527294
2026-09-13 22:39:00,5.135585752213956e-07,2.6934582564308585e-08,513.5585752213956,26934.582564308585
2026-09-13 22:40:00,5.072295152785955e-07,2.5987366925050992e-08,507.2295152785955,25987.366925050992
2026-09-13 22:41:00,5.016043473915488e-07,2.9214834995627825e-08,501.6043473915488,29214.834995627825
2026-09-13 22:42:00,4.981042138751945e-07,2.9278684365863228e-08,498.10421387519455,29278.684365863228
2026-09-13 22:43:00,4.935020001539669e-07,2.908986473926234e-08,493.50200015396695,29089.86473926234
2026-09-13 22:44:00,4.905610921923653e-07,2.9535639711752992e-08,490.5610921923653,29535.639711752992
2026-09-13 22:45:00,4.866539597969677e-07,3.197405362698191e-08,486.6539597969677,31974.053626981913
2026-09-13 22:46:00,4.842091243517643e-07,3.345960308820395e-08,484.20912435176433,33459.60308820395
2026-09-13 22:47:00,4.816627665604756e-07,3.249442670494318e-08,481.6627665604756,32494.42670494318
2026-09-13 22:48:00,4.783458393831097e-07,3.284432992245456e-08,478.3458393831097,32844.32992245456
2026-09-13 22:49:00,4.7618843268537603e-07,3.222964295446218e-08,476.18843268537603,32229.64295446218
2026-09-13 22:50:00,4.7573553274560254e-07,3.1677831913157206e-08,475.73553274560254,31677.831913157206
2026-09-13 22:51:00,4.7331477048828674e-07,3.169384044099388e-08,473.31477048828674,31693.84044099388
2026-09-13 22:52:00,4.7155518245745043e-07,3.28663780635452e-08,471.5551824574504,32866.3780635452
2026-09-13 22:53:00,4.705345588718046e-07,3.274218585147537e-08,470.5345588718046,32742.18585147537
2026-09-13 22:54:00,4.685809926741058e-07,3.133591164328209e-08,468.5809926741058,31335.91164328209
2026-09-13 22:55:00,4.6885568849575066e-07,3.190724129353839e-08,468.85568849575066,31907.24129353839
2026-09-13 22:56:00,4.661280570417148e-07,3.2429365859343307e-08,466.1280570417148,32429.365859343307
2026-09-13 22:57:00,4.6448116108877e-07,3.203513188054785e-08,464.48116108877,32035.13188054785
2026-09-13 22:58:00,4.617641309323517e-07,3.118047686712089e-08,461.7641309323517,31180.476867120888
2026-09-13 22:59:00,4.6213204996092827e-07,3.224444000693438e-08,462.13204996092827,32244.440006934383
2026-09-13 23:00:00,4.593697440213873e-07,3.2196602717249334e-08,459.3697440213873,32196.602717249334
2026-09-13 23:01:00,4.5747393073725107e-07,2.9652536426283405e-08,457.47393073725107,29652.536426283405
2026-09-13 23:02:00,4.56349880550988e-07,2.819861855130057e-08,456.349880550988,28198.61855130057
2026-09-13 23:03:00,4.539662938896072e-07,2.7711626771065312e-08,453.9662938896072,27711.626771065312
2026-09-13 23:04:00,4.5184006580711866e-07,3.0874080181320096e-08,451.84006580711866,30874.080181320096
2026-09-13 23:05:00,4.4937442567061225e-07,3.000496917593409e-08,449.37442567061225,30004.969175934093
2026-09-13 23:06:00,4.492170262437867e-07,3.048120689186362e-08,449.2170262437867,30481.20689186362
2026-09-13 23:07:00,4.470251440125139e-07,3.097325773637749e-08,447.0251440125139,30973.25773637749
2026-09-13 23:08:00,4.457764077869797e-07,3.1038080550160885e-08,445.7764077869797,31038.080550160885
2026-09-13 23:09:00,4.4391433107193734e-07,3.115074065362933e-08,443.91433107193734,31150.740653629327
2026-09-13 23:10:00,4.4317610559119203e-07,3.099316359111981e-08,443.176105591192,30993.16359111981
2026-09-13 23:11:00,4.4227954276720993e-07,3.232308287692831e-08,442.27954276720993,32323.08287692831
2026-09-13 23:12:00,4.399286979150929e-07,3.169238382838557e-08,439.9286979150929,31692.383828385573
2026-09-13 23:13:00,4.3739427724176494e-07,3.189818542637113e-08,437.39427724176494,31898.18542637113
2026-09-13 23:14:00,4.370766077954613e-07,3.126612568848941e-08,437.0766077954613,31266.12568848941
2026-09-13 23:15:00,4.3691957785085833e-07,3.0176952492411147e-08,436.91957785085833,30176.952492411147
2026-09-13 23:16:00,4.3460073584355996e-07,3.2217041479043473e-08,434.60073584355996,32217.041479043473
2026-09-13 23:17:00,4.3360572021811095e-07,3.198505282853148e-08,433.60572021811095,31985.05282853148
2026-09-13 23:18:00,4.326948896959948e-07,3.0528408245800165e-08,432.6948896959948,30528.408245800165
2026-09-13 23:19:00,4.311489192332374e-07,3.217309441083671e-08,431.1489192332374,32173.09441083671
2026-09-13 23:20:00,4.3054845377810125e-07,3.144749882721953e-08,430.54845377810125,31447.498827219533
2026-09-13 23:21:00,4.2951626255671727e-07,3.193993691752439e-08,429.51626255671727,31939.936917524392
2026-09-13 23:22:00,4.2919992893075687e-07,3.0376085646821593e-08,429.19992893075687,30376.085646821593
2026-09-13 23:23:00,4.2788511223079695e-07,3.0617023583090486e-08,427.88511223079695,30617.023583090486
2026-09-13 23:24:00,4.2803421251846885e-07,3.0207164769535666e-08,428.03421251846885,30207.164769535666
2026-09-13 23:25:00,4.2710200887086103e-07,3.147226479427445e-08,427.102008870861,31472.26479427445
2026-09-13 23:26:00,4.268644602234417e-07,2.8942844565449377e-08,426.8644602234417,28942.844565449377
2026-09-13 23:27:00,4.2688796497714065e-07,3.1205335204731455e-08,426.88796497714065,31205.335204731455
2026-09-13 23:28:00,4.256629324572714e-07,2.986348945910322e-08,425.6629324572714,29863.48945910322
2026-09-13 23:29:00,4.249120024724107e-07,3.1175453329979064e-08,424.9120024724107,31175.453329979064
2026-09-13 23:30:00,4.2288112922506116e-07,2.9407738466602495e-08,422.88112922506116,29407.738466602495
2026-09-13 23:31:00,4.2288110080335173e-07,3.0419972318895816e-08,422.8811008033517,30419.972318895816
2026-09-13 23:32:00,4.2295064872632793e-07,2.9725423900117676e-08,422.9506487263279,29725.423900117676
2026-09-13 23:33:00,4.2021432022920635e-07,2.979160562688321e-08,420.21432022920635,29791.60562688321
2026-09-13 23:34:00,4.2045260784107086e-07,2.9648870025766882e-08,420.45260784107086,29648.870025766882
2026-09-13 23:35:00,4.197954979190399e-07,3.025202488515788e-08,419.7954979190399,30252.02488515788
2026-09-13 23:36:00,4.171471914560243e-07,3.208669951959564e-08,417.1471914560243,32086.69951959564
2026-09-13 23:37:00,4.1710421783136553e-07,2.9527008393870346e-08,417.10421783136553,29527.008393870346
2026-09-13 23:38:00,4.1555958318895136e-07,3.122050529213993e-08,415.55958318895136,31220.505292139933
2026-09-13 23:39:00,4.142301293086348e-07,2.99081541754731e-08,414.2301293086348,29908.1541754731
2026-09-13 23:40:00,4.1411877305108646e-07,3.0606397416477193e-08,414.11877305108646,30606.397416477193
2026-09-13 23:41:00,4.139490386023681e-07,3.105002832626269e-08,413.9490386023681,31050.02832626269
2026-09-13 23:42:00,4.1285770180365944e-07,2.9990150807179816e-08,412.85770180365944,29990.150807179816
2026-09-13 23:43:00,4.134167568281555e-07,2.996065973093209e-08,413.4167568281555,29960.659730932093
2026-09-13 23:44:00,4.128960142679716e-07,2.969392376428459e-08,412.8960142679716,29693.92376428459
2026-09-13 23:45:00,4.161019830917212e-07,3.007428972523485e-08,416.1019830917212,30074.28972523485
2026-09-13 23:46:00,4.151357018145063e-07,2.9583793192955454e-08,415.1357018145063,29583.793192955454
2026-09-13 23:47:00,4.138312590384885e-07,2.9064583628723994e-08,413.8312590384885,29064.583628723994
2026-09-13 23:48:00,4.1371876591256296e-07,2.579180424788774e-08,413.71876591256296,25791.80424788774
2026-09-13 23:49:00,4.132986077820533e-07,2.555495015599263e-08,413.2986077820533,25554.95015599263
2026-09-13 23:50:00,4.178817789579625e-07,2.908467777729129e-08,417.8817789579625,29084.67777729129
2026-09-13 23:51:00,4.229747219142155e-07,2.775709262436976e-08,422.9747219142155,27757.09262436976
2026-09-13 23:52:00,4.2105367015210504e-07,2.6238547334855866e-08,421.05367015210504,26238.547334855866
2026-09-13 23:53:00,4.201243370971497e-07,2.6557593457710027e-08,420.1243370971497,26557.593457710027
2026-09-13 23:54:00,4.173273282503942e-07,2.5322959729123795e-08,417.3273282503942,25322.959729123795
2026-09-13 23:55:00,4.156042905378854e-07,2.683016298021812e-08,415.6042905378854,26830.16298021812
2026-09-13 23:56:00,4.141723479733628e-07,2.7004334768321314e-08,414.1723479733628,27004.334768321314
2026-09-13 23:57:00,4.1544572582097317e-07,2.6941458841633903e-08,415.44572582097317,26941.458841633903
2026-09-13 23:58:00,4.1261691308136506e-07,2.8192296497309144e-08,412.61691308136506,28192.296497309144
2026-09-13 23:59:00,4.098913564121176e-07,2.8273710483972536e-08,409.8913564121176,28273.710483972536
2026-09-14 00:00:00,4.066864960350358e-07,2.9112356969562825e-08,406.6864960350358,29112.356969562825
2026-09-14 00:01:00,4.0635802633914864e-07,2.808547172605813e-08,406.35802633914864,28085.47172605813
2026-09-14 00:02:00,4.0562036929259193e-07,2.7912660627293917e-08,405.62036929259193,27912.660627293917
2026-09-14 00:03:00,4.030098068596999e-07,2.737860249624191e-08,403.0098068596999,27378.60249624191
2026-09-14 00:04:00,4.010432803625008e-07,2.9039107118933316e-08,401.0432803625008,29039.107118933316
2026-09-14 00:05:00,3.9991783751247567e-07,2.877003879575568e-08,399.91783751247567,28770.03879575568
2026-09-14 00:06:00,3.994439055077237e-07,2.744497784590294e-08,399.4439055077237,27444.97784590294
2026-09-14 00:07:00,3.979786242780392e-07,2.8663793116834313e-08,397.9786242780392,28663.793116834313
2026-09-14 00:08:00,3.9688652009317593e-07,2.719191982691882e-08,396.88652009317593,27191.91982691882
2026-09-14 00:09:00,3.9684277908236254e-07,2.940793208949799e-08,396.84277908236254,29407.93208949799
2026-09-14 00:10:00,3.9523089867543604e-07,2.884068628361547e-08,395.23089867543604,28840.68628361547
2026-09-14 00:11:00,3.926871556814149e-07,2.847924562843218e-08,392.6871556814149,28479.24562843218
2026-09-14 00:12:00,3.894824942562991e-07,2.7404329472346944e-08,389.4824942562991,27404.329472346944
2026-09-14 00:13:00,3.900754279584362e-07,2.873482962684193e-08,390.0754279584362,28734.82962684193
2026-09-14 00:14:00,3.9011746366668376e-07,3.306496410004911e-08,390.11746366668376,33064.96410004911
2026-09-14 00:15:00,3.8904113353055436e-07,2.731137271894113e-08,389.04113353055436,27311.37271894113
2026-09-14 00:16:00,3.9231571236086893e-07,2.8562018528077715e-08,392.31571236086893,28562.018528077715
2026-09-14 00:17:00,3.9044257960085815e-07,2.880159044593711e-08,390.44257960085815,28801.59044593711
2026-09-14 00:18:00,3.8841920968479826e-07,2.8927926720712094e-08,388.41920968479826,28927.926720712094
2026-09-14 00:19:00,3.8679442582179036e-07,2.8501471405206757e-08,386.79442582179036,28501.471405206757
2026-09-14 00:20:00,3.8690811265951197e-07,2.7947905323344457e-08,386.90811265951197,27947.905323344457
2026-09-14 00:21:00,3.8677228531014407e-07,3.084284827536976e-08,386.77228531014407,30842.84827536976
2026-09-14 00:22:00,3.837610336177022e-07,3.095433953603788e-08,383.7610336177022,30954.339536037878
2026-09-14 00:23:00,3.836825896996743e-07,3.0164695630219285e-08,383.6825896996743,30164.695630219285
2026-09-14 00:24:00,3.838184170490422e-07,2.9800339973462542e-08,383.8184170490422,29800.339973462542
2026-09-14 00:25:00,3.8400236235247576e-07,2.986574187957558e-08,384.00236235247576,29865.74187957558
2026-09-14 00:26:00,3.8296576576613006e-07,3.008483773214721e-08,382.96576576613006,30084.837732147207
2026-09-14 00:27:00,3.831383423857915e-07,2.9912996524217306e-08,383.1383423857915,29912.996524217306
2026-09-14 00:28:00,3.8131864243950986e-07,2.978530133646018e-08,381.31864243950986,29785.30133646018
2026-09-14 00:29:00,3.7940023389637645e-07,2.9613849150678107e-08,379.40023389637645,29613.849150678107
2026-09-14 00:30:00,3.7869688185310224e-07,2.8998377032962708e-08,378.69688185310224,28998.377032962708
2026-09-14 00:31:00,3.7912820971541805e-07,3.0816654117415965e-08,379.12820971541805,30816.654117415965
2026-09-14 00:32:00,3.7781089190502826e-07,2.944181254349587e-08,377.81089190502826,29441.81254349587
2026-09-14 00:33:00,3.774225376673712e-07,2.9677114099513346e-08,377.4225376673712,29677.114099513346
2026-09-14 00:34:00,3.7585724044220115e-07,2.9379908283999612e-08,375.85724044220115,29379.90828399961
2026-09-14 00:35:00,3.7543688335972547e-07,3.140457138783859e-08,375.43688335972547,31404.571387838587
2026-09-14 00:36:00,3.7314072187655256e-07,3.007582094483041e-08,373.14072187655256,30075.82094483041
2026-09-14 00:37:00,3.75130383645228e-07,2.9918240329607215e-08,375.130383645228,29918.240329607215
2026-09-14 00:38:00,3.86405389463107e-07,2.998131165554696e-08,386.405389463107,29981.31165554696
2026-09-14 00:39:00,3.9783796523806814e-07,3.056475961216165e-08,397.83796523806814,30564.75961216165
2026-09-14 00:40:00,4.0428389525004604e-07,3.175233231900165e-08,404.28389525004604,31752.332319001653
2026-09-14 00:41:00,4.057838509652356e-07,2.982237390369846e-08,405.7838509652356,29822.373903698463
2026-09-14 00:42:00,3.9979656207833614e-07,2.7278685976739325e-08,399.79656207833614,27278.685976739325
2026-09-14 00:43:00,3.952156362174719e-07,2.8923180295237216e-08,395.2156362174719,28923.180295237216
2026-09-14 00:44:00,3.9253038153219677e-07,3.070749343692114e-08,392.53038153219677,30707.49343692114
2026-09-14 00:45:00,3.859156834096211e-07,3.083441413309629e-08,385.9156834096211,30834.41413309629
2026-09-14 00:46:00,3.823704162186914e-07,2.922213404588092e-08,382.3704162186914,29222.13404588092
2026-09-14 00:47:00,3.797113095060922e-07,3.0171687370739164e-08,379.7113095060922,30171.687370739164
2026-09-14 00:48:00,3.799833336870506e-07,3.0360705949306066e-08,379.9833336870506,30360.705949306066
2026-09-14 00:49:00,3.7955274478918e-07,3.126358549820907e-08,379.55274478918,31263.585498209068
2026-09-14 00:50:00,3.8013126868463587e-07,3.217975930169814e-08,380.13126868463587,32179.75930169814
2026-09-14 00:51:00,3.793587666223175e-07,3.007659543641239e-08,379.3587666223175,30076.59543641239
2026-09-14 00:52:00,3.794049803218513e-07,3.002992343681399e-08,379.4049803218513,30029.923436813988
2026-09-14 00:53:00,3.766642180380586e-07,2.8715628985764852e-08,376.6642180380586,28715.62898576485
2026-09-14 00:54:00,3.774581500692875e-07,2.8476637936591942e-08,377.4581500692875,28476.637936591942
2026-09-14 00:55:00,3.7812003483850276e-07,3.0677806961421084e-08,378.12003483850276,30677.806961421084
2026-09-14 00:56:00,3.790302969264303e-07,2.9302769988248656e-08,379.0302969264303,29302.769988248656
2026-09-14 00:57:00,3.7772281302750343e-07,2.8970241316983447e-08,377.72281302750343,28970.241316983447
2026-09-14 00:58:00,3.75790733642134e-07,3.07102148155991e-08,375.790733642134,30710.2148155991
2026-09-14 00:59:00,3.75245946315772e-07,3.023650663180888e-08,375.245946315772,30236.50663180888
2026-09-14 01:00:00,3.743817273971217e-07,3.018866934212383e-08,374.3817273971217,30188.66934212383
2026-09-14 01:01:00,3.755194768473302e-07,3.052197428132786e-08,375.5194768473302,30521.974281327857
2026-09-14 01:02:00,3.7554127629846334e-07,3.1169467007430285e-08,375.54127629846334,31169.467007430285
2026-09-14 01:03:00,3.7825586218787066e-07,3.149966332216536e-08,378.25586218787066,31499.66332216536
2026-09-14 01:04:00,3.8006535874046676e-07,3.2008109940306895e-08,380.06535874046676,32008.109940306895
2026-09-14 01:05:00,3.820190102032939e-07,3.1516449894297693e-08,382.0190102032939,31516.449894297693
2026-09-14 01:06:00,3.840885938188876e-07,3.0157231378780125e-08,384.0885938188876,30157.231378780125
2026-09-14 01:07:00,3.868164526465989e-07,2.9714376736933445e-08,386.8164526465989,29714.376736933445
2026-09-14 01:08:00,3.870653699777904e-07,2.9776478172038878e-08,387.0653699777904,29776.47817203888
2026-09-14 01:09:00,3.874868639286433e-07,2.961928657896351e-08,387.4868639286433,29619.28657896351
2026-09-14 01:10:00,3.865201847474964e-07,2.9507990717547727e-08,386.5201847474964,29507.990717547727
2026-09-14 01:11:00,3.873743423810083e-07,2.9335760487469997e-08,387.3743423810083,29335.760487469997
2026-09-14 01:12:00,3.8316719042086334e-07,2.990339709185719e-08,383.16719042086334,29903.397091857187
2026-09-14 01:13:00,3.8226869492063997e-07,2.9096188569610604e-08,382.26869492064,29096.188569610604
2026-09-14 01:14:00,3.799397632064938e-07,2.965091816520271e-08,379.9397632064938,29650.91816520271
2026-09-14 01:15:00,3.773041612475936e-07,2.998441672730223e-08,377.3041612475936,29984.416727302232
2026-09-14 01:16:00,3.7495078686333727e-07,2.950934963052987e-08,374.95078686333727,29509.34963052987
2026-09-14 01:17:00,3.754975068659405e-07,3.0285509211580575e-08,375.4975068659405,30285.509211580575
2026-09-14 01:18:00,3.7216628356873116e-07,2.9256485234441243e-08,372.16628356873116,29256.485234441243
2026-09-14 01:19:00,3.7112059203536774e-07,2.992076630903284e-08,371.12059203536774,29920.766309032842
2026-09-14 01:20:00,3.7119923490536166e-07,2.996724290937891e-08,371.19923490536166,29967.24290937891
2026-09-14 01:21:00,3.696087276239268e-07,3.139147608521853e-08,369.6087276239268,31391.476085218528
2026-09-14 01:22:00,3.689489176395e-07,3.0236311232556545e-08,368.9489176395,30236.311232556545
2026-09-14 01:23:00,3.686442937578249e-07,3.00013986986869e-08,368.6442937578249,30001.3986986869
2026-09-14 01:24:00,3.692906602736912e-07,2.981005309266038e-08,369.2906602736912,29810.053092660382
2026-09-14 01:25:00,3.7090427440489293e-07,2.9888745700645813e-08,370.90427440489293,29888.745700645813
2026-09-14 01:26:00,3.710660507749708e-07,2.8879227897959936e-08,371.0660507749708,28879.227897959936
2026-09-14 01:27:00,3.7183801282481e-07,2.6505830419409904e-08,371.83801282481,26505.830419409904
2026-09-14 01:28:00,3.7353061088651884e-07,2.7485461018272872e-08,373.53061088651884,27485.461018272872
2026-09-14 01:29:00,3.711893725721893e-07,3.0411651863460065e-08,371.1893725721893,30411.651863460065
2026-09-14 01:30:00,3.7066786262585083e-07,3.063443543283029e-08,370.66786262585083,30634.435432830287
2026-09-14 01:31:00,3.703283937284141e-07,3.17431236851462e-08,370.3283937284141,31743.1236851462
2026-09-14 01:32:00,3.6867916719529603e-07,3.0650639359919296e-08,368.67916719529603,30650.639359919296
2026-09-14 01:33:00,3.6692765092993795e-07,3.057039421605623e-08,366.92765092993795,30570.39421605623
2026-09-14 01:34:00,3.65700657312118e-07,3.150412908325961e-08,365.700657312118,31504.129083259613
2026-09-14 01:35:00,3.636104395354778e-07,3.054050878859016e-08,363.6104395354778,30540.50878859016
2026-09-14 01:36:00,3.619157382672711e-07,2.9163336634496773e-08,361.9157382672711,29163.336634496773
2026-09-14 01:37:00,3.608577401337243e-07,2.96368511953915e-08,360.8577401337243,29636.8511953915
2026-09-14 01:38:00,3.5833599554280227e-07,2.9496058928657476e-08,358.33599554280227,29496.058928657476
2026-09-14 01:39:00,3.5737062376028916e-07,2.8816740993420353e-08,357.37062376028916,28816.740993420353
2026-09-14 01:40:00,3.5659695640788414e-07,3.0476662971068436e-08,356.59695640788414,30476.662971068436
2026-09-14 01:41:00,3.5377703966332774e-07,3.020662120434281e-08,353.77703966332774,30206.62120434281
2026-09-14 01:42:00,3.549922666934435e-07,2.993677483686952e-08,354.9922666934435,29936.774836869517
2026-09-14 01:43:00,3.532100549819006e-07,2.978094393313313e-08,353.2100549819006,29780.94393313313
2026-09-14 01:44:00,3.5269914633317967e-07,2.9275408763851374e-08,352.69914633317967,29275.408763851374
2026-09-14 01:45:00,3.512567730012961e-07,2.834342005542112e-08,351.2567730012961,28343.42005542112
2026-09-14 01:46:00,3.5131057529724785e-07,2.737552584619607e-08,351.31057529724785,27375.52584619607
2026-09-14 01:47:00,3.508002350827155e-07,2.7993522166980256e-08,350.8002350827155,27993.522166980256
2026-09-14 01:48:00,3.493442477520148e-07,2.984284819262939e-08,349.3442477520148,29842.84819262939
2026-09-14 01:49:00,3.5020863720092166e-07,2.8973543564347892e-08,350.20863720092166,28973.543564347892
2026-09-14 01:50:00,3.4850467045544065e-07,2.8958698550241024e-08,348.50467045544065,28958.698550241024
2026-09-14 01:51:00,3.4941413673550414e-07,2.75196185839377e-08,349.41413673550414,27519.6185839377
2026-09-14 01:52:00,3.48687080986565e-07,2.7377662803473868e-08,348.687080986565,27377.662803473868
2026-09-14 01:53:00,3.463907489731355e-07,2.922776687341866e-08,346.3907489731355,29227.76687341866
2026-09-14 01:54:00,3.4583683827804634e-07,2.821863809288061e-08,345.83683827804634,28218.63809288061
2026-09-14 01:55:00,3.4545948324193887e-07,2.9402521306565177e-08,345.45948324193887,29402.521306565177
2026-09-14 01:56:00,3.4615356980793877e-07,3.0115028692989654e-08,346.15356980793877,30115.028692989654
2026-09-14 01:57:00,3.4462993880879367e-07,2.916547359177457e-08,344.62993880879367,29165.47359177457
2026-09-14 01:58:00,3.445159109105589e-07,2.9054371353254282e-08,344.5159109105589,29054.371353254282
2026-09-14 01:59:00,3.4564305906314985e-07,2.8534380192013487e-08,345.64305906314985,28534.380192013487
2026-09-14 02:00:00,3.4369830359537445e-07,3.115869873226984e-08,343.69830359537445,31158.69873226984
2026-09-14 02:01:00,3.423012060466135e-07,2.929336417878403e-08,342.3012060466135,29293.36417878403
2026-09-14 02:02:00,3.421291978611407e-07,2.7567844895770577e-08,342.1291978611407,27567.844895770577
2026-09-14 02:03:00,3.41459752917217e-07,2.98149096522593e-08,341.459752917217,29814.909652259303
2026-09-14 02:04:00,3.406989605991839e-07,2.870855198011668e-08,340.6989605991839,28708.55198011668
2026-09-14 02:05:00,3.411643945128162e-07,2.8739600921312558e-08,341.1643945128162,28739.600921312558
2026-09-14 02:06:00,3.4236808232890326e-07,2.525887765614243e-08,342.36808232890326,25258.87765614243
2026-09-14 02:07:00,3.4208602528451593e-07,2.568805079761205e-08,342.0860252845159,25688.05079761205
2026-09-14 02:08:00,3.3962808743126516e-07,2.8579497879377413e-08,339.62808743126516,28579.497879377413
2026-09-14 02:09:00,3.3934603038687783e-07,2.8961222753309812e-08,339.3460303868778,28961.222753309812
2026-09-14 02:10:00,3.371966954546224e-07,2.7821291936902526e-08,337.1966954546224,27821.291936902526
2026-09-14 02:11:00,3.3690230338834226e-07,2.7711744010616712e-08,336.90230338834226,27711.744010616712
2026-09-14 02:12:00,3.353246711412794e-07,2.7619178055715565e-08,335.3246711412794,27619.178055715565
2026-09-14 02:13:00,3.345398340570682e-07,2.6764521265931762e-08,334.5398340570682,26764.521265931762
2026-09-14 02:14:00,3.3346896088914946e-07,2.6888526960533454e-08,333.46896088914946,26888.526960533454
2026-09-14 02:15:00,3.362565053066646e-07,2.646440400155825e-08,336.2565053066646,26464.40400155825
2026-09-14 02:16:00,3.3655220477157854e-07,2.8852841893467485e-08,336.55220477157854,28852.841893467485
2026-09-14 02:17:00,3.3823195622062485e-07,2.7585020490050738e-08,338.23195622062485,27585.020490050738
2026-09-14 02:18:00,3.39131759119482e-07,2.8409404606577482e-08,339.131759119482,28409.404606577482
2026-09-14 02:19:00,3.4239536716995644e-07,2.7762496301875217e-08,342.39536716995644,27762.496301875217
2026-09-14 02:20:00,3.492811515570793e-07,2.900983631093368e-08,349.2811515570793,29009.83631093368
2026-09-14 02:21:00,3.6719342233482166e-07,3.029017037192716e-08,367.19342233482166,30290.17037192716
2026-09-14 02:22:00,3.7928813867438294e-07,3.217346034034563e-08,379.28813867438294,32173.460340345628
2026-09-14 02:23:00,3.830406569704792e-07,3.149511229594282e-08,383.0406569704792,31495.112295942818
2026-09-14 02:24:00,3.783331976592308e-07,2.8377383998190453e-08,378.3331976592308,28377.383998190453
2026-09-14 02:25:00,3.7308183209461276e-07,2.813994726125202e-08,373.08183209461276,28139.94726125202
2026-09-14 02:26:00,3.6560368243954144e-07,2.7081039633003456e-08,365.60368243954144,27081.039633003456
2026-09-14 02:27:00,3.589984487462061e-07,2.54029721702409e-08,358.9984487462061,25402.9721702409
2026-09-14 02:28:00,3.5805581433123734e-07,2.491344552879582e-08,358.05581433123734,24913.44552879582
2026-09-14 02:29:00,3.5780689700004586e-07,2.5436545314505565e-08,357.80689700004586,25436.545314505565
2026-09-14 02:30:00,3.573516664800991e-07,2.7270639080256842e-08,357.3516664800991,27270.639080256842
2026-09-14 02:31:00,3.557045431534789e-07,2.6006317099813714e-08,355.7045431534789,26006.317099813714
2026-09-14 02:32:00,3.537737995884527e-07,2.798489262545445e-08,353.7737995884527,27984.89262545445
2026-09-14 02:33:00,3.54226756371645e-07,2.926425501925678e-08,354.226756371645,29264.25501925678
2026-09-14 02:34:00,3.5462511505102157e-07,2.8189338863171542e-08,354.62511505102157,28189.338863171542
2026-09-14 02:35:00,3.548626921201503e-07,2.8599393075978696e-08,354.8626921201503,28599.393075978696
2026-09-14 02:36:00,3.5591006053437013e-07,2.8031760024305186e-08,355.91006053437013,28031.760024305186
2026-09-14 02:37:00,3.5448761082079727e-07,2.9121327571601796e-08,354.4876108207973,29121.327571601796
2026-09-14 02:38:00,3.548630616023729e-07,2.7714076367146845e-08,354.8630616023729,27714.076367146845
2026-09-14 02:39:00,3.5304657330925693e-07,2.8285594311228124e-08,353.0465733092569,28285.594311228124
2026-09-14 02:40:00,3.522162614899571e-07,3.032529960478314e-08,352.2162614899571,30325.29960478314
2026-09-14 02:41:00,3.514780360092118e-07,3.0199352352155984e-08,351.4780360092118,30199.352352155984
2026-09-14 02:42:00,3.5223899885750143e-07,3.15431449848802e-08,352.23899885750143,31543.1449848802
2026-09-14 02:43:00,3.4990799235856684e-07,3.236461409983349e-08,349.90799235856684,32364.61409983349
2026-09-14 02:44:00,3.507494739096728e-07,2.9233399700956397e-08,350.7494739096728,29233.399700956397
2026-09-14 02:45:00,3.4948573102155933e-07,2.9610852436690038e-08,349.48573102155933,29610.85243669004
2026-09-14 02:46:00,3.4850029351218836e-07,2.9298025339130618e-08,348.50029351218836,29298.025339130618
2026-09-14 02:47:00,3.490233382308361e-07,2.8017108633093812e-08,349.0233382308361,28017.108633093812
2026-09-14 02:48:00,3.4892121902885265e-07,2.7463736174127007e-08,348.92121902885265,27463.736174127007
2026-09-14 02:49:00,3.484527439923113e-07,3.109893143005138e-08,348.4527439923113,31098.93143005138
2026-09-14 02:50:00,3.482159627310466e-07,2.8601919055404323e-08,348.2159627310466,28601.919055404323
2026-09-14 02:51:00,3.490678466278041e-07,2.801613696590266e-08,349.0678466278041,28016.13696590266
2026-09-14 02:52:00,3.50692630490812e-07,2.7683414671741957e-08,350.692630490812,27683.414671741957
2026-09-14 02:53:00,3.5023779787479725e-07,2.7192918139462563e-08,350.23779787479725,27192.918139462563
2026-09-14 02:54:00,3.491123550247721e-07,2.701874635135937e-08,349.1123550247721,27018.74635135937
2026-09-14 02:55:00,3.50191953657486e-07,2.6812941200660134e-08,350.191953657486,26812.941200660134
2026-09-14 02:56:00,3.4902069501185906e-07,2.640113727636617e-08,349.02069501185906,26401.13727636617
2026-09-14 02:57:00,3.490557105578773e-07,2.7319448037133043e-08,349.0557105578773,27319.448037133043
2026-09-14 02:58:00,3.47817007195772e-07,2.6623730775554577e-08,347.817007195772,26623.730775554577
2026-09-14 02:59:00,3.467936835477303e-07,2.7540680846982468e-08,346.7936835477303,27540.68084698247
2026-09-14 03:00:00,3.454075567788095e-07,2.6307599654273872e-08,345.4075567788095,26307.599654273872
2026-09-14 03:01:00,3.455763533111167e-07,2.6448198298112402e-08,345.5763533111167,26448.198298112402
2026-09-14 03:02:00,3.4358956213509373e-07,2.6561242094658155e-08,343.58956213509373,26561.242094658155
2026-09-14 03:03:00,3.4084919775523304e-07,2.777792218466857e-08,340.84919775523304,27777.92218466857
2026-09-14 03:04:00,3.415781293369946e-07,2.2307078850758444e-08,341.5781293369946,22307.078850758444
2026-09-14 03:05:00,3.4824890349227644e-07,2.2796214693698857e-08,348.24890349227644,22796.214693698857
2026-09-14 03:06:00,3.550347003056231e-07,2.3476504296127132e-08,355.0347003056231,23476.504296127132
2026-09-14 03:07:00,3.47441925896419e-07,2.3808450322349017e-08,347.441925896419,23808.450322349017
2026-09-14 03:08:00,3.434736299823271e-07,2.3000270132911282e-08,343.4736299823271,23000.270132911282
2026-09-14 03:09:00,3.404178414712078e-07,2.2606615246445472e-08,340.4178414712078,22606.61524644547
2026-09-14 03:10:00,3.3843880942185933e-07,2.183026204249927e-08,338.43880942185933,21830.26204249927
2026-09-14 03:11:00,3.3900673201969767e-07,2.4977293122674382e-08,339.00673201969767,24977.293122674382
2026-09-14 03:12:00,3.373940558049071e-07,2.5263345193593523e-08,337.3940558049071,25263.345193593523
2026-09-14 03:13:00,3.373133665718342e-07,2.5657584501459496e-08,337.3133665718342,25657.584501459496
2026-09-14 03:14:00,3.3678085742394614e-07,2.6133816888318506e-08,336.78085742394614,26133.816888318506
2026-09-14 03:15:00,3.3738044180608995e-07,2.807629329026895e-08,337.38044180608995,28076.29329026895
2026-09-14 03:16:00,3.3691631529109145e-07,2.7508853861490934e-08,336.91631529109145,27508.853861490934
2026-09-14 03:17:00,3.344367769386736e-07,2.5972935802087704e-08,334.4367769386736,25972.935802087704
2026-09-14 03:18:00,3.3558364975760924e-07,2.3172306740093518e-08,335.58364975760924,23172.306740093518
2026-09-14 03:19:00,3.3593693160582916e-07,2.222430772746975e-08,335.93693160582916,22224.30772746975
2026-09-14 03:20:00,3.3605059002184134e-07,2.521356456952617e-08,336.05059002184134,25213.56456952617
2026-09-14 03:21:00,3.381643125521805e-07,2.500756579593144e-08,338.1643125521805,25007.56579593144
2026-09-14 03:22:00,3.4039376828332024e-07,2.703378498836173e-08,340.39376828332024,27033.78498836173
2026-09-14 03:23:00,3.3803965493461874e-07,2.489724160170681e-08,338.03965493461874,24897.24160170681
2026-09-14 03:24:00,3.389949938537029e-07,2.3474367338849333e-08,338.9949938537029,23474.367338849333
2026-09-14 03:25:00,3.4063000953210576e-07,2.4105267115714923e-08,340.63000953210576,24105.267115714923
2026-09-14 03:26:00,3.389359051197971e-07,2.334550686100556e-08,338.9359051197971,23345.50686100556
2026-09-14 03:27:00,3.3929754295058956e-07,2.2078076256093482e-08,339.29754295058956,22078.07625609348
2026-09-14 03:28:00,3.4079937449860154e-07,2.3044417929440897e-08,340.79937449860154,23044.417929440897
2026-09-14 03:29:00,3.412422699966555e-07,2.3186375486261568e-08,341.2422699966555,23186.375486261568
2026-09-14 03:30:00,3.4082191291417985e-07,2.3392178860603963e-08,340.82191291417985,23392.178860603963
2026-09-14 03:31:00,3.405489223951008e-07,2.5258295011099108e-08,340.5489223951008,25258.295011099108
2026-09-14 03:32:00,3.4087705103047483e-07,2.5446535545370352e-08,340.87705103047483,25446.535545370352
2026-09-14 03:33:00,3.41992262065105e-07,2.6254518559198914e-08,341.992262065105,26254.518559198914
2026-09-14 03:34:00,3.4162948736593535e-07,2.5053461527591026e-08,341.62948736593535,25053.461527591026
2026-09-14 03:35:00,3.411159354982374e-07,2.7771708488444347e-08,341.1159354982374,27771.708488444347
2026-09-14 03:36:00,3.4040061791529297e-07,2.6981675560477925e-08,340.40061791529297,26981.675560477925
2026-09-14 03:37:00,3.3783149433475046e-07,2.4877735427253356e-08,337.83149433475046,24877.735427253356
2026-09-14 03:38:00,3.372057904016401e-07,2.4197056802677253e-08,337.2057904016401,24197.056802677253
2026-09-14 03:39:00,3.3575147995179577e-07,2.4466514148002716e-08,335.7514799517958,24466.514148002716
2026-09-14 03:40:00,3.335354676892166e-07,2.3707725560484505e-08,333.5354676892166,23707.725560484505
2026-09-14 03:41:00,3.3199802373928833e-07,2.3325030795717794e-08,331.9980237392883,23325.030795717794
2026-09-14 03:42:00,3.3227232165700116e-07,2.527197473511933e-08,332.27232165700116,25271.97473511933
2026-09-14 03:43:00,3.3080570460697345e-07,2.304150292786744e-08,330.80570460697345,23041.50292786744
2026-09-14 03:44:00,3.298142132734938e-07,2.395612419547888e-08,329.8142132734938,23956.12419547888
2026-09-14 03:45:00,3.287679533059418e-07,2.4888695548952455e-08,328.7679533059418,24888.695548952455
2026-09-14 03:46:00,3.2847168540683924e-07,2.4982815816088078e-08,328.47168540683924,24982.815816088078
2026-09-14 03:47:00,3.275966946603148e-07,2.4903927808850312e-08,327.5966946603148,24903.927808850312
2026-09-14 03:48:00,3.272663207098958e-07,2.3796019377186894e-08,327.2663207098958,23796.019377186894
2026-09-14 03:49:00,3.2752566880844824e-07,2.3224501433105615e-08,327.52566880844824,23224.501433105615
2026-09-14 03:50:00,3.2712634379095107e-07,2.398212473053718e-08,327.12634379095107,23982.12473053718
2026-09-14 03:51:00,3.2713865039113443e-07,2.3271367055599512e-08,327.13865039113443,23271.367055599512
2026-09-14 03:52:00,3.2740993560764764e-07,2.3760113876392097e-08,327.40993560764764,23760.113876392097
2026-09-14 03:53:00,3.2685224482520425e-07,2.4676676702029e-08,326.85224482520425,24676.676702029
2026-09-14 03:54:00,3.252031888223428e-07,2.6605277980706887e-08,325.2031888223428,26605.277980706887
2026-09-14 03:55:00,3.2449736409034813e-07,2.62719748178597e-08,324.4973640903481,26271.9748178597
2026-09-14 03:56:00,3.2403951877313375e-07,2.5256436941845095e-08,324.03951877313375,25256.436941845095
2026-09-14 03:57:00,3.2322398624273774e-07,2.038796864667347e-08,323.22398624273774,20387.96864667347
2026-09-14 03:58:00,3.2323214327334426e-07,1.8755601516318166e-08,323.23214327334426,18755.601516318166
2026-09-14 03:59:00,3.242759589738853e-07,2.005058519216618e-08,324.2759589738853,20050.58519216618
2026-09-14 04:00:00,3.2373131375607045e-07,2.0652569432400014e-08,323.73131375607045,20652.569432400014
2026-09-14 04:01:00,3.239686918732332e-07,2.0777738640731513e-08,323.9686918732332,20777.738640731513
2026-09-14 04:02:00,3.2454721576868906e-07,2.1693912444220587e-08,324.54721576868906,21693.912444220587
2026-09-14 04:03:00,3.234414975850086e-07,2.091561768224892e-08,323.4414975850086,20915.61768224892
2026-09-14 04:04:00,3.2299917052114324e-07,2.0410471535114993e-08,322.99917052114324,20410.471535114993
2026-09-14 04:05:00,3.23941804936112e-07,1.9792864236478636e-08,323.941804936112,19792.864236478636
2026-09-14 04:06:00,3.2528225801797817e-07,2.172165913805202e-08,325.28225801797817,21721.65913805202
2026-09-14 04:07:00,3.2265367622130725e-07,2.2003241895163228e-08,322.65367622130725,22003.241895163228
2026-09-14 04:08:00,3.219137454379961e-07,2.1416877160618242e-08,321.9137454379961,21416.87716061824
2026-09-14 04:09:00,3.2024047413869994e-07,1.9516411597919614e-08,320.24047413869994,19516.411597919614
2026-09-14 04:10:00,3.199246805252187e-07,2.0515354748340542e-08,319.9246805252187,20515.354748340542
2026-09-14 04:11:00,3.197505975549575e-07,1.9578509480311368e-08,319.7505975549575,19578.509480311368
2026-09-14 04:12:00,3.204437462045462e-07,2.2014004841253154e-08,320.4437462045462,22014.004841253154
2026-09-14 04:13:00,3.2004518857320363e-07,2.1491294077691236e-08,320.04518857320363,21491.294077691236
2026-09-14 04:14:00,3.201008667019778e-07,2.158502532267903e-08,320.1008667019778,21585.02532267903
2026-09-14 04:15:00,3.1924670906846586e-07,2.324397385677912e-08,319.24670906846586,23243.97385677912
2026-09-14 04:16:00,3.192904785009887e-07,2.5836076389396112e-08,319.2904785009887,25836.076389396112
2026-09-14 04:17:00,3.202554808012792e-07,2.3889519695785566e-08,320.2554808012792,23889.519695785566
2026-09-14 04:18:00,3.225961222597107e-07,2.2560184831377228e-08,322.5961222597107,22560.184831377228
2026-09-14 04:19:00,3.255602223362075e-07,2.211480421010492e-08,325.5602223362075,22114.80421010492
2026-09-14 04:20:00,3.292526855602773e-07,2.2698447565971946e-08,329.2526855602773,22698.447565971946
2026-09-14 04:21:00,3.27798574062399e-07,2.2177291114644504e-08,327.798574062399,22177.291114644504
2026-09-14 04:22:00,3.1936400546328514e-07,2.1543671735457792e-08,319.36400546328514,21543.671735457792
2026-09-14 04:23:00,1.7725176348903915e-07,2.4024281231049827e-08,177.25176348903915,24024.281231049827
2026-09-14 04:24:00,8.435478093815618e-08,2.2345435723991613e-08,84.35478093815618,22345.435723991613
2026-09-14 04:25:00,3.595976139081358e-08,2.0852557014450213e-08,35.95976139081358,20852.557014450213
2026-09-14 04:26:00,0.0,0.0,0.0,0.0
2026-09-14 04:27:00,0.0,0.0,0.0,0.0
2026-09-14 04:28:00,0.0,0.0,0.0,0.0
2026-09-14 04:29:00,0.0,0.0,0.0,0.0
2026-09-14 04:30:00,0.0,0.0,0.0,0.0
2026-09-14 04:31:00,0.0,0.0,0.0,0.0
2026-09-14 04:32:00,0.0,0.0,0.0,0.0
2026-09-14 04:33:00,0.0,0.0,0.0,0.0
2026-09-14 04:34:00,0.0,0.0,0.0,0.0
2026-09-14 04:35:00,0.0,0.0,0.0,0.0
2026-09-14 04:36:00,0.0,0.0,0.0,0.0
2026-09-14 04:37:00,0.0,0.0,0.0,0.0
2026-09-14 04:38:00,0.0,0.0,0.0,0.0
2026-09-14 04:39:00,0.0,0.0,0.0,0.0
2026-09-14 04:40:00,0.0,0.0,0.0,0.0
2026-09-14 04:41:00,0.0,0.0,0.0,0.0
2026-09-14 04:42:00,0.0,0.0,0.0,0.0
2026-09-14 04:43:00,0.0,0.0,0.0,0.0
2026-09-14 04:44:00,0.0,0.0,0.0,0.0
2026-09-14 04:45:00,0.0,0.0,0.0,0.0
2026-09-14 04:46:00,0.0,0.0,0.0,0.0
2026-09-14 04:47:00,0.0,0.0,0.0,0.0
2026-09-14 04:48:00,0.0,0.0,0.0,0.0
2026-09-14 04:49:00,0.0,0.0,0.0,0.0
2026-09-14 04:50:00,0.0,0.0,0.0,0.0
2026-09-14 04:51:00,0.0,0.0,0.0,0.0
2026-09-14 04:52:00,0.0,0.0,0.0,0.0
2026-09-14 04:53:00,0.0,0.0,0.0,0.0
2026-09-14 04:54:00,0.0,0.0,0.0,0.0
2026-09-14 04:55:00,0.0,0.0,0.0,0.0
2026-09-14 04:56:00,0.0,0.0,0.0,0.0
2026-09-14 04:57:00,0.0,0.0,0.0,0.0
2026-09-14 04:58:00,0.0,0.0,0.0,0.0
2026-09-14 04:59:00,0.0,0.0,0.0,0.0
2026-09-14 05:00:00,0.0,0.0,0.0,0.0
2026-09-14 05:01:00,0.0,0.0,0.0,0.0
2026-09-14 05:02:00,0.0,0.0,0.0,0.0
2026-09-14 05:03:00,0.0,0.0,0.0,0.0
2026-09-14 05:04:00,0.0,0.0,0.0,0.0
2026-09-14 05:05:00,0.0,0.0,0.0,0.0
2026-09-14 05:06:00,0.0,0.0,0.0,0.0
2026-09-14 05:07:00,0.0,0.0,0.0,0.0
2026-09-14 05:08:00,0.0,0.0,0.0,0.0
2026-09-14 05:09:00,0.0,0.0,0.0,0.0
2026-09-14 05:10:00,0.0,0.0,0.0,0.0
2026-09-14 05:11:00,0.0,0.0,0.0,0.0
2026-09-14 05:12:00,0.0,0.0,0.0,0.0
2026-09-14 05:13:00,0.0,0.0,0.0,0.0
2026-09-14 05:14:00,0.0,0.0,0.0,0.0
2026-09-14 05:15:00,0.0,0.0,0.0,0.0
2026-09-14 05:16:00,0.0,0.0,0.0,0.0
2026-09-14 05:17:00,0.0,0.0,0.0,0.0
2026-09-14 05:18:00,0.0,0.0,0.0,0.0
2026-09-14 05:19:00,0.0,0.0,0.0,0.0
2026-09-14 05:20:00,0.0,0.0,0.0,0.0
2026-09-14 05:21:00,0.0,0.0,0.0,0.0
2026-09-14 05:22:00,0.0,0.0,0.0,0.0
2026-09-14 05:23:00,0.0,0.0,0.0,0.0
2026-09-14 05:24:00,0.0,0.0,0.0,0.0
2026-09-14 05:25:00,0.0,0.0,0.0,0.0
2026-09-14 05:26:00,0.0,0.0,0.0,0.0
2026-09-14 05:27:00,3.0772852710470033e-08,1.547192418627219e-08,30.772852710470033,15471.92418627219
2026-09-14 05:28:00,9.84129968628622e-08,1.656534465155346e-08,98.4129968628622,16565.34465155346
2026-09-14 05:29:00,1.8368920962075208e-07,1.6391497936751875e-08,183.68920962075208,16391.497936751875
2026-09-14 05:30:00,2.5863883479360084e-07,1.871767807415381e-08,258.63883479360084,18717.67807415381
2026-09-14 05:31:00,3.0187331390152394e-07,1.8170764448655063e-08,301.87331390152394,18170.764448655063
2026-09-14 05:32:00,3.0257825756052625e-07,1.8335940765723535e-08,302.57825756052625,18335.940765723535
2026-09-14 05:33:00,3.0298861020128243e-07,1.9170771636822792e-08,302.9886102012824,19170.771636822792
2026-09-14 05:34:00,3.027849118097947e-07,1.9519578842164265e-08,302.7849118097947,19519.578842164265
2026-09-14 05:35:00,3.0380630278159515e-07,2.0153372304321238e-08,303.80630278159515,20153.372304321238
2026-09-14 05:36:00,3.0319202437567583e-07,1.8943264734616605e-08,303.1920243756758,18943.264734616605
2026-09-14 05:37:00,3.03228091524943e-07,1.9067782019988044e-08,303.228091524943,19067.782019988044
2026-09-14 05:38:00,3.0428930131165544e-07,1.88495690167656e-08,304.28930131165544,18849.5690167656
2026-09-14 05:39:00,3.045724099592917e-07,1.9196196632265128e-08,304.5724099592917,19196.196632265128
2026-09-14 05:40:00,3.043351739506761e-07,1.885397793444099e-08,304.3351739506761,18853.97793444099
2026-09-14 05:41:00,3.053364139304904e-07,1.972802010641317e-08,305.3364139304904,19728.02010641317
2026-09-14 05:42:00,3.050375028124108e-07,1.88272384349375e-08,305.0375028124108,18827.2384349375
2026-09-14 05:43:00,3.055462229895056e-07,1.9492237157692216e-08,305.5462229895056,19492.237157692216
2026-09-14 05:44:00,3.05164036262795e-07,2.122925479852711e-08,305.164036262795,21229.25479852711
2026-09-14 05:45:00,3.0673692208438297e-07,2.0022294933141893e-08,306.73692208438297,20022.294933141893
2026-09-14 05:46:00,3.052714419027325e-07,1.7675775509928826e-08,305.2714419027325,17675.775509928826
2026-09-14 05:47:00,3.058096353925066e-07,1.66434741544208e-08,305.8096353925066,16643.4741544208
2026-09-14 05:48:00,3.050732857445837e-07,1.9675967521948223e-08,305.0732857445837,19675.967521948223
2026-09-14 05:49:00,3.056449315863574e-07,2.000328969131715e-08,305.6449315863574,20003.28969131715
2026-09-14 05:50:00,3.056643720356078e-07,1.9529371897419878e-08,305.6643720356078,19529.37189741988
2026-09-14 05:51:00,3.066142255647719e-07,1.9986126531534865e-08,306.6142255647719,19986.126531534865
2026-09-14 05:52:00,3.054013291148294e-07,2.034677493156778e-08,305.4013291148294,20346.77493156778
2026-09-14 05:53:00,3.046224321678892e-07,2.0345314766245792e-08,304.6224321678892,20345.314766245792
2026-09-14 05:54:00,3.042626133265003e-07,1.9899077940976895e-08,304.2626133265003,19899.077940976895
2026-09-14 05:55:00,3.047117047572101e-07,1.9469846179731576e-08,304.7117047572101,19469.846179731576
2026-09-14 05:56:00,3.0412618912123435e-07,1.801314830629508e-08,304.12618912123435,18013.14830629508
2026-09-14 05:57:00,3.045185508199211e-07,2.1902287983266433e-08,304.5185508199211,21902.287983266433
2026-09-14 05:58:00,3.037402507288789e-07,2.169585755495973e-08,303.7402507288789,21695.85755495973
2026-09-14 05:59:00,3.042361527150206e-07,2.022400913403999e-08,304.2361527150206,20224.00913403999
2026-09-14 06:00:00,3.0377873372344766e-07,2.1696635599255387e-08,303.77873372344766,21696.635599255387
2026-09-14 06:01:00,3.026037518338853e-07,2.2314248226962263e-08,302.6037518338853,22314.248226962263
2026-09-14 06:02:00,3.0328280331559654e-07,2.059049997171769e-08,303.28280331559654,20590.49997171769
2026-09-14 06:03:00,3.0151639407449693e-07,2.0132675970785385e-08,301.51639407449693,20132.675970785385
2026-09-14 06:04:00,3.0181098509274307e-07,2.136922638840133e-08,301.81098509274307,21369.22638840133
2026-09-14 06:05:00,3.037764315649838e-07,2.0532114675120283e-08,303.7764315649838,20532.114675120283
2026-09-14 06:06:00,3.0162073016981594e-07,2.05145909148996e-08,301.62073016981594,20514.5909148996
2026-09-14 06:07:00,3.0323496957862517e-07,2.0849519444254838e-08,303.23496957862517,20849.519444254838
2026-09-14 06:08:00,3.030696404948685e-07,2.0958012214578048e-08,303.0696404948685,20958.012214578048
2026-09-14 06:09:00,3.029648496521986e-07,1.853946685059782e-08,302.9648496521986,18539.46685059782
2026-09-14 06:10:00,3.0392746452889696e-07,2.0136523559699526e-08,303.92746452889696,20136.523559699526
2026-09-14 06:11:00,3.036386431176652e-07,2.1654487980526937e-08,303.6386431176652,21654.487980526937
2026-09-14 06:12:00,3.03418602243255e-07,2.2129000853965408e-08,303.418602243255,22129.000853965408
2026-09-14 06:13:00,3.039820057892939e-07,2.174781243979851e-08,303.9820057892939,21747.81243979851
2026-09-14 06:14:00,3.0543341722477635e-07,2.169946711205739e-08,305.43341722477635,21699.46711205739
2026-09-14 06:15:00,3.0618164714724116e-07,2.1384463977369705e-08,306.18164714724116,21384.463977369705
2026-09-14 06:16:00,3.053775685657456e-07,2.1665178095986448e-08,305.3775685657456,21665.178095986448
2026-09-14 06:17:00,3.0637372105957184e-07,2.0446153214948026e-08,306.37372105957184,20446.153214948026
2026-09-14 06:18:00,3.0666421935166e-07,1.837262431081399e-08,306.66421935166,18372.62431081399
2026-09-14 06:19:00,3.058258073451725e-07,1.7466827983980693e-08,305.8258073451725,17466.827983980693
2026-09-14 06:20:00,3.0561542985196866e-07,1.8509005883515783e-08,305.61542985196866,18509.005883515783
2026-09-14 06:21:00,3.0475493417725374e-07,1.7730430457163493e-08,304.75493417725374,17730.430457163493
2026-09-14 06:22:00,3.043708716177207e-07,1.813677741324682e-08,304.3708716177207,18136.77741324682
2026-09-14 06:23:00,3.055347974623146e-07,1.8828698600259486e-08,305.5347974623146,18828.698600259486
2026-09-14 06:24:00,3.051497401429515e-07,1.8364024967354453e-08,305.1497401429515,18364.024967354453
2026-09-14 06:25:00,3.040138665255654e-07,1.8136606882990236e-08,304.0138665255654,18136.606882990236
2026-09-14 06:26:00,3.0397205819099327e-07,1.79112618070576e-08,303.97205819099327,17911.2618070576
2026-09-14 06:27:00,3.0364185477083083e-07,1.8061374618127957e-08,303.64185477083083,18061.374618127957
2026-09-14 06:28:00,3.0441643161793763e-07,1.8861374684320253e-08,304.41643161793763,18861.374684320253
2026-09-14 06:29:00,3.045194887363323e-07,1.9581930743584053e-08,304.5194887363323,19581.930743584053
2026-09-14 06:30:00,3.025432704362174e-07,1.8628423248401305e-08,302.5432704362174,18628.423248401305
2026-09-14 06:31:00,3.035998474842927e-07,1.8223836661945825e-08,303.5998474842927,18223.836661945825
2026-09-14 06:32:00,3.029725235137448e-07,1.8910297328034176e-08,302.9725235137448,18910.297328034176
2026-09-14 06:33:00,3.031872495284915e-07,1.8727130068896258e-08,303.1872495284915,18727.13006889626
2026-09-14 06:34:00,3.01707899552639e-07,1.8149384217736042e-08,301.707899552639,18149.384217736042
2026-09-14 06:35:00,3.0318531685225025e-07,1.771311097797934e-08,303.18531685225025,17713.11097797934
2026-09-14 06:36:00,3.037170586139837e-07,1.7401806218231286e-08,303.7170586139837,17401.806218231286
2026-09-14 06:37:00,3.04227000924584e-07,1.7455331402516094e-08,304.227000924584,17455.331402516094
2026-09-14 06:38:00,3.0536378403667186e-07,1.7209529801220924e-08,305.36378403667186,17209.529801220924
2026-09-14 06:39:00,3.065319447159709e-07,1.7894157267051014e-08,306.5319447159709,17894.157267051014
2026-09-14 06:40:00,3.0639279202659964e-07,1.6776454003775143e-08,306.39279202659964,16776.454003775143
2026-09-14 06:41:00,3.061166182760644e-07,1.834718155180326e-08,306.1166182760644,18347.18155180326
2026-09-14 06:42:00,3.055555453101988e-07,1.6722244922107166e-08,305.5555453101988,16722.244922107166
2026-09-14 06:43:00,3.052350052712427e-07,1.8072716656547527e-08,305.2350052712427,18072.716656547527
2026-09-14 06:44:00,3.0538853934558574e-07,1.7552883591065438e-08,305.38853934558574,17552.883591065438
2026-09-14 06:45:00,3.055194497392222e-07,1.8535859069856997e-08,305.5194497392222,18535.859069856997
2026-09-14 06:46:00,3.058470952055359e-07,1.920596126581131e-08,305.8470952055359,19205.96126581131
2026-09-14 06:47:00,3.064219242787658e-07,1.87656841177386e-08,306.4219242787658,18765.6841177386
2026-09-14 06:48:00,3.055747299640643e-07,1.7961419018774905e-08,305.5747299640643,17961.419018774905
2026-09-14 06:49:00,3.0632165248789534e-07,1.878807864841292e-08,306.32165248789534,18788.07864841292
2026-09-14 06:50:00,3.044052050427126e-07,1.8695560655146437e-08,304.4052050427126,18695.560655146437
2026-09-14 06:51:00,3.044677328034595e-07,1.8286504754883026e-08,304.4677328034595,18286.504754883026
2026-09-14 06:52:00,3.048586449949653e-07,1.7005897134936276e-08,304.8586449949653,17005.897134936276
2026-09-14 06:53:00,3.040115359453921e-07,1.808398941705036e-08,304.0115359453921,18083.98941705036
2026-09-14 06:54:00,3.035621887192974e-07,1.6931464230651727e-08,303.5621887192974,16931.464230651727
2026-09-14 06:55:00,3.036116140719969e-07,1.7169096366842496e-08,303.6116140719969,17169.096366842496
2026-09-14 06:56:00,3.035255531358416e-07,1.56678545693012e-08,303.5255531358416,15667.854569301198
2026-09-14 06:57:00,3.037122837667994e-07,1.4514404789167656e-08,303.7122837667994,14514.404789167656
2026-09-14 06:58:00,3.033445352684794e-07,1.4977292295270672e-08,303.3445352684794,14977.292295270672
2026-09-14 06:59:00,3.032131132840732e-07,1.769939927953601e-08,303.2131132840732,17699.39927953601
2026-09-14 07:00:00,3.0280642704383354e-07,1.7698619458883513e-08,302.80642704383354,17698.619458883513
2026-09-14 07:01:00,3.023232011400978e-07,1.7621905712417174e-08,302.3232011400978,17621.905712417174
2026-09-14 07:02:00,3.020217889115884e-07,1.7813894359619553e-08,302.0217889115884,17813.894359619553
2026-09-14 07:03:00,3.012302158822422e-07,1.6027641436267004e-08,301.2302158822422,16027.641436267004
2026-09-14 07:04:00,3.011330136359902e-07,1.7073197966510634e-08,301.1330136359902,17073.197966510634
2026-09-14 07:05:00,3.009994316016673e-07,1.5506589789993086e-08,300.9994316016673,15506.589789993086
2026-09-14 07:06:00,2.9858338734811696e-07,1.7692544318492764e-08,298.58338734811696,17692.544318492764
2026-09-14 07:07:00,2.9917754318375955e-07,1.618898792798973e-08,299.17754318375955,16188.987927989729
2026-09-14 07:08:00,2.9912575882917736e-07,1.6158898219487128e-08,299.12575882917736,16158.898219487128
2026-09-14 07:09:00,2.9838929549441673e-07,1.4560577632494187e-08,298.38929549441673,14560.577632494187
2026-09-14 07:10:00,2.996092689500074e-07,1.531918769615004e-08,299.6092689500074,15319.187696150038
2026-09-14 07:11:00,2.998305603796325e-07,1.614334621535818e-08,299.8305603796325,16143.346215358179
2026-09-14 07:12:00,3.0126795991236577e-07,1.6760978382990288e-08,301.26795991236577,16760.978382990288
2026-09-14 07:13:00,3.026702017905336e-07,1.622286660563077e-08,302.6702017905336,16222.86660563077
2026-09-14 07:14:00,3.0248111215769313e-07,1.6793006096804675e-08,302.48111215769313,16793.006096804675
2026-09-14 07:15:00,3.033381972272764e-07,1.663536508544894e-08,303.3381972272764,16635.36508544894
2026-09-14 07:16:00,3.0329746891766263e-07,1.5545193576826932e-08,303.2974689176626,15545.193576826932
2026-09-14 07:17:00,3.032104984868056e-07,1.6779418743340102e-08,303.2104984868056,16779.418743340102
2026-09-14 07:18:00,3.018736549620371e-07,1.8679196855941882e-08,301.8736549620371,18679.196855941882
2026-09-14 07:19:00,3.025268142664572e-07,1.959793394235021e-08,302.5268142664572,19597.93394235021
2026-09-14 07:20:00,3.0138292572701175e-07,1.825479856165657e-08,301.38292572701175,18254.79856165657
2026-09-14 07:21:00,3.0022684427422064e-07,1.785978120949494e-08,300.22684427422064,17859.78120949494
2026-09-14 07:22:00,3.0025370278963237e-07,1.680060535136363e-08,300.25370278963237,16800.60535136363
2026-09-14 07:23:00,2.9981461580064206e-07,1.8066886653400616e-08,299.81461580064206,18066.886653400616
2026-09-14 07:24:00,3.014114611232799e-07,1.775161351247334e-08,301.4114611232799,17751.61351247334
2026-09-14 07:25:00,3.0119858251964615e-07,1.665985394083691e-08,301.19858251964615,16659.85394083691
2026-09-14 07:26:00,3.0131840844660474e-07,1.7279370823075624e-08,301.31840844660474,17279.370823075624
2026-09-14 07:27:00,2.993768077885761e-07,1.7263140250634024e-08,299.3768077885761,17263.140250634024
2026-09-14 07:28:00,2.9852802185814653e-07,1.708979269210431e-08,298.52802185814653,17089.79269210431
2026-09-14 07:29:00,2.993650127791625e-07,1.6919111445190538e-08,299.3650127791625,16919.111445190538
2026-09-14 07:30:00,2.994963779201498e-07,1.6146827874763403e-08,299.4963779201498,16146.827874763403
2026-09-14 07:31:00,2.9924876798759215e-07,1.6446323414243125e-08,299.24876798759215,16446.323414243125
2026-09-14 07:32:00,2.9900544973315846e-07,1.600689181202597e-08,299.00544973315846,16006.89181202597
2026-09-14 07:33:00,2.9769205411867006e-07,1.683172889954676e-08,297.69205411867006,16831.72889954676
2026-09-14 07:34:00,2.97617759770219e-07,1.7482019387671244e-08,297.617759770219,17482.019387671244
2026-09-14 07:35:00,2.9741713092334976e-07,1.703965502031224e-08,297.41713092334976,17039.65502031224
2026-09-14 07:36:00,2.9784527555420937e-07,1.732827747957799e-08,297.84527555420937,17328.27747957799
2026-09-14 07:37:00,2.964629288726428e-07,1.5795587060551952e-08,296.4629288726428,15795.587060551952
2026-09-14 07:38:00,2.9545844881795347e-07,1.6068719688178135e-08,295.45844881795347,16068.719688178135
2026-09-14 07:39:00,2.9465797979355557e-07,1.7195244339518467e-08,294.65797979355557,17195.244339518467
2026-09-14 07:40:00,2.9594863804049965e-07,1.7134027530119056e-08,295.94863804049965,17134.027530119056
2026-09-14 07:41:00,2.942845469533495e-07,1.429116203155445e-08,294.2845469533495,14291.16203155445
2026-09-14 07:42:00,2.9633537224071915e-07,1.4607715037584512e-08,296.33537224071915,14607.715037584512
2026-09-14 07:43:00,2.9554621505667455e-07,1.3867762937991301e-08,295.54621505667455,13867.762937991301
2026-09-14 07:44:00,2.9330229267543473e-07,1.5121642604754015e-08,293.3022926754347,15121.642604754015
2026-09-14 07:45:00,2.9388880307124055e-07,1.354300049882795e-08,293.88880307124055,13543.00049882795
2026-09-14 07:46:00,2.933389851023094e-07,1.4163807904310488e-08,293.3389851023094,14163.807904310488
2026-09-14 07:47:00,2.9269938295328757e-07,1.556090190035775e-08,292.69938295328757,15560.901900357749
2026-09-14 07:48:00,2.930237883447262e-07,1.4677614679214912e-08,293.0237883447262,14677.614679214912
2026-09-14 07:49:00,2.920646977599972e-07,1.4618427357504515e-08,292.0646977599972,14618.427357504515
2026-09-14 07:50:00,2.925155513366917e-07,1.3973817658552434e-08,292.5155513366917,13973.817658552434
2026-09-14 07:51:00,2.932620475348813e-07,1.5828277355467435e-08,293.2620475348813,15828.277355467435
2026-09-14 07:52:00,2.935993279606919e-07,1.407663319241692e-08,293.5993279606919,14076.63319241692
2026-09-14 07:53:00,2.9413268975986284e-07,1.7341857727615206e-08,294.13268975986284,17341.857727615206
2026-09-14 07:54:00,2.944470054444537e-07,1.9275351093028803e-08,294.4470054444537,19275.351093028803
2026-09-14 07:55:00,2.9644624532920716e-07,1.934442828144256e-08,296.44624532920716,19344.42828144256
2026-09-14 07:56:00,2.977393762648717e-07,1.999763554749734e-08,297.7393762648717,19997.63554749734
2026-09-14 07:57:00,3.0117121241346467e-07,1.864298226905703e-08,301.1712124134647,18642.98226905703
2026-09-14 07:58:00,3.051834767120454e-07,1.725723031142934e-08,305.1834767120454,17257.23031142934
2026-09-14 07:59:00,3.0966000963417173e-07,1.7577690414327662e-08,309.66000963417173,17577.690414327662
2026-09-14 08:00:00,3.170276272612682e-07,1.7284193631894595e-08,317.0276272612682,17284.193631894595
2026-09-14 08:01:00,3.178998611019779e-07,1.6798512803006815e-08,317.8998611019779,16798.512803006815
2026-09-14 08:02:00,3.2124242466124997e-07,1.6331552998849475e-08,321.24242466124997,16331.552998849475
2026-09-14 08:03:00,3.218981987629377e-07,1.4690842320419506e-08,321.8981987629377,14690.842320419506
2026-09-14 08:04:00,3.223179589895153e-07,1.528322890465006e-08,322.3179589895153,15283.22890465006
2026-09-14 08:05:00,3.2266947869175056e-07,1.4768417599952954e-08,322.66947869175056,14768.417599952954
2026-09-14 08:06:00,3.2195012522606703e-07,1.630778179162462e-08,321.95012522606703,16307.78179162462
2026-09-14 08:07:00,3.2092466994981805e-07,1.5807666287059874e-08,320.92466994981805,15807.666287059874
2026-09-14 08:08:00,3.2290327567352506e-07,1.5388822660611368e-08,322.90327567352506,15388.822660611368
2026-09-14 08:09:00,3.2339244171453174e-07,1.591916287679851e-08,323.39244171453174,15919.16287679851
2026-09-14 08:10:00,3.2610765288154653e-07,1.5371195871694e-08,326.1076528815465,15371.195871693999
2026-09-14 08:11:00,3.2643688996358833e-07,1.4255831182197198e-08,326.4368899635883,14255.831182197198
2026-09-14 08:12:00,3.276871609614318e-07,1.263431492759537e-08,327.6871609614318,12634.31492759537
2026-09-14 08:13:00,3.2589193210696976e-07,1.6392531776432406e-08,325.89193210696976,16392.531776432406
2026-09-14 08:14:00,3.264263170876802e-07,1.4945522153198e-08,326.4263170876802,14945.522153197999
2026-09-14 08:15:00,3.2791513149277307e-07,1.5158544641735716e-08,327.91513149277307,15158.544641735716
2026-09-14 08:16:00,3.277203575180465e-07,1.522846559964819e-08,327.7203575180465,15228.465599648189
2026-09-14 08:17:00,3.289275696261029e-07,1.6029442662102156e-08,328.9275696261029,16029.442662102156
2026-09-14 08:18:00,3.288933498879487e-07,1.735034338423702e-08,328.8933498879487,17350.34338423702
2026-09-14 08:19:00,3.292345525096607e-07,1.5191719882068355e-08,329.2345525096607,15191.719882068355
2026-09-14 08:20:00,3.31501155415026e-07,1.6089591881041088e-08,331.501155415026,16089.591881041088
2026-09-14 08:21:00,3.308875307084236e-07,1.725284271003602e-08,330.8875307084236,17252.84271003602
2026-09-14 08:22:00,3.3122887543868273e-07,1.5790314833452612e-08,331.22887543868273,15790.314833452612
2026-09-14 08:23:00,3.2958018891804386e-07,1.7886366165953405e-08,329.58018891804386,17886.366165953405
2026-09-14 08:24:00,3.3163937018798606e-07,1.7025774567969165e-08,331.63937018798606,17025.774567969165
2026-09-14 08:25:00,3.344264030147315e-07,1.8585327055120615e-08,334.4264030147315,18585.327055120615
2026-09-14 08:26:00,3.4050995623147173e-07,1.8293388137635702e-08,340.50995623147173,18293.388137635702
2026-09-14 08:27:00,3.4833473705475626e-07,1.90944522415748e-08,348.33473705475626,19094.4522415748
2026-09-14 08:28:00,3.6137706160843663e-07,1.9435349329910423e-08,361.37706160843663,19435.349329910423
2026-09-14 08:29:00,3.773100445414457e-07,1.9067245560222545e-08,377.3100445414457,19067.245560222545
2026-09-14 08:30:00,3.9765103565514437e-07,1.9075045543104352e-08,397.65103565514437,19075.045543104352
2026-09-14 08:31:00,4.226479290991847e-07,1.8455891037660876e-08,422.6479290991847,18455.891037660876
2026-09-14 08:32:00,4.4978909841120185e-07,2.0600044337015788e-08,449.78909841120185,20600.04433701579
2026-09-14 08:33:00,4.737163976642478e-07,2.1672718730769702e-08,473.7163976642478,21672.718730769702
2026-09-14 08:34:00,4.832893978345965e-07,2.166484591725748e-08,483.28939783459646,21664.84591725748
2026-09-14 08:35:00,4.772167585542775e-07,2.0881753215462595e-08,477.2167585542775,20881.753215462595
2026-09-14 08:36:00,4.692156494456867e-07,2.002402155198979e-08,469.2156494456867,20024.02155198979
2026-09-14 08:37:00,4.544699550024234e-07,1.8721193484338983e-08,454.4699550024234,18721.193484338983
2026-09-14 08:38:00,4.429333841926564e-07,1.9303321607822e-08,442.9333841926564,19303.321607822
2026-09-14 08:39:00,4.389985406305641e-07,1.90105176045563e-08,438.9985406305641,19010.5176045563
2026-09-14 08:40:00,4.369356361166865e-07,1.9958823926913283e-08,436.9356361166865,19958.823926913283
2026-09-14 08:41:00,4.3356027390473173e-07,1.8972475146483703e-08,433.56027390473173,18972.475146483703
2026-09-14 08:42:00,4.27183294959832e-07,1.8903495657696112e-08,427.183294959832,18903.495657696112
2026-09-14 08:43:00,4.206498829262273e-07,1.9169435816479563e-08,420.6498829262273,19169.435816479563
2026-09-14 08:44:00,4.136380482577806e-07,1.8010938518386865e-08,413.6380482577806,18010.938518386865
2026-09-14 08:45:00,4.0477223706147925e-07,1.7515990435867934e-08,404.77223706147925,17515.990435867934
2026-09-14 08:46:00,3.987391892223968e-07,1.8208965002486366e-08,398.7391892223968,18208.965002486366
2026-09-14 08:47:00,3.9216922687046463e-07,1.801359417186177e-08,392.1692268704646,18013.59417186177
2026-09-14 08:48:00,3.8911508681849227e-07,1.7583568379109238e-08,389.1150868184923,17583.568379109238
2026-09-14 08:49:00,3.847646610211086e-07,1.810235339405608e-08,384.7646610211086,18102.35339405608
2026-09-14 08:50:00,3.7975388522681897e-07,1.7781907502012473e-08,379.75388522681897,17781.907502012473
2026-09-14 08:51:00,3.7216460668787477e-07,1.624600187710712e-08,372.16460668787477,16246.001877107119
2026-09-14 08:52:00,3.6658792623711633e-07,1.6181228801315228e-08,366.58792623711633,16181.228801315228
2026-09-14 08:53:00,3.599856768232712e-07,1.7284454756349987e-08,359.9856768232712,17284.454756349987
2026-09-14 08:54:00,3.5389595609558455e-07,1.694928641882143e-08,353.89595609558455,16949.28641882143
2026-09-14 08:55:00,3.497048055578489e-07,1.6613929787467896e-08,349.7048055578489,16613.929787467896
2026-09-14 08:56:00,3.4653785974114726e-07,1.6817265802160364e-08,346.53785974114726,16817.265802160364
2026-09-14 08:57:00,3.426748094170762e-07,1.7508291705325973e-08,342.6748094170762,17508.291705325973
2026-09-14 08:58:00,3.404648794003151e-07,1.7349885084172456e-08,340.4648794003151,17349.885084172456
2026-09-14 08:59:00,3.3679842204037413e-07,1.6162085003657012e-08,336.79842204037413,16162.085003657012
2026-09-14 09:00:00,3.337235341405176e-07,1.8185430050721152e-08,333.7235341405176,18185.430050721152
2026-09-14 09:01:00,3.317276764391863e-07,1.5984603862762015e-08,331.7276764391863,15984.603862762015
2026-09-14 09:02:00,3.299690831681801e-07,1.5822621435290785e-08,329.9690831681801,15822.621435290785
2026-09-14 09:03:00,3.2658851978339953e-07,1.6107433609136024e-08,326.58851978339953,16107.433609136024
2026-09-14 09:04:00,3.2577526098975795e-07,1.6737953245637982e-08,325.77526098975795,16737.953245637982
2026-09-14 09:05:00,3.242570869588235e-07,1.6799067026340708e-08,324.2570869588235,16799.06702634071
2026-09-14 09:06:00,3.2166138907996356e-07,1.5281141685363764e-08,321.66138907996356,15281.141685363764
2026-09-14 09:07:00,3.215880326479237e-07,1.3998774583967588e-08,321.5880326479237,13998.774583967588
2026-09-14 09:08:00,3.18273890798082e-07,1.2510222191508547e-08,318.273890798082,12510.222191508547
2026-09-14 09:09:00,3.170980846789462e-07,1.211394806688304e-08,317.0980846789462,12113.94806688304
2026-09-14 09:10:00,3.15309250709106e-07,1.269923721736177e-08,315.309250709106,12699.23721736177
2026-09-14 09:11:00,3.16282012136071e-07,1.4010955950993775e-08,316.282012136071,14010.955950993775
2026-09-14 09:12:00,3.158356491894665e-07,1.4265020276127416e-08,315.8356491894665,14265.020276127416
2026-09-14 09:13:00,3.1534250410913955e-07,1.6225961019245005e-08,315.34250410913955,16225.961019245005
2026-09-14 09:14:00,3.133266659460787e-07,1.5973327549545502e-08,313.3266659460787,15973.327549545502
2026-09-14 09:15:00,3.1228671559802024e-07,1.5797892771729494e-08,312.28671559802024,15797.892771729494
2026-09-14 09:16:00,3.119762368442025e-07,1.6320257145707728e-08,311.9762368442025,16320.257145707728
2026-09-14 09:17:00,3.1182617021840997e-07,1.6100555555453866e-08,311.82617021840997,16100.555555453866
2026-09-14 09:18:00,3.1013928492029663e-07,1.6052762674689802e-08,310.13928492029663,16052.762674689802
2026-09-14 09:19:00,3.0889631830177677e-07,1.6622374587882405e-08,308.8963183017768,16622.374587882405
2026-09-14 09:20:00,3.0934754136069387e-07,1.5657970919846775e-08,309.34754136069387,15657.970919846775
2026-09-14 09:21:00,3.0871888156980276e-07,1.654428061215185e-08,308.71888156980276,16544.28061215185
2026-09-14 09:22:00,3.096820364589803e-07,1.537462424039404e-08,309.6820364589803,15374.624240394041
2026-09-14 09:23:00,3.094505700573791e-07,1.3792795350298093e-08,309.4505700573791,13792.795350298093
2026-09-14 09:24:00,3.084599029534729e-07,1.4823324789858816e-08,308.4599029534729,14823.324789858816
2026-09-14 09:25:00,3.0676511642013793e-07,1.563316942565507e-08,306.76511642013793,15633.169425655069
2026-09-14 09:26:00,3.0582876320295327e-07,1.5047771029230717e-08,305.82876320295327,15047.771029230717
2026-09-14 09:27:00,3.054615831388219e-07,1.568099960991276e-08,305.4615831388219,15680.99960991276
2026-09-14 09:28:00,3.06242981196192e-07,1.5381417028947908e-08,306.242981196192,15381.417028947908
2026-09-14 09:29:00,3.065362648158043e-07,1.826170326069132e-08,306.5362648158043,18261.70326069132
2026-09-14 09:30:00,3.03896626974165e-07,1.5242614281874012e-08,303.896626974165,15242.614281874012
2026-09-14 09:31:00,3.028937101134943e-07,1.524410109254859e-08,302.8937101134943,15244.10109254859
2026-09-14 09:32:00,3.0331477773870574e-07,1.2860311926488066e-08,303.31477773870574,12860.311926488066
2026-09-14 09:33:00,3.0275427320702875e-07,1.3382794428196121e-08,302.75427320702875,13382.79442819612
2026-09-14 09:34:00,3.025694184088934e-07,1.4233915379691098e-08,302.5694184088934,14233.915379691098
2026-09-14 09:35:00,3.01091859000735e-07,1.3530544684670076e-08,301.091859000735,13530.544684670076
2026-09-14 09:36:00,3.0145443474793865e-07,1.3406804555415874e-08,301.45443474793865,13406.804555415874
2026-09-14 09:37:00,3.0155661079334095e-07,1.3284192412754692e-08,301.55661079334095,13284.192412754692
2026-09-14 09:38:00,3.0109882231954543e-07,1.336416755037817e-08,301.09882231954543,13364.16755037817
2026-09-14 09:39:00,3.008938733728428e-07,1.2798498261190616e-08,300.8938733728428,12798.498261190616
2026-09-14 09:40:00,2.99970849937381e-07,1.3195747605720953e-08,299.970849937381,13195.747605720953
2026-09-14 09:41:00,2.997207957378123e-07,1.1539112776404181e-08,299.7207957378123,11539.112776404181
2026-09-14 09:42:00,3.0123175065455143e-07,1.1399723831573283e-08,301.23175065455143,11399.723831573283
2026-09-14 09:43:00,3.004785469329363e-07,1.3267142051631708e-08,300.4785469329363,13267.142051631708
2026-09-14 09:44:00,3.0073985612943943e-07,1.3176143731641332e-08,300.73985612943943,13176.143731641332
2026-09-14 09:45:00,3.017863150489575e-07,1.2579767449949486e-08,301.7863150489575,12579.767449949486
2026-09-14 09:46:00,3.012052616213623e-07,1.2819770134342434e-08,301.2052616213623,12819.770134342434
2026-09-14 09:47:00,3.0295620945253177e-07,1.309292319007227e-08,302.95620945253177,13092.92319007227
2026-09-14 09:48:00,3.0296777708826994e-07,1.1499729168917838e-08,302.96777708826994,11499.729168917838
2026-09-14 09:49:00,3.031271091913368e-07,1.2468797550013733e-08,303.1271091913368,12468.797550013733
2026-09-14 09:50:00,3.052403485526156e-07,1.2613894817548044e-08,305.2403485526156,12613.894817548044
2026-09-14 09:51:00,3.0875494871906994e-07,1.2161185836134791e-08,308.75494871906994,12161.185836134791
2026-09-14 09:52:00,3.1764380992171937e-07,1.3065658777122735e-08,317.64380992171937,13065.658777122735
2026-09-14 09:53:00,3.199150171440124e-07,1.208664013319094e-08,319.9150171440124,12086.64013319094
2026-09-14 09:54:00,3.1857447879701795e-07,1.2186550435444587e-08,318.57447879701795,12186.550435444587
2026-09-14 09:55:00,3.167911017953884e-07,1.271407423786286e-08,316.7911017953884,12714.07423786286
2026-09-14 09:56:00,3.153385250698193e-07,1.2483541311780755e-08,315.3385250698193,12483.541311780755
2026-09-14 09:57:00,3.1504166031481873e-07,1.3292908107587209e-08,315.0416603148187,13292.908107587209
2026-09-14 09:58:00,3.184285901625117e-07,1.2790079217950279e-08,318.4285901625117,12790.079217950279
2026-09-14 09:59:00,3.2042203201854136e-07,1.30197337355753e-08,320.42203201854136,13019.7337355753
2026-09-14 10:00:00,3.224999431949982e-07,1.3717239788491042e-08,322.4999431949982,13717.239788491042
2026-09-14 10:01:00,3.2281874950967904e-07,1.6790245638276247e-08,322.81874950967904,16790.245638276247
2026-09-14 10:02:00,3.2285501561091223e-07,1.584757747252752e-08,322.85501561091223,15847.577472527519
2026-09-14 10:03:00,3.219460893433279e-07,1.4286359650839131e-08,321.9460893433279,14286.359650839131
2026-09-14 10:04:00,3.2400436111856834e-07,1.607841859652126e-08,324.00436111856834,16078.41859652126
2026-09-14 10:05:00,3.258162450947566e-07,1.3951797050992809e-08,325.8162450947566,13951.79705099281
2026-09-14 10:06:00,3.268279158419318e-07,1.4588487751154844e-08,326.8279158419318,14588.487751154844
2026-09-14 10:07:00,3.2868081234482815e-07,1.4734869324684041e-08,328.68081234482815,14734.869324684041
2026-09-14 10:08:00,3.298322326372727e-07,1.5090286353824922e-08,329.8322326372727,15090.286353824922
2026-09-14 10:09:00,3.311987200049771e-07,1.460647514051061e-08,331.1987200049771,14606.47514051061
2026-09-14 10:10:00,3.314967784717737e-07,1.515091874182417e-08,331.4967784717737,15150.91874182417
2026-09-14 10:11:00,3.3452278103141e-07,1.4271506643126486e-08,334.52278103141,14271.506643126486
2026-09-14 10:12:00,3.378674193754705e-07,1.4515438628848187e-08,337.8674193754705,14515.438628848187
2026-09-14 10:13:00,3.400072614567762e-07,1.4743744891632105e-08,340.0072614567762,14743.744891632105
2026-09-14 10:14:00,3.4261131531820865e-07,1.4147692795063449e-08,342.61131531820865,14147.692795063449
2026-09-14 10:15:00,3.459674928762979e-07,1.5245896989313223e-08,345.9674928762979,15245.896989313223
2026-09-14 10:16:00,3.5557431488086877e-07,1.6136775471409237e-08,355.57431488086877,16136.775471409237
2026-09-14 10:17:00,3.6570529005075514e-07,1.6491222609715805e-08,365.70529005075514,16491.222609715805
2026-09-14 10:18:00,3.791334677316627e-07,1.7573793087422018e-08,379.1334677316627,17573.79308742202
2026-09-14 10:19:00,3.88286593988596e-07,1.7532633123096275e-08,388.286593988596,17532.633123096275
2026-09-14 10:20:00,3.9782767657925433e-07,1.8283820679698692e-08,397.82767657925433,18283.820679698692
2026-09-14 10:21:00,4.1007220374922326e-07,1.9301790388226436e-08,410.07220374922326,19301.790388226436
2026-09-14 10:22:00,4.234970845118369e-07,1.8894374065325792e-08,423.4970845118369,18894.374065325792
2026-09-14 10:23:00,4.346215973782819e-07,1.806734850617886e-08,434.6215973782819,18067.34850617886
2026-09-14 10:24:00,4.483892723783356e-07,1.7329691459622154e-08,448.3892723783356,17329.691459622154
2026-09-14 10:25:00,4.573612955027784e-07,2.0642550779825797e-08,457.3612955027784,20642.550779825797
2026-09-14 10:26:00,4.6695944888597296e-07,2.2754319317641603e-08,466.95944888597296,22754.319317641603
2026-09-14 10:27:00,4.78589925023698e-07,2.201665694201438e-08,478.589925023698,22016.65694201438
2026-09-14 10:28:00,4.902550472252187e-07,2.2149468037468978e-08,490.25504722521873,22149.468037468978
2026-09-14 10:29:00,5.006136234442238e-07,2.3406006022241854e-08,500.6136234442238,23406.006022241854
2026-09-14 10:30:00,5.122455490891298e-07,2.5580082052556463e-08,512.2455490891298,25580.082052556463
2026-09-14 10:31:00,5.23276639796677e-07,2.5256881031054945e-08,523.276639796677,25256.881031054945
2026-09-14 10:32:00,5.317914997249318e-07,2.6368962124934114e-08,531.7914997249318,26368.962124934114
2026-09-14 10:33:00,5.43970145372441e-07,2.5365086031570172e-08,543.970145372441,25365.086031570172
2026-09-14 10:34:00,5.574669330599136e-07,2.698634382625187e-08,557.4669330599136,26986.34382625187
2026-09-14 10:35:00,5.701788268197561e-07,2.830651446572574e-08,570.1788268197561,28306.51446572574
2026-09-14 10:36:00,5.822103616992536e-07,2.7255945056481323e-08,582.2103616992536,27255.945056481323
2026-09-14 10:37:00,5.973327006358886e-07,2.7564439619709447e-08,597.3327006358886,27564.439619709447
2026-09-14 10:38:00,6.106729983912373e-07,2.6967315491788213e-08,610.6729983912373,26967.315491788213
2026-09-14 10:39:00,0.0,0.0,0.0,0.0
2026-09-14 10:40:00,0.0,0.0,0.0,0.0
2026-09-14 10:41:00,0.0,0.0,0.0,0.0
2026-09-14 10:42:00,0.0,0.0,0.0,0.0
2026-09-14 10:43:00,0.0,0.0,0.0,0.0
2026-09-14 10:44:00,0.0,0.0,0.0,0.0
2026-09-14 10:45:00,7.136044928301999e-07,3.044415919362109e-08,713.6044928301999,30444.15919362109
2026-09-14 10:46:00,7.234553436319402e-07,3.09615089122417e-08,723.4553436319402,30961.508912241698
2026-09-14 10:47:00,7.341644732150598e-07,3.240719337327391e-08,734.1644732150598,32407.193373273913
2026-09-14 10:48:00,7.410430953314062e-07,3.337732579211661e-08,741.0430953314062,33377.32579211661
2026-09-14 10:49:00,7.480065278286929e-07,3.470130849336783e-08,748.0065278286929,34701.30849336783
2026-09-14 10:50:00,7.565132591480506e-07,3.679760851582614e-08,756.5132591480506,36797.60851582614
2026-09-14 10:51:00,7.662131338292966e-07,3.593586939132365e-08,766.2131338292966,35935.86939132365
2026-09-14 10:52:00,7.771980676807289e-07,3.7320624812764436e-08,777.1980676807289,37320.624812764436
2026-09-14 10:53:00,7.885361696935433e-07,3.794695757619593e-08,788.5361696935433,37946.95757619593
2026-09-14 10:54:00,8.02134991317871e-07,3.903063117149941e-08,802.134991317871,39030.63117149941
2026-09-14 10:55:00,8.118925620692607e-07,3.8517804057391913e-08,811.8925620692607,38517.80405739191
2026-09-14 10:56:00,8.195599434657197e-07,3.911346269092064e-08,819.5599434657197,39113.46269092064
2026-09-14 10:57:00,8.257800914179825e-07,3.881995169763286e-08,825.7800914179825,38819.95169763286
2026-09-14 10:58:00,8.315704462802387e-07,4.05688602711507e-08,831.5704462802387,40568.8602711507
2026-09-14 10:59:00,8.399301805184223e-07,4.108446916006869e-08,839.9301805184223,41084.46916006869
2026-09-14 11:00:00,8.450510904367547e-07,4.152176913407857e-08,845.0510904367547,41521.76913407857
2026-09-14 11:01:00,8.520582923665643e-07,4.094624728168128e-08,852.0582923665643,40946.24728168128
2026-09-14 11:02:00,8.609650308244454e-07,4.233310235690624e-08,860.9650308244454,42333.10235690624
2026-09-14 11:03:00,8.726882470000419e-07,4.1503177783397405e-08,872.6882470000419,41503.177783397405
2026-09-14 11:04:00,8.739541499380721e-07,4.018351873469328e-08,873.9541499380721,40183.51873469328
2026-09-14 11:05:00,8.780734788160771e-07,4.0382420962714605e-08,878.0734788160771,40382.420962714605
2026-09-14 11:06:00,8.820696848488296e-07,3.922303548620221e-08,882.0696848488296,39223.03548620221
2026-09-14 11:07:00,8.88414547262073e-07,4.256708052707836e-08,888.414547262073,42567.08052707836
2026-09-14 11:08:00,8.907509823075088e-07,4.3985561859472e-08,890.7509823075088,43985.561859472
2026-09-14 11:09:00,8.878660082700662e-07,4.4071821747593276e-08,887.8660082700662,44071.821747593276
2026-09-14 11:10:00,8.868038321452332e-07,4.4810388288851755e-08,886.8038321452332,44810.388288851755
2026-09-14 11:11:00,8.845260026646429e-07,4.3129634974548026e-08,884.5260026646429,43129.634974548026
2026-09-14 11:12:00,8.845532875056961e-07,4.271188558391259e-08,884.5532875056961,42711.88558391259
2026-09-14 11:13:00,8.856484328134684e-07,4.386656371480058e-08,885.6484328134684,43866.56371480058
2026-09-14 11:14:00,8.870862870935525e-07,4.4296662338183523e-08,887.0862870935525,44296.66233818352
2026-09-14 11:15:00,8.860913567332318e-07,4.4575600099960866e-08,886.0913567332318,44575.600099960866
2026-09-14 11:16:00,8.874160926097829e-07,4.487111837647717e-08,887.4160926097829,44871.11837647717
2026-09-14 11:17:00,8.867255587574618e-07,4.666611275183641e-08,886.7255587574618,46666.11275183641
2026-09-14 11:18:00,8.874805530467711e-07,4.7672020997424625e-08,887.4805530467711,47672.020997424625
2026-09-14 11:19:00,8.863487437338335e-07,4.9563830373244855e-08,886.3487437338335,49563.830373244855
2026-09-14 11:20:00,8.854087809595512e-07,4.791143837223899e-08,885.4087809595512,47911.43837223899
2026-09-14 11:21:00,8.839356269163545e-07,4.7873275121901315e-08,883.9356269163545,47873.275121901315
2026-09-14 11:22:00,8.841348062560428e-07,4.7789008306153846e-08,884.1348062560428,47789.008306153846
2026-09-14 11:23:00,8.835399398776644e-07,4.459046110127929e-08,883.5399398776644,44590.46110127929
2026-09-14 11:24:00,8.817119692139386e-07,4.274692955164028e-08,881.7119692139386,42746.92955164028
2026-09-14 11:25:00,8.81718733580783e-07,4.383383256367779e-08,881.718733580783,43833.83256367779
2026-09-14 11:26:00,8.824052883937838e-07,4.180281010235376e-08,882.4052883937838,41802.81010235376
2026-09-14 11:27:00,8.742391059968213e-07,4.0580534488299236e-08,874.2391059968213,40580.534488299236
2026-09-14 11:28:00,8.711957093510136e-07,4.201174164109034e-08,871.1957093510136,42011.74164109034
2026-09-14 11:29:00,8.689071364642587e-07,4.221370275558911e-08,868.9071364642587,42213.70275558911
2026-09-14 11:30:00,8.651473422105482e-07,4.353400129275542e-08,865.1473422105482,43534.00129275542
2026-09-14 11:31:00,8.607989343545341e-07,4.2942833289316695e-08,860.7989343545341,42942.833289316695
2026-09-14 11:32:00,8.576219556744036e-07,4.2953264056677654e-08,857.6219556744036,42953.26405667765
2026-09-14 11:33:00,8.533215805073269e-07,4.342428994164038e-08,853.3215805073269,43424.28994164038
2026-09-14 11:34:00,8.483334568154532e-07,4.439585765680931e-08,848.3334568154532,44395.85765680931
2026-09-14 11:35:00,8.433163998233795e-07,4.420202159849396e-08,843.3163998233795,44202.02159849396
2026-09-14 11:36:00,8.382728537981166e-07,4.223310412498904e-08,838.2728537981166,42233.10412498904
2026-09-14 11:37:00,8.322575695274281e-07,4.360700600614109e-08,832.2575695274281,43607.00600614109
2026-09-14 11:38:00,8.267144835372164e-07,4.23978470109887e-08,826.7144835372164,42397.8470109887
2026-09-14 11:39:00,8.216709943553724e-07,4.153606525392206e-08,821.6709943553724,41536.06525392206
2026-09-14 11:40:00,8.178935786418151e-07,4.146933463289315e-08,817.8935786418151,41469.33463289315
2026-09-14 11:41:00,8.169000693669659e-07,4.1891947688554865e-08,816.9000693669659,41891.947688554865
2026-09-14 11:42:00,8.163813163264422e-07,4.264419928290408e-08,816.3813163264422,42644.19928290408
2026-09-14 11:43:00,8.11941447409481e-07,4.078714610500356e-08,811.941447409481,40787.14610500356
2026-09-14 11:44:00,8.070164199125429e-07,3.9898353065837e-08,807.0164199125429,39898.353065837
2026-09-14 11:45:00,8.023045552363328e-07,3.949716642637213e-08,802.3045552363328,39497.16642637213
2026-09-14 11:46:00,7.98160215254029e-07,4.031306133356338e-08,798.160215254029,40313.06133356338
2026-09-14 11:47:00,7.924502938294609e-07,4.2586943749256534e-08,792.4502938294609,42586.943749256534
2026-09-14 11:48:00,7.910927024568082e-07,4.274029308248828e-08,791.0927024568082,42740.29308248828
2026-09-14 11:49:00,7.839034878998064e-07,4.2592741777980336e-08,783.9034878998064,42592.741777980336
2026-09-14 11:50:00,7.77815898800327e-07,3.9897809500644144e-08,777.815898800327,39897.80950064414
2026-09-14 11:51:00,7.716291179349355e-07,3.9420235964371386e-08,771.6291179349355,39420.235964371386
2026-09-14 11:52:00,7.649955477972981e-07,4.1216740243044114e-08,764.9955477972981,41216.740243044114
2026-09-14 11:53:00,7.594684916512051e-07,4.067628722737027e-08,759.4684916512051,40676.28722737027
2026-09-14 11:54:00,7.541416948697588e-07,3.900863987382763e-08,754.1416948697588,39008.63987382763
2026-09-14 11:55:00,7.513169748563087e-07,3.814897553411356e-08,751.3169748563087,38148.97553411356
2026-09-14 11:56:00,7.480514909730118e-07,3.7212732451052943e-08,748.0514909730118,37212.73245105294
2026-09-14 11:57:00,7.488396818189358e-07,3.8549789138642154e-08,748.8396818189358,38549.789138642154
2026-09-14 11:58:00,7.515649258493795e-07,3.9179742117312344e-08,751.5649258493795,39179.742117312344
2026-09-14 11:59:00,7.54310690354032e-07,4.110450291250345e-08,754.310690354032,41104.50291250345
2026-09-14 12:00:00,7.640691706001235e-07,4.081441318248835e-08,764.0691706001235,40814.41318248835
2026-09-14 12:01:00,7.680984026592341e-07,4.341830717180528e-08,768.0984026592341,43418.30717180528
2026-09-14 12:02:00,7.719473842371372e-07,4.2733965699426335e-08,771.9473842371372,42733.965699426335
2026-09-14 12:03:00,7.767301895000855e-07,4.363298344856048e-08,776.7301895000855,43632.98344856048
2026-09-14 12:04:00,7.861691528887604e-07,4.3832034890556315e-08,786.1691528887604,43832.034890556315
2026-09-14 12:05:00,7.971446507326618e-07,4.458658153794204e-08,797.1446507326618,44586.58153794204
2026-09-14 12:06:00,7.981732323969482e-07,4.413812959569441e-08,798.1732323969482,44138.12959569441
2026-09-14 12:07:00,7.963288339851715e-07,4.321789148775679e-08,796.3288339851715,43217.89148775679
2026-09-14 12:08:00,7.915737683106272e-07,4.503309369852104e-08,791.5737683106272,45033.09369852104
2026-09-14 12:09:00,7.861696076361113e-07,4.8634372973310747e-08,786.1696076361113,48634.37297331075
2026-09-14 12:10:00,7.809713906681282e-07,4.74446792964045e-08,780.9713906681282,47444.6792964045
2026-09-14 12:11:00,7.766682301735273e-07,4.808677545042883e-08,776.6682301735273,48086.77545042883
2026-09-14 12:12:00,7.687650054322148e-07,4.683401044758284e-08,768.7650054322148,46834.01044758284
2026-09-14 12:13:00,7.629415108567628e-07,4.662473074290574e-08,762.9415108567628,46624.73074290574
2026-09-14 12:14:00,7.585159096379357e-07,4.772800821228884e-08,758.5159096379357,47728.00821228884
2026-09-14 12:15:00,7.52939740777947e-07,4.7958877757992013e-08,752.939740777947,47958.87775799201
2026-09-14 12:16:00,7.489803124371974e-07,4.6848072088323534e-08,748.9803124371974,46848.07208832353
2026-09-14 12:17:00,7.389842835436866e-07,4.610007309224784e-08,738.9842835436866,46100.07309224784
2026-09-14 12:18:00,7.311830358958105e-07,4.508416040494012e-08,731.1830358958105,45084.16040494012
2026-09-14 12:19:00,7.232804932755243e-07,4.5334516585171514e-08,723.2804932755243,45334.516585171514
2026-09-14 12:20:00,7.174334655246639e-07,4.352702021037658e-08,717.4334655246639,43527.02021037658
2026-09-14 12:21:00,7.124515377654461e-07,4.254312813145589e-08,712.4515377654461,42543.12813145589
2026-09-14 12:22:00,7.049648047541268e-07,4.2693947932548326e-08,704.9648047541268,42693.947932548326
2026-09-14 12:23:00,7.007233193689899e-07,4.2059561167206994e-08,700.7233193689899,42059.56116720699
2026-09-14 12:24:00,6.97401503657602e-07,4.3021646689567206e-08,697.401503657602,43021.646689567206
2026-09-14 12:25:00,6.95793289651192e-07,4.920039131661724e-08,695.793289651192,49200.39131661724
2026-09-14 12:26:00,6.902438371980679e-07,5.145960102481695e-08,690.2438371980679,51459.60102481695
2026-09-14 12:27:00,6.836463057879882e-07,5.115425594226508e-08,683.6463057879882,51154.25594226508
2026-09-14 12:28:00,6.748442160642298e-07,5.050153362162746e-08,674.8442160642298,50501.53362162746
2026-09-14 12:29:00,6.694858711853158e-07,5.1287702973468186e-08,669.4858711853158,51287.702973468186
2026-09-14 12:30:00,6.651428634540935e-07,4.8803588725832014e-08,665.1428634540935,48803.588725832014
2026-09-14 12:31:00,6.618867018914898e-07,4.745398740624296e-08,661.8867018914898,47453.98740624296
2026-09-14 12:32:00,6.610871423617937e-07,4.811440490470886e-08,661.0871423617937,48114.40490470886
2026-09-14 12:33:00,6.582775995411794e-07,4.7701249172860116e-08,658.2775995411794,47701.249172860116
2026-09-14 12:34:00,6.516806934087072e-07,4.432813582866402e-08,651.6806934087072,44328.13582866402
2026-09-14 12:35:00,6.491528097285482e-07,4.359614180771132e-08,649.1528097285482,43596.14180771132
2026-09-14 12:36:00,6.456717187575123e-07,4.158457755920608e-08,645.6717187575123,41584.57755920608
2026-09-14 12:37:00,6.430068992813176e-07,4.3161175966588416e-08,643.0068992813176,43161.17596658842
2026-09-14 12:38:00,6.442893436542363e-07,4.546841125829815e-08,644.2893436542363,45468.41125829815
2026-09-14 12:39:00,6.430586267924809e-07,4.755305837988999e-08,643.0586267924809,47553.05837988999
2026-09-14 12:40:00,6.441562732106831e-07,5.2134932815306456e-08,644.1562732106831,52134.932815306456
2026-09-14 12:41:00,6.415036182261247e-07,5.1972513404052734e-08,641.5036182261247,51972.513404052734
2026-09-14 12:42:00,6.399320682248799e-07,5.0482881874813756e-08,639.9320682248799,50482.88187481376
2026-09-14 12:43:00,6.350509806907212e-07,4.7140819248170374e-08,635.0509806907212,47140.81924817037
2026-09-14 12:44:00,6.288421445788117e-07,4.742280168557045e-08,628.8421445788117,47422.80168557045
2026-09-14 12:45:00,6.264408511924557e-07,4.439899825570137e-08,626.4408511924557,44398.99825570137
2026-09-14 12:46:00,6.244252972464892e-07,4.545500686958803e-08,624.4252972464892,45455.00686958803
2026-09-14 12:47:00,6.23887956407998e-07,4.67646543711453e-08,623.887956407998,46764.6543711453
2026-09-14 12:48:00,6.232029932107253e-07,4.592349256427042e-08,623.2029932107253,45923.49256427042
2026-09-14 12:49:00,6.255638709262712e-07,4.742274128943791e-08,625.5638709262712,47422.74128943791
2026-09-14 12:50:00,6.247764758882113e-07,4.7498723176886415e-08,624.7764758882113,47498.723176886415
2026-09-14 12:51:00,6.264883154472045e-07,4.8617224024383177e-08,626.4883154472045,48617.22402438318
2026-09-14 12:52:00,6.242020731406228e-07,4.632232375456624e-08,624.2020731406228,46322.32375456624
2026-09-14 12:53:00,6.254355184864835e-07,4.745567139252671e-08,625.4355184864835,47455.67139252671
2026-09-14 12:54:00,6.260469831431692e-07,4.6615088677981475e-08,626.0469831431692,46615.088677981475
2026-09-14 12:55:00,6.227479616427445e-07,4.852613955108609e-08,622.7479616427445,48526.13955108609
2026-09-14 12:56:00,6.218682528924546e-07,4.875893111488949e-08,621.8682528924546,48758.93111488949
2026-09-14 12:57:00,6.207167189131724e-07,4.945135856360139e-08,620.7167189131724,49451.35856360139
2026-09-14 12:58:00,6.177136810947559e-07,4.8800565366491355e-08,617.7136810947559,48800.565366491355
2026-09-14 12:59:00,6.155491405479552e-07,4.749879778387367e-08,615.5491405479552,47498.79778387367
2026-09-14 13:00:00,6.131608643045183e-07,4.669081477004511e-08,613.1608643045183,46690.81477004511
2026-09-14 13:01:00,6.108619459155307e-07,4.621342242216997e-08,610.8619459155307,46213.42242216997
2026-09-14 13:02:00,6.084267738515337e-07,4.6969891087655924e-08,608.4267738515337,46969.891087655924
2026-09-14 13:03:00,6.093182491895277e-07,4.709002965341824e-08,609.3182491895277,47090.02965341824
2026-09-14 13:04:00,6.10238203080371e-07,4.7737717778773003e-08,610.238203080371,47737.717778773
2026-09-14 13:05:00,6.082449317545979e-07,5.1213216778478454e-08,608.2449317545979,51213.216778478454
2026-09-14 13:06:00,6.060043915567803e-07,4.997819758045807e-08,606.0043915567803,49978.19758045807
2026-09-14 13:07:00,6.003030534884601e-07,4.8753562964520825e-08,600.3030534884601,48753.562964520825
2026-09-14 13:08:00,5.965623017800681e-07,4.7724345364486e-08,596.5623017800681,47724.345364486
2026-09-14 13:09:00,5.939890002082393e-07,4.5141842264229126e-08,593.9890002082393,45141.842264229126
2026-09-14 13:10:00,5.879744549019961e-07,4.5503870893526255e-08,587.9744549019961,45503.870893526255
2026-09-14 13:11:00,5.872789756722341e-07,4.3414001282826575e-08,587.2789756722341,43414.001282826575
2026-09-14 13:12:00,5.859432690158428e-07,4.729897185029586e-08,585.9432690158428,47298.97185029586
2026-09-14 13:13:00,5.836582772644761e-07,4.598583913661969e-08,583.658277264476,45985.83913661969
2026-09-14 13:14:00,5.82096220114181e-07,4.91284204429121e-08,582.096220114181,49128.4204429121
2026-09-14 13:15:00,5.811749588247039e-07,5.14370022131061e-08,581.1749588247039,51437.0022131061
2026-09-14 13:16:00,5.806807621411281e-07,5.154229043569103e-08,580.6807621411281,51542.29043569103
2026-09-14 13:17:00,5.789848387394159e-07,5.384913137618241e-08,578.9848387394159,53849.13137618241
2026-09-14 13:18:00,5.785270218439109e-07,5.6613863819166e-08,578.5270218439109,56613.863819166
2026-09-14 13:19:00,5.743528959101241e-07,5.5330037440626256e-08,574.3528959101241,55330.037440626256
2026-09-14 13:20:00,5.705404646505485e-07,5.184581652883935e-08,570.5404646505485,51845.81652883935
2026-09-14 13:21:00,5.673110763382283e-07,5.140160297401053e-08,567.3110763382283,51401.60297401053
2026-09-14 13:22:00,5.631361545965774e-07,5.127158431150747e-08,563.1361545965774,51271.58431150747
2026-09-14 13:23:00,5.615196414510137e-07,4.957673027661258e-08,561.5196414510137,49576.73027661258
2026-09-14 13:24:00,5.573905355049646e-07,4.911495565806945e-08,557.3905355049646,49114.95565806945
2026-09-14 13:25:00,5.527962230189587e-07,4.6091734873243695e-08,552.7962230189587,46091.734873243695
2026-09-14 13:26:00,5.519164005818311e-07,4.403097619842811e-08,551.9164005818311,44030.97619842811
2026-09-14 13:27:00,5.504605269379681e-07,4.3033583807527975e-08,550.4605269379681,43033.583807527975
2026-09-14 13:28:00,5.45377872640529e-07,3.907759804633315e-08,545.377872640529,39077.59804633315
2026-09-14 13:29:00,5.427039013738977e-07,4.106752982124817e-08,542.7039013738977,41067.52982124817
2026-09-14 13:30:00,5.406637342275644e-07,4.129914543682389e-08,540.6637342275644,41299.14543682389
2026-09-14 13:31:00,5.392292337091931e-07,4.210344073385386e-08,539.2292337091931,42103.44073385386
2026-09-14 13:32:00,5.362146566767478e-07,4.410957288314421e-08,536.2146566767478,44109.57288314421
2026-09-14 13:33:00,5.332355499376717e-07,4.584818924513456e-08,533.2355499376717,45848.18924513456
2026-09-14 13:34:00,5.315828275342938e-07,4.4151200029318716e-08,531.5828275342938,44151.200029318716
2026-09-14 13:35:00,5.283183668325364e-07,4.509784190531718e-08,528.3183668325364,45097.84190531718
2026-09-14 13:36:00,5.262348850010312e-07,4.43826202456421e-08,526.2348850010312,44382.6202456421
2026-09-14 13:37:00,5.247888452686311e-07,4.2972455815970534e-08,524.7888452686311,42972.455815970534
2026-09-14 13:38:00,5.243775262897543e-07,4.3476440225731494e-08,524.3775262897543,43476.440225731494
2026-09-14 13:39:00,5.22087873378041e-07,4.440455114718134e-08,522.087873378041,44404.55114718134
2026-09-14 13:40:00,5.178009132578154e-07,4.290007282747865e-08,517.8009132578154,42900.07282747865
2026-09-14 13:41:00,5.183316602597188e-07,4.283331378474031e-08,518.3316602597188,42833.31378474031
2026-09-14 13:42:00,5.132707769917033e-07,4.1865614974767595e-08,513.2707769917033,41865.614974767595
2026-09-14 13:43:00,5.101441047372646e-07,4.33988134318497e-08,510.14410473726457,43398.8134318497
2026-09-14 13:44:00,5.061173737885838e-07,4.287377208811449e-08,506.1173737885838,42873.77208811449
2026-09-14 13:45:00,5.039103712078941e-07,4.132184372451775e-08,503.91037120789406,41321.84372451775
2026-09-14 13:46:00,5.02417776715447e-07,3.987888419487717e-08,502.41777671544696,39878.88419487717
2026-09-14 13:47:00,5.000160285817401e-07,4.1377923309937614e-08,500.0160285817401,41377.923309937614
2026-09-14 13:48:00,4.971380462848174e-07,4.101182327076458e-08,497.1380462848174,41011.82327076458
2026-09-14 13:49:00,4.951211849402171e-07,4.4533781107247705e-08,495.12118494021706,44533.781107247705
2026-09-14 13:50:00,4.933577315568982e-07,4.4737642923564636e-08,493.3577315568982,44737.642923564636
2026-09-14 13:51:00,4.918319405078364e-07,4.4829821632674793e-08,491.8319405078364,44829.82163267479
2026-09-14 13:57:00,4.775949946633773e-07,4.0715363525123394e-08,477.5949946633773,40715.36352512339
2026-09-14 13:58:00,4.7326429353233834e-07,4.049374169312614e-08,473.26429353233834,40493.74169312614
2026-09-14 13:59:00,4.7186051688186126e-07,3.952312610522313e-08,471.86051688186126,39523.12610522313
2026-09-14 14:00:00,4.6751554805268825e-07,3.95990973345306e-08,467.51554805268825,39599.0973345306
2026-09-14 14:01:00,4.6564997546738596e-07,3.939193504720606e-08,465.64997546738596,39391.93504720606
2026-09-14 14:02:00,4.6131737008181517e-07,4.033876876974318e-08,461.31737008181517,40338.76876974318
2026-09-14 14:03:00,4.5845004592592886e-07,4.020913380031743e-08,458.45004592592886,40209.13380031743
2026-09-14 14:04:00,4.576750143314712e-07,4.114015084155653e-08,457.6750143314712,41140.15084155653
2026-09-14 14:05:00,4.581499126743438e-07,4.2545263312376846e-08,458.1499126743438,42545.26331237685
2026-09-14 14:06:00,4.566461200283811e-07,4.108667894797691e-08,456.6461200283811,41086.67894797691
2026-09-14 14:07:00,4.5600711473525735e-07,4.035660694512444e-08,456.00711473525735,40356.60694512444
2026-09-14 14:08:00,4.5493544575947453e-07,4.0653812760638175e-08,454.93544575947453,40653.812760638175
2026-09-14 14:09:00,4.526595489551255e-07,3.9196002887820214e-08,452.6595489551255,39196.002887820214
2026-09-14 14:10:00,4.5098508394403325e-07,3.832242256862628e-08,450.98508394403325,38322.42256862628
2026-09-14 14:11:00,4.4786790454054426e-07,3.7607780001280844e-08,447.86790454054426,37607.780001280844
2026-09-14 14:12:00,4.432640423601697e-07,3.70378145930772e-08,443.2640423601697,37037.8145930772
2026-09-14 14:13:00,4.3853307829522237e-07,3.724070296584614e-08,438.53307829522237,37240.70296584614
2026-09-14 14:14:00,4.3434673102638044e-07,3.649364543889533e-08,434.34673102638044,36493.64543889533
2026-09-14 14:15:00,4.3173002950425143e-07,3.867375042432286e-08,431.73002950425143,38673.75042432286
2026-09-14 14:16:00,4.293046629300079e-07,3.947589988229083e-08,429.3046629300079,39475.89988229083
2026-09-14 14:17:00,4.2618825091267354e-07,3.9315601441103354e-08,426.18825091267354,39315.601441103354
2026-09-14 14:18:00,4.256290253579209e-07,3.923418390172628e-08,425.6290253579209,39234.18390172628
2026-09-14 14:19:00,4.3117319137309096e-07,4.068674286372698e-08,431.17319137309096,40686.74286372698
2026-09-14 14:20:00,4.256693273418932e-07,3.8374857069811696e-08,425.6693273418932,38374.8570698117
2026-09-14 14:21:00,4.187453157555865e-07,3.759772937428352e-08,418.7453157555865,37597.72937428352
2026-09-14 14:22:00,4.159575723861053e-07,3.784767343972817e-08,415.9575723861053,37847.67343972817
2026-09-14 14:23:00,4.115111664759752e-07,3.857288177755436e-08,411.5111664759752,38572.88177755436
2026-09-14 14:24:00,4.09234729659147e-07,3.8854267359056394e-08,409.234729659147,38854.26735905639
2026-09-14 14:25:00,4.0803919887366646e-07,3.9484774561060476e-08,408.03919887366646,39484.774561060476
2026-09-14 14:26:00,4.0526245470573485e-07,4.08730933543211e-08,405.26245470573485,40873.0933543211
2026-09-14 14:27:00,4.013951411252492e-07,3.9968654164113104e-08,401.3951411252492,39968.654164113104
2026-09-14 14:28:00,3.9965365772332007e-07,3.912786894488818e-08,399.65365772332007,39127.86894488818
2026-09-14 14:29:00,3.9941173213264847e-07,4.0073530271911295e-08,399.41173213264847,40073.530271911295
2026-09-14 14:30:00,4.0596952999294444e-07,4.0215489605088806e-08,405.96952999294444,40215.489605088806
2026-09-14 14:31:00,4.279148129171517e-07,4.45465850873461e-08,427.9148129171517,44546.5850873461
2026-09-14 14:32:00,6.662448299721291e-07,6.567346844121857e-08,666.2448299721291,65673.46844121857
2026-09-14 14:33:00,1.028952510750969e-06,9.727045835461468e-08,1028.952510750969,97270.45835461468
2026-09-14 14:34:00,9.748719094204716e-07,8.10419109598115e-08,974.8719094204716,81041.9109598115
2026-09-14 14:35:00,8.212918487515708e-07,6.3941911321308e-08,821.2918487515708,63941.911321308
2026-09-14 14:36:00,6.987647793721408e-07,5.6727994746097465e-08,698.7647793721408,56727.994746097465
2026-09-14 14:37:00,6.006497415000922e-07,5.042926787268698e-08,600.6497415000922,50429.26787268698
2026-09-14 14:38:00,5.339981044016895e-07,4.72328522960197e-08,533.9981044016895,47232.8522960197
2026-09-14 14:39:00,5.046153432886058e-07,4.326124525277919e-08,504.6153432886058,43261.24525277919
2026-09-14 14:40:00,4.901420425085234e-07,4.00144557488602e-08,490.14204250852345,40014.4557488602
2026-09-14 14:41:00,4.7564907390551525e-07,4.194266267631974e-08,475.64907390551525,41942.66267631974
2026-09-14 14:42:00,4.601110390467511e-07,4.2020964485800505e-08,460.1110390467511,42020.964485800505
2026-09-14 14:43:00,4.5058135356157436e-07,4.037102385723301e-08,450.58135356157436,40371.02385723301
2026-09-14 14:44:00,4.4238575469535135e-07,4.1113604964948536e-08,442.38575469535135,41113.604964948536
2026-09-14 14:45:00,4.3558563334045175e-07,4.0667440970310054e-08,435.58563334045175,40667.440970310054
2026-09-14 14:46:00,4.3236849478489603e-07,3.965462269661657e-08,432.36849478489603,39654.62269661657
2026-09-14 14:47:00,4.5331188402997213e-07,3.930257719275687e-08,453.31188402997213,39302.57719275687
2026-09-14 14:48:00,5.051715561421588e-07,4.2051471638160365e-08,505.1715561421588,42051.471638160365
2026-09-14 14:49:00,5.11941607328481e-07,4.3201961119621046e-08,511.94160732848104,43201.961119621046
2026-09-14 14:50:00,4.7081775278456917e-07,4.179237578227912e-08,470.81775278456917,41792.37578227912
2026-09-14 14:51:00,4.4593696202355204e-07,4.281964649521797e-08,445.93696202355204,42819.64649521797
2026-09-14 14:52:00,4.317825528232788e-07,4.132903086428996e-08,431.7825528232788,41329.03086428996
2026-09-14 14:53:00,4.2299365077269613e-07,3.994991004674375e-08,422.9936507726961,39949.91004674375
2026-09-14 14:54:00,4.13182959846381e-07,3.819236837898643e-08,413.182959846381,38192.36837898643
2026-09-14 14:55:00,4.0722321159591957e-07,3.929540781655305e-08,407.22321159591957,39295.40781655305
2026-09-14 14:56:00,4.0323223515770223e-07,3.837651263438602e-08,403.23223515770223,38376.51263438602
2026-09-14 14:57:00,3.985493037816923e-07,3.831305406265528e-08,398.5493037816923,38313.05406265528
2026-09-14 14:58:00,3.9595406065018324e-07,3.857802965967494e-08,395.95406065018324,38578.02965967494
2026-09-14 14:59:00,3.928833791633224e-07,3.999953435140924e-08,392.8833791633224,39999.53435140924
2026-09-14 15:00:00,3.8937866975174984e-07,4.156124333576372e-08,389.37866975174984,41561.24333576372
2026-09-14 15:01:00,3.8771733557041443e-07,4.369447381691316e-08,387.71733557041443,43694.47381691316
2026-09-14 15:02:00,3.8518140854648664e-07,4.361402972108408e-08,385.18140854648664,43614.02972108408
2026-09-14 15:03:00,3.841988132080587e-07,4.390927443864712e-08,384.1988132080587,43909.27443864712
2026-09-14 15:04:00,3.7952781895000953e-07,3.796279557377602e-08,379.52781895000953,37962.79557377602
2026-09-14 15:05:00,3.8233289956224326e-07,4.2468055738709154e-08,382.33289956224326,42468.055738709154
2026-09-14 15:06:00,3.7966833588143345e-07,4.002730236152274e-08,379.66833588143345,40027.30236152274
2026-09-14 15:07:00,3.7801913777002483e-07,4.19240677729249e-08,378.0191377700248,41924.0677729249
2026-09-14 15:08:00,3.783345050578646e-07,4.405632481052635e-08,378.3345050578646,44056.32481052635
2026-09-14 15:09:00,3.738683176379709e-07,4.253855578895127e-08,373.8683176379709,42538.55578895127
2026-09-14 15:10:00,3.7371694361354457e-07,4.028896327668008e-08,373.7169436135446,40288.96327668008
2026-09-14 15:11:00,3.6890614296680724e-07,4.001696751743111e-08,368.90614296680724,40016.96751743111
2026-09-14 15:12:00,3.6779019296773185e-07,4.072654746778426e-08,367.79019296773185,40726.54746778426
2026-09-14 15:13:00,3.648998472272069e-07,4.081793747445772e-08,364.8998472272069,40817.93747445772
2026-09-14 15:14:00,3.643500861016946e-07,4.182588142498389e-08,364.3500861016946,41825.88142498389
2026-09-14 15:15:00,3.6042965234628355e-07,3.9153732700469845e-08,360.42965234628355,39153.732700469845
2026-09-14 15:16:00,3.583703289677942e-07,3.780721513635399e-08,358.3703289677942,37807.21513635399
2026-09-14 15:17:00,3.589577488583018e-07,4.085602611780814e-08,358.9577488583018,40856.02611780814
2026-09-14 15:18:00,3.6106987977291283e-07,4.226171057553074e-08,361.0698797729128,42261.71057553074
2026-09-14 15:19:00,3.592261350604531e-07,4.270202680345392e-08,359.2261350604531,42702.02680345392
2026-09-14 15:20:00,3.559863159807719e-07,4.0360653486004594e-08,355.9863159807719,40360.653486004594
2026-09-14 15:21:00,3.5766581163443334e-07,4.25563655426231e-08,357.66581163443334,42556.3655426231
2026-09-14 15:22:00,3.556983756425325e-07,4.73633008368779e-08,355.6983756425325,47363.3008368779
2026-09-14 15:23:00,3.55750643166175e-07,4.621985638664228e-08,355.750643166175,46219.85638664228
2026-09-14 15:24:00,3.5592017866292736e-07,4.863874991656303e-08,355.92017866292736,48638.74991656303
2026-09-14 15:25:00,3.535534176535293e-07,4.713348999985101e-08,353.5534176535293,47133.48999985101
2026-09-14 15:26:00,3.5260873687548155e-07,4.613570681044621e-08,352.60873687548155,46135.70681044621
2026-09-14 15:27:00,3.5105918527733593e-07,4.394918207140108e-08,351.0591852773359,43949.18207140108
2026-09-14 15:28:00,3.5308136148159974e-07,4.277781329165009e-08,353.08136148159974,42777.81329165009
2026-09-14 15:29:00,3.512709838560113e-07,4.296429167993665e-08,351.2709838560113,42964.29167993665
2026-09-14 15:30:00,3.506110033413279e-07,4.057527647205461e-08,350.6110033413279,40575.27647205461
2026-09-14 15:31:00,3.5076612903139903e-07,4.0934949652182695e-08,350.76612903139903,40934.949652182695
2026-09-14 15:32:00,3.498549574487697e-07,4.545641019149116e-08,349.8549574487697,45456.41019149116
2026-09-14 15:33:00,3.5170833712072636e-07,4.3938843674595773e-08,351.70833712072636,43938.84367459577
2026-09-14 15:34:00,3.5187409253012447e-07,4.458242486293784e-08,351.87409253012447,44582.42486293784
2026-09-14 15:35:00,3.538847010986501e-07,4.4106769792051637e-08,353.8847010986501,44106.76979205164
2026-09-14 15:36:00,3.5244048035565356e-07,4.559270649906466e-08,352.44048035565356,45592.70649906466
2026-09-14 15:37:00,3.5081194482700084e-07,4.7202629360754145e-08,350.81194482700084,47202.629360754145
2026-09-14 15:38:00,3.5005120935238665e-07,4.650750184964636e-08,350.05120935238665,46507.50184964636
2026-09-14 15:39:00,3.5253535202173225e-07,4.669222164466191e-08,352.53535202173225,46692.22164466191
2026-09-14 15:40:00,3.54682526904071e-07,4.9886104136476206e-08,354.682526904071,49886.104136476206
2026-09-14 15:41:00,3.548278186826792e-07,4.850756241125964e-08,354.8278186826792,48507.56241125964
2026-09-14 15:42:00,3.5274541687613237e-07,4.6053528990341874e-08,352.74541687613237,46053.528990341874
2026-09-14 15:43:00,3.520740676776768e-07,4.739711556567272e-08,352.0740676776768,47397.11556567272
2026-09-14 15:44:00,3.4996986641999683e-07,4.6098634243207925e-08,349.96986641999683,46098.634243207925
2026-09-14 15:45:00,3.5120589814141567e-07,4.6364579731061895e-08,351.2058981414157,46364.579731061895
2026-09-14 15:46:00,3.501340870570857e-07,4.76105377344993e-08,350.1340870570857,47610.5377344993
2026-09-14 15:47:00,3.505559504901612e-07,4.777006523681848e-08,350.5559504901612,47770.06523681848
2026-09-14 15:48:00,3.4861031394939346e-07,4.444653356472372e-08,348.61031394939346,44446.53356472372
2026-09-14 15:49:00,3.434038831073849e-07,4.337005776733349e-08,343.4038831073849,43370.05776733349
2026-09-14 15:50:00,3.394224563635362e-07,4.1294633490451815e-08,339.4224563635362,41294.633490451815
2026-09-14 15:51:00,3.414209004404256e-07,4.1482472568077355e-08,341.4209004404256,41482.472568077355
2026-09-14 15:52:00,3.387384026609652e-07,4.116595775371934e-08,338.7384026609652,41165.95775371934
2026-09-14 15:53:00,3.402009838282538e-07,4.446781431965974e-08,340.2009838282538,44467.81431965974
2026-09-14 15:54:00,3.422449026402319e-07,4.565207234463742e-08,342.2449026402319,45652.07234463742
2026-09-14 15:55:00,3.42052089763456e-07,4.3865238552598385e-08,342.052089763456,43865.238552598385
2026-09-14 15:56:00,3.4273060123268806e-07,4.447855417311075e-08,342.73060123268806,44478.55417311075
2026-09-14 15:57:00,3.435011990404746e-07,4.6374143636285226e-08,343.5011990404746,46374.143636285226
2026-09-14 15:58:00,3.422727559154737e-07,4.779661821885384e-08,342.2727559154737,47796.61821885384
2026-09-14 15:59:00,3.378626729499956e-07,4.491788985205858e-08,337.8626729499956,44917.88985205858
2026-09-14 16:00:00,3.361530787060474e-07,4.2461508087399125e-08,336.1530787060474,42461.508087399125
2026-09-14 16:01:00,3.373466483935772e-07,4.366372508002314e-08,337.3466483935772,43663.72508002314
2026-09-14 16:02:00,3.4022028216895706e-07,4.6856630575575764e-08,340.22028216895706,46856.630575575764
2026-09-14 16:03:00,3.433092672366911e-07,4.8783654449380265e-08,343.3092672366911,48783.654449380265
2026-09-14 16:04:00,3.438546229972417e-07,4.603145598025549e-08,343.8546229972417,46031.45598025549
2026-09-14 16:05:00,3.446689618158416e-07,4.563194977436069e-08,344.6689618158416,45631.94977436069
2026-09-14 16:06:00,3.429535126997507e-07,4.4841925728178467e-08,342.9535126997507,44841.92572817847
2026-09-14 16:07:00,3.4440472518326715e-07,4.336731507237346e-08,344.40472518326715,43367.31507237346
2026-09-14 16:08:00,3.471879779226583e-07,4.7193445595894445e-08,347.1879779226583,47193.445595894445
2026-09-14 16:09:00,3.509039743221365e-07,5.340859132729747e-08,350.9039743221365,53408.59132729747
2026-09-14 16:10:00,3.521623170854582e-07,5.590421636725296e-08,352.1623170854582,55904.21636725296
2026-09-14 16:11:00,3.497384000183956e-07,5.0681773444694045e-08,349.7384000183956,50681.773444694045
2026-09-14 16:12:00,3.49852996350819e-07,4.3423156625976844e-08,349.852996350819,43423.156625976844
2026-09-14 16:13:00,3.4938645399051893e-07,4.010118814790076e-08,349.38645399051893,40101.18814790076
2026-09-14 16:14:00,3.490556821361679e-07,3.649394031413067e-08,349.0556821361679,36493.94031413067
2026-09-14 16:15:00,3.4798219417098153e-07,3.721620700503081e-08,347.98219417098153,37216.20700503081
2026-09-14 16:16:00,3.4815019489542465e-07,3.802028913924005e-08,348.15019489542465,38020.28913924005
2026-09-14 16:17:00,3.4836443774111103e-07,3.773384094074572e-08,348.36443774111103,37733.84094074572
2026-09-14 16:18:00,3.5015813182326383e-07,4.1321946753214434e-08,350.15813182326383,41321.94675321443
2026-09-14 16:19:00,3.4946404525726393e-07,4.32349160917056e-08,349.46404525726393,43234.9160917056
2026-09-14 16:20:00,3.463920847934787e-07,3.9657152228755876e-08,346.3920847934787,39657.15222875588
2026-09-14 16:21:00,3.482119268483075e-07,3.9468726953373334e-08,348.2119268483075,39468.726953373334
2026-09-14 16:22:00,3.521179223753279e-07,4.422546595606036e-08,352.1179223753279,44225.46595606036
2026-09-14 16:23:00,3.550616156644537e-07,4.6344826643007764e-08,355.0616156644537,46344.826643007764
2026-09-14 16:24:00,3.5343461490811023e-07,4.3353821865821374e-08,353.43461490811023,43353.821865821374
2026-09-14 16:25:00,3.5412543297752563e-07,4.6277261134264336e-08,354.12543297752563,46277.261134264336
2026-09-14 16:26:00,3.5298640455039276e-07,4.277935872210037e-08,352.98640455039276,42779.35872210037
2026-09-14 16:27:00,3.5398466025071684e-07,3.9234596016513024e-08,353.98466025071684,39234.596016513024
2026-09-14 16:28:00,3.543048023857409e-07,3.87937006962602e-08,354.3048023857409,38793.7006962602
2026-09-14 16:29:00,3.6053975804861693e-07,4.405557518794012e-08,360.53975804861693,44055.57518794012
2026-09-14 16:30:00,3.672772947993508e-07,4.414812693198655e-08,367.2772947993508,44148.12693198655
2026-09-14 16:31:00,3.69175353398532e-07,4.658380703403964e-08,369.175353398532,46583.80703403964
2026-09-14 16:32:00,3.7243381711959955e-07,4.6675182829858386e-08,372.43381711959955,46675.182829858386
2026-09-14 16:33:00,3.781507302846876e-07,5.110369372118839e-08,378.1507302846876,51103.69372118839
2026-09-14 16:34:00,3.8102183452792815e-07,5.456291773953126e-08,381.02183452792815,54562.91773953126
2026-09-14 16:35:00,3.7889779491706577e-07,5.143269987684107e-08,378.89779491706577,51432.69987684107
2026-09-14 16:36:00,3.7332560509639734e-07,4.663729313847398e-08,373.32560509639734,46637.29313847398
2026-09-14 16:37:00,3.7370918448687007e-07,4.570120637481523e-08,373.7091844868701,45701.20637481523
2026-09-14 16:38:00,3.748102983536228e-07,4.1745810364091085e-08,374.8102983536228,41745.810364091085
2026-09-14 16:39:00,3.721357586528029e-07,4.109363516136e-08,372.1357586528029,41093.63516136
2026-09-14 16:40:00,3.728385138401791e-07,4.17875867242401e-08,372.8385138401791,41787.5867242401
2026-09-14 16:41:00,3.73382704310643e-07,4.4506588636750166e-08,373.382704310643,44506.588636750166
2026-09-14 16:42:00,3.7395929552985763e-07,4.5752930333264885e-08,373.9592955298576,45752.930333264885
2026-09-14 16:43:00,3.7227300708764233e-07,4.5622101652043057e-08,372.2730070876423,45622.10165204306
2026-09-14 16:44:00,3.731134654572088e-07,4.661792729621084e-08,373.1134654572088,46617.92729621084
2026-09-14 16:45:00,3.710750320351508e-07,4.435211664599592e-08,371.0750320351508,44352.11664599592
2026-09-14 16:46:00,3.7181206380410003e-07,4.4682494149128615e-08,371.81206380410003,44682.494149128615
2026-09-14 16:47:00,3.69139627309778e-07,4.415899823584368e-08,369.139627309778,44158.99823584368
2026-09-14 16:48:00,3.7295654919944354e-07,4.5612125632032985e-08,372.95654919944354,45612.125632032985
2026-09-14 16:49:00,3.755571356123255e-07,4.413907461753297e-08,375.5571356123255,44139.07461753297
2026-09-14 16:50:00,3.753497139769024e-07,4.461062275140648e-08,375.3497139769024,44610.62275140648
2026-09-14 16:51:00,3.76776966959369e-07,4.167975120594747e-08,376.776966959369,41679.75120594747
2026-09-14 16:52:00,3.818132654487272e-07,4.0953583635428004e-08,381.8132654487272,40953.583635428
2026-09-14 16:53:00,3.850844336739101e-07,4.3165684360246814e-08,385.0844336739101,43165.684360246814
2026-09-14 16:54:00,3.9096812542993575e-07,4.373134387947175e-08,390.96812542993575,43731.34387947175
2026-09-14 16:55:00,3.931137086965464e-07,4.432980915680673e-08,393.1137086965464,44329.80915680673
2026-09-14 16:56:00,3.9544210039821337e-07,4.7254221868797686e-08,395.44210039821337,47254.221868797686
2026-09-14 16:57:00,3.970086481785984e-07,4.905529848997503e-08,397.0086481785984,49055.29848997503
2026-09-14 16:58:00,3.972791091655381e-07,4.701267286577604e-08,397.2791091655381,47012.67286577604
2026-09-14 16:59:00,4.001524871455331e-07,4.754826576913729e-08,400.1524871455331,47548.26576913729
2026-09-14 17:00:00,3.9611674651496287e-07,4.443151624400343e-08,396.11674651496287,44431.51624400343
2026-09-14 17:01:00,3.9483961700170767e-07,4.4063440896024986e-08,394.83961700170767,44063.440896024986
2026-09-14 17:02:00,3.959285947985336e-07,4.311232260079123e-08,395.9285947985336,43112.32260079123
2026-09-14 17:03:00,3.932006791274034e-07,4.45988384001339e-08,393.2006791274034,44598.8384001339
2026-09-14 17:04:00,3.931639014354005e-07,4.075278781101588e-08,393.1639014354005,40752.78781101588
2026-09-14 17:05:00,3.8479430486404453e-07,4.1855216181829746e-08,384.79430486404453,41855.216181829746
2026-09-14 17:06:00,3.798491547968297e-07,3.723574693026421e-08,379.8491547968297,37235.74693026421
2026-09-14 17:07:00,3.794717997607222e-07,3.7217581905224506e-08,379.4717997607222,37217.581905224506
2026-09-14 17:08:00,3.8189074302863446e-07,3.968293427192293e-08,381.89074302863446,39682.93427192293
2026-09-14 17:09:00,3.798333807480958e-07,4.170719947182988e-08,379.8333807480958,41707.19947182988
2026-09-14 17:10:00,3.7776294448121917e-07,4.1895031444028064e-08,377.76294448121917,41895.03144402806
2026-09-14 17:11:00,3.760215463444183e-07,4.214554394366132e-08,376.0215463444183,42145.54394366132
2026-09-14 17:12:00,3.7865680724280537e-07,3.929708114469577e-08,378.65680724280537,39297.08114469577
2026-09-14 17:13:00,3.7744939618278295e-07,3.918362523336327e-08,377.44939618278295,39183.62523336327
2026-09-14 17:14:00,3.8014070469216676e-07,4.256591878970539e-08,380.14070469216676,42565.91878970539
2026-09-14 17:15:00,3.8229822507673816e-07,4.675522191632808e-08,382.29822507673816,46755.22191632808
2026-09-14 17:16:00,3.8069399010964844e-07,4.88570002232791e-08,380.69399010964844,48857.0002232791
2026-09-14 17:17:00,3.759284084026149e-07,4.9486114761521094e-08,375.9284084026149,49486.114761521094
2026-09-14 17:18:00,3.7504210581573716e-07,4.512106954734918e-08,375.04210581573716,45121.06954734918
2026-09-14 17:19:00,3.728699482508091e-07,4.374369666493294e-08,372.8699482508091,43743.69666493294
2026-09-14 17:20:00,3.6946900650036696e-07,4.593939095798305e-08,369.46900650036696,45939.39095798305
2026-09-14 17:21:00,3.6783180235033797e-07,4.620767768415135e-08,367.83180235033797,46207.67768415135
2026-09-14 17:22:00,3.646026698334026e-07,4.375481310603391e-08,364.6026698334026,43754.81310603391
2026-09-14 17:23:00,3.628283309353719e-07,4.429118760640449e-08,362.8283309353719,44291.18760640449
2026-09-14 17:24:00,3.6114451518187707e-07,4.3119037229644164e-08,361.14451518187707,43119.037229644164
2026-09-14 17:25:00,3.626778948273568e-07,4.449405466289136e-08,362.6778948273568,44494.05466289136
2026-09-14 17:26:00,3.635490202213987e-07,4.505932338361163e-08,363.5490202213987,45059.32338361163
2026-09-14 17:27:00,3.5886665727957734e-07,4.336719428010838e-08,358.86665727957734,43367.19428010838
2026-09-14 17:28:00,3.5646741025630035e-07,4.553282551000848e-08,356.46741025630035,45532.82551000848
2026-09-14 17:29:00,3.5626052863335644e-07,4.6732498759638474e-08,356.26052863335644,46732.498759638474
2026-09-14 17:30:00,3.5319149560564256e-07,4.5640796031420905e-08,353.19149560564256,45640.796031420905
2026-09-14 17:31:00,3.512921296078275e-07,4.769551509298253e-08,351.2921296078275,47695.51509298253
2026-09-14 17:32:00,3.498477667562838e-07,4.4689482336934816e-08,349.8477667562838,44689.482336934816
2026-09-14 17:33:00,3.490054041321855e-07,4.405546505381608e-08,349.0054041321855,44055.46505381608
2026-09-14 17:34:00,3.476394567769603e-07,4.3515562708762445e-08,347.6394567769603,43515.562708762445
2026-09-14 17:35:00,3.489790287858341e-07,4.057220337472245e-08,348.9790287858341,40572.20337472245
2026-09-14 17:36:00,3.475699088539841e-07,4.446315671202683e-08,347.5699088539841,44463.15671202683
2026-09-14 17:37:00,3.4660251913010143e-07,4.220008520405827e-08,346.6025191301014,42200.08520405827
2026-09-14 17:38:00,3.4643147728274926e-07,4.305356426925755e-08,346.43147728274926,43053.56426925755
2026-09-14 17:39:00,3.454873649388901e-07,4.150280474846113e-08,345.4873649388901,41502.80474846113
2026-09-14 17:40:00,3.427005594858201e-07,3.98397652645599e-08,342.7005594858201,39839.7652645599
2026-09-14 17:41:00,3.4293807971153e-07,4.07717379857786e-08,342.93807971153,40771.7379857786
2026-09-14 17:42:00,3.4301746154596913e-07,4.154653154841981e-08,343.0174615459691,41546.53154841981
2026-09-14 17:43:00,3.4232226653330144e-07,3.9630823067682286e-08,342.32226653330144,39630.823067682286
2026-09-14 17:44:00,3.3924413855856983e-07,3.84940257447397e-08,339.24413855856983,38494.0257447397
2026-09-14 17:45:00,3.398536705390143e-07,3.7050451595632694e-08,339.8536705390143,37050.451595632694
2026-09-14 17:46:00,3.3666017884570465e-07,4.0656711775000076e-08,336.66017884570465,40656.711775000076
2026-09-14 17:47:00,3.357723699082271e-07,4.057626057374364e-08,335.7723699082271,40576.26057374364
2026-09-14 17:48:00,3.359881191045133e-07,4.0939834633491046e-08,335.9881191045133,40939.834633491046
2026-09-14 17:49:00,3.3686248457343027e-07,4.063854319724669e-08,336.86248457343027,40638.54319724669
2026-09-14 17:50:00,3.336115810270712e-07,3.96101071942212e-08,333.6115810270712,39610.1071942212
2026-09-14 17:51:00,3.3333901683363365e-07,4.0511817900323877e-08,333.33901683363365,40511.81790032388
2026-09-14 17:52:00,3.3152016953863495e-07,3.832881034782076e-08,331.52016953863495,38328.81034782076
2026-09-14 17:53:00,3.307242195660365e-07,3.87238188181982e-08,330.7242195660365,38723.8188181982
2026-09-14 17:54:00,3.318490087167447e-07,3.877087451087391e-08,331.8490087167447,38770.87451087391
2026-09-14 17:55:00,3.2998298138409154e-07,3.889524791134136e-08,329.98298138409154,38895.24791134136
2026-09-14 17:56:00,3.310162810521433e-07,3.875192433611119e-08,331.0162810521433,38751.92433611119
2026-09-14 17:57:00,3.3281105515925447e-07,3.832390760294402e-08,332.81105515925447,38323.90760294402
2026-09-14 17:58:00,3.3493657269900723e-07,3.8766952314972514e-08,334.93657269900723,38766.952314972514
2026-09-14 17:59:00,3.368103307366255e-07,3.699398476442184e-08,336.8103307366255,36993.98476442184
2026-09-14 18:00:00,3.339233387578133e-07,3.6724916441244204e-08,333.9233387578133,36724.916441244204
2026-09-14 18:01:00,3.3657090625638375e-07,3.632892742189142e-08,336.57090625638375,36328.92742189142
2026-09-14 18:02:00,3.3977633506765414e-07,3.514311330832243e-08,339.77633506765414,35143.11330832243
2026-09-14 18:03:00,3.396287695522915e-07,3.6408593473424844e-08,339.6287695522915,36408.593473424844
2026-09-14 18:04:00,3.373441472831473e-07,3.3751298644801864e-08,337.3441472831473,33751.298644801864
2026-09-14 18:05:00,3.328065076857456e-07,3.430191952702444e-08,332.8065076857456,34301.91952702444
2026-09-14 18:06:00,3.31685129140169e-07,3.232883116766061e-08,331.685129140169,32328.83116766061
2026-09-14 18:07:00,3.281578528913087e-07,3.205584064858158e-08,328.1578528913087,32055.84064858158
2026-09-14 18:08:00,3.2753447953837167e-07,3.2880041800353865e-08,327.53447953837167,32880.041800353865
2026-09-14 18:09:00,3.267828390107752e-07,3.6674329351171764e-08,326.7828390107752,36674.329351171764
2026-09-14 18:10:00,3.281919589426252e-07,3.550374572114379e-08,328.1919589426252,35503.74572114379
2026-09-14 18:11:00,3.254517650930211e-07,3.6404085079766446e-08,325.4517650930211,36404.085079766446
2026-09-14 18:12:00,3.261910990204342e-07,3.654701785649195e-08,326.1910990204342,36547.01785649195
2026-09-14 18:13:00,3.2516877013222256e-07,3.680066384958991e-08,325.16877013222256,36800.66384958991
2026-09-14 18:14:00,3.238604335820128e-07,3.534421111339725e-08,323.8604335820128,35344.21111339725
2026-09-14 18:15:00,3.2503163538422086e-07,3.567693696027163e-08,325.03163538422086,35676.93696027163
2026-09-14 18:16:00,3.239723582737497e-07,3.627559408414527e-08,323.9723582737497,36275.59408414527
2026-09-14 18:17:00,3.2048700404629926e-07,3.400200299097378e-08,320.48700404629926,34002.00299097378
2026-09-14 18:18:00,3.220883684207365e-07,3.219779287633173e-08,322.0883684207365,32197.792876331732
2026-09-14 18:19:00,3.227701199648436e-07,3.4965410122822504e-08,322.7701199648436,34965.410122822504
2026-09-14 18:20:00,3.231783125556831e-07,3.4031280904400774e-08,323.1783125556831,34031.28090440077
2026-09-14 18:21:00,3.2150759921023564e-07,3.295578920869957e-08,321.50759921023564,32955.78920869957
2026-09-14 18:22:00,3.2215618261943746e-07,3.403206605412379e-08,322.15618261943746,34032.06605412379
2026-09-14 18:23:00,3.2231528734882886e-07,3.415859239908059e-08,322.31528734882886,34158.59239908059
2026-09-14 18:24:00,3.230303775580978e-07,3.290814376555318e-08,323.0303775580978,32908.14376555318
2026-09-14 18:25:00,3.2281576523018884e-07,3.3399814469703415e-08,322.81576523018884,33399.814469703415
2026-09-14 18:26:00,3.229955041206267e-07,3.3777244112798144e-08,322.9955041206267,33777.244112798144
2026-09-14 18:27:00,3.2171064390240645e-07,3.341288490332772e-08,321.71064390240645,33412.88490332772
2026-09-14 18:28:00,3.2174702369047736e-07,3.6625902311016034e-08,321.74702369047736,36625.902311016034
2026-09-14 18:29:00,3.187228969636635e-07,3.463209807819112e-08,318.7228969636635,34632.09807819112
2026-09-14 18:30:00,3.2160932050828706e-07,3.4805680115823634e-08,321.60932050828706,34805.680115823634
2026-09-14 18:31:00,3.2053017662292405e-07,3.4015464223102754e-08,320.53017662292405,34015.464223102754
2026-09-14 18:32:00,3.1945123168952705e-07,3.2387195147975945e-08,319.45123168952705,32387.195147975945
2026-09-14 18:33:00,3.171561786530219e-07,3.123340519550766e-08,317.1561786530219,31233.405195507657
2026-09-14 18:34:00,3.177238738771848e-07,3.227667733085582e-08,317.7238738771848,32276.67733085582
2026-09-14 18:35:00,3.1909908670968434e-07,3.0774149450962796e-08,319.09908670968434,30774.149450962796
2026-09-14 18:36:00,3.171336402374436e-07,3.113870405968555e-08,317.1336402374436,31138.70405968555
2026-09-14 18:37:00,3.165197313137469e-07,3.0695659347657056e-08,316.5197313137469,30695.659347657056
2026-09-14 18:38:00,3.132580559395137e-07,3.088564781705827e-08,313.2580559395137,30885.64781705827
2026-09-14 18:39:00,3.120203473372385e-07,2.989041192336117e-08,312.0203473372385,29890.41192336117
2026-09-14 18:40:00,3.1363518360194576e-07,2.973323098842684e-08,313.63518360194576,29733.23098842684
2026-09-14 18:41:00,3.118839799753914e-07,3.050723762498819e-08,311.8839799753914,30507.237624988193
2026-09-14 18:42:00,3.1157767921285995e-07,2.7913991118566628e-08,311.57767921285995,27913.991118566628
2026-09-14 18:43:00,3.121347731394053e-07,2.690195621823932e-08,312.1347731394053,26901.95621823932
2026-09-14 18:44:00,3.1343137152362033e-07,2.731415627010847e-08,313.4313715236203,27314.15627010847
2026-09-14 18:45:00,3.148533664898423e-07,2.6935943253647565e-08,314.8533664898423,26935.943253647565
2026-09-14 18:46:00,3.1562527169626264e-07,2.826351241935754e-08,315.62527169626264,28263.51241935754
2026-09-14 18:47:00,3.1597949146089377e-07,2.91828055054566e-08,315.97949146089377,29182.8055054566
2026-09-14 18:48:00,3.159906611926999e-07,3.036881324192109e-08,315.9906611926999,30368.81324192109
2026-09-14 18:49:00,3.1566145253236755e-07,3.0084517987916115e-08,315.66145253236755,30084.517987916115
2026-09-14 18:50:00,3.1431011393578956e-07,2.9801004330920478e-08,314.31011393578956,29801.004330920478
2026-09-14 18:51:00,3.151532439460425e-07,2.945520805042179e-08,315.1532439460425,29455.20805042179
2026-09-14 18:52:00,3.1449499715563434e-07,3.3172966595884645e-08,314.49499715563434,33172.966595884645
2026-09-14 18:53:00,3.1528091426480387e-07,2.9679377178126742e-08,315.28091426480387,29679.377178126742
2026-09-14 18:54:00,3.1281311407838075e-07,2.808038424007009e-08,312.81311407838075,28080.38424007009
2026-09-14 18:55:00,3.1179212101051235e-07,2.8034897070483566e-08,311.79212101051235,28034.897070483566
2026-09-14 18:56:00,3.123259375570342e-07,2.838245727332378e-08,312.3259375570342,28382.45727332378
2026-09-14 18:57:00,3.132605570499436e-07,2.8891317782608894e-08,313.2605570499436,28891.317782608894
2026-09-14 18:58:00,3.1330333172263636e-07,2.7718183304159538e-08,313.30333172263636,27718.18330415954
2026-09-14 18:59:00,3.1213670581564656e-07,2.857636616226955e-08,312.13670581564656,28576.36616226955
2026-09-14 19:00:00,3.154671333049919e-07,2.8560943832189878e-08,315.4671333049919,28560.943832189878
2026-09-14 19:01:00,3.188538357790094e-07,2.675771249016634e-08,318.8538357790094,26757.71249016634
2026-09-14 19:02:00,3.15978780918158e-07,2.758054229445861e-08,315.978780918158,27580.54229445861
2026-09-14 19:03:00,3.1523265420219104e-07,2.69045656864364e-08,315.23265420219104,26904.5656864364
2026-09-14 19:04:00,3.154821115458617e-07,2.767896489785926e-08,315.4821115458617,27678.96489785926
2026-09-14 19:05:00,3.1593694416187645e-07,2.9118423228169377e-08,315.93694416187645,29118.423228169377
2026-09-14 19:06:00,3.156991965624911e-07,3.025816042168117e-08,315.6991965624911,30258.16042168117
2026-09-14 19:07:00,3.166792907904892e-07,2.6196172342451973e-08,316.6792907904892,26196.172342451973
2026-09-14 19:08:00,3.1876143680165114e-07,3.019999184061817e-08,318.76143680165114,30199.991840618168
2026-09-14 19:09:00,3.198637159584905e-07,2.825441747233981e-08,319.8637159584905,28254.41747233981
2026-09-14 19:10:00,3.179531802288693e-07,2.8189978351633727e-08,317.9531802288693,28189.978351633727
2026-09-14 19:11:00,3.1770389341545524e-07,2.9187173566924685e-08,317.70389341545524,29187.173566924685
2026-09-14 19:12:00,3.1693295454715553e-07,2.8809546748220782e-08,316.93295454715553,28809.546748220782
2026-09-14 19:13:00,3.2027836027737067e-07,2.9035083670692075e-08,320.27836027737067,29035.083670692075
2026-09-14 19:14:00,3.281648446318286e-07,2.7009450676018787e-08,328.1648446318286,27009.450676018787
2026-09-14 19:15:00,3.1762985486238904e-07,2.6788809392996882e-08,317.62985486238904,26788.80939299688
2026-09-14 19:16:00,3.143723290577327e-07,2.9007564350536086e-08,314.3723290577327,29007.564350536086
2026-09-14 19:17:00,3.1300828595703933e-07,2.736249626877907e-08,313.00828595703933,27362.49626877907
2026-09-14 19:18:00,3.1587597959514824e-07,2.996005221689302e-08,315.87597959514824,29960.05221689302
2026-09-14 19:19:00,3.1286583634937415e-07,2.893377093471372e-08,312.86583634937415,28933.77093471372
2026-09-14 19:20:00,3.104192387581861e-07,2.968980972184454e-08,310.4192387581861,29689.80972184454
2026-09-14 19:21:00,3.1030009495225386e-07,2.901578888270251e-08,310.30009495225386,29015.78888270251
2026-09-14 19:22:00,3.094245926149597e-07,3.1451072857180407e-08,309.4245926149597,31451.072857180407
2026-09-14 19:23:00,3.0888057267475233e-07,2.866901027687163e-08,308.88057267475233,28669.01027687163
2026-09-14 19:24:00,3.0855133559271053e-07,2.7688805914749537e-08,308.55133559271053,27688.805914749537
2026-09-14 19:25:00,3.0896146085979126e-07,2.5855118934714483e-08,308.96146085979126,25855.118934714483
2026-09-14 19:26:00,3.0416637741836894e-07,2.35787780411556e-08,304.16637741836894,23578.7780411556
2026-09-14 19:27:00,3.047609880013624e-07,2.7821210224487913e-08,304.7609880013624,27821.210224487913
2026-09-14 19:28:00,3.009313900292909e-07,2.3456559361534346e-08,300.9313900292909,23456.559361534346
2026-09-14 19:29:00,3.04774431469923e-07,2.3742813937133178e-08,304.774431469923,23742.813937133178
2026-09-14 19:30:00,2.9864844464100315e-07,2.2888745121463216e-08,298.64844464100315,22888.745121463216
2026-09-14 19:31:00,3.008571241025493e-07,2.2418181089278733e-08,300.8571241025493,22418.181089278733
2026-09-14 19:32:00,2.977564292905299e-07,2.2467784077662145e-08,297.7564292905299,22467.784077662145
2026-09-14 19:33:00,2.979274995595915e-07,2.412906141557869e-08,297.9274995595915,24129.06141557869
2026-09-14 19:34:00,2.956462594738696e-07,2.4290550015848567e-08,295.6462594738696,24290.550015848567
2026-09-14 19:35:00,2.95260377924933e-07,2.1649849912819263e-08,295.260377924933,21649.849912819263
2026-09-14 19:36:00,2.9566064085884136e-07,2.3423798012345287e-08,295.66064085884136,23423.798012345287
2026-09-14 19:37:00,2.9278535862431454e-07,1.9849556665008095e-08,292.78535862431454,19849.556665008095
2026-09-14 19:38:00,2.9467582862707786e-07,1.9600413736498012e-08,294.67582862707786,19600.413736498012
2026-09-14 19:39:00,2.9233413556539745e-07,1.9093908676381943e-08,292.33413556539745,19093.908676381943
2026-09-14 19:40:00,2.926758781995886e-07,1.993294418412006e-08,292.6758781995886,19932.94418412006
2026-09-14 19:41:00,2.9291700798239617e-07,2.2829830470527668e-08,292.91700798239617,22829.830470527668
2026-09-14 19:42:00,2.9277057933541073e-07,2.1644995129577183e-08,292.77057933541073,21644.995129577183
2026-09-14 19:43:00,2.963317626836215e-07,2.3451940833751905e-08,296.3317626836215,23451.940833751905
2026-09-14 19:44:00,2.971959247588529e-07,2.3531413262389833e-08,297.1959247588529,23531.413262389833
2026-09-14 19:45:00,3.0290365771179495e-07,2.1651645809583897e-08,302.90365771179495,21651.645809583897
2026-09-14 19:46:00,3.0859911248626304e-07,2.525908548989264e-08,308.59911248626304,25259.08548989264
2026-09-14 19:47:00,3.0668024919577874e-07,2.0421316193619532e-08,306.68024919577874,20421.316193619532
2026-09-14 19:48:00,3.0769459158364043e-07,1.99023197922088e-08,307.69459158364043,19902.3197922088
2026-09-14 19:49:00,3.024664749773365e-07,1.930130899552296e-08,302.4664749773365,19301.30899552296
2026-09-14 19:50:00,2.9840100523870206e-07,2.0111450282911392e-08,298.40100523870206,20111.45028291139
2026-09-14 19:51:00,3.0061880806897534e-07,2.0982902526611724e-08,300.61880806897534,20982.902526611724
2026-09-14 19:52:00,2.952565409941599e-07,2.021026190845987e-08,295.2565409941599,20210.26190845987
2026-09-14 19:53:00,2.9312116112123476e-07,1.8661655332152804e-08,293.12116112123476,18661.655332152804
2026-09-14 19:54:00,2.9106513466103934e-07,2.0798001543198552e-08,291.06513466103934,20798.001543198552
2026-09-14 19:55:00,2.8987514610889775e-07,2.2193342275045325e-08,289.87514610889775,22193.342275045325
2026-09-14 19:56:00,2.921039481407206e-07,2.383939090577769e-08,292.1039481407206,23839.39090577769
2026-09-14 19:57:00,2.905597398239479e-07,2.4695026468180004e-08,290.5597398239479,24695.026468180004
2026-09-14 19:58:00,2.899922151300416e-07,2.554987865721614e-08,289.9922151300416,25549.87865721614
2026-09-14 19:59:00,2.8609818514269136e-07,2.2138097577339977e-08,286.09818514269136,22138.097577339977
2026-09-14 20:00:00,2.8613339964067563e-07,2.0652558774258978e-08,286.13339964067563,20652.558774258978
2026-09-14 20:01:00,2.845795279426966e-07,2.1699746000081177e-08,284.5795279426966,21699.746000081177
2026-09-14 20:02:00,2.8688637598861533e-07,2.2948825062485412e-08,286.8863759886153,22948.82506248541
2026-09-14 20:03:00,2.8429766985027527e-07,2.3378598612566748e-08,284.29766985027527,23378.598612566748
2026-09-14 20:04:00,2.861972063783469e-07,2.2383748188303798e-08,286.1972063783469,22383.748188303798
2026-09-14 20:05:00,2.844253117473272e-07,2.14043236468342e-08,284.4253117473272,21404.3236468342
2026-09-14 20:06:00,2.856082801372395e-07,2.4204751980505534e-08,285.6082801372395,24204.751980505534
2026-09-14 20:07:00,2.835994052929891e-07,2.3622487077545884e-08,283.5994052929891,23622.487077545884
2026-09-14 20:08:00,2.842739377229009e-07,2.1222545498744694e-08,284.2739377229009,21222.545498744694
2026-09-14 20:09:00,2.830244909546309e-07,2.130241050224413e-08,283.0244909546309,21302.41050224413
2026-09-14 20:10:00,2.853580269857048e-07,2.0847458870321134e-08,285.3580269857048,20847.458870321134
2026-09-14 20:11:00,2.820635245370795e-07,2.1655642612472548e-08,282.0635245370795,21655.642612472548
2026-09-14 20:12:00,2.8199701773701236e-07,2.0676804268759952e-08,281.99701773701236,20676.80426875995
2026-09-14 20:13:00,2.824538967161061e-07,2.03786463259803e-08,282.4538967161061,20378.6463259803
2026-09-14 20:14:00,2.816840662944742e-07,1.85945552289013e-08,281.6840662944742,18594.5552289013
2026-09-14 20:15:00,2.7927606538469263e-07,2.0430787728287214e-08,279.27606538469263,20430.787728287214
2026-09-14 20:16:00,2.7998243012916646e-07,2.030601642388774e-08,279.98243012916646,20306.01642388774
2026-09-14 20:17:00,2.7963122306573496e-07,2.0006684309237244e-08,279.63122306573496,20006.684309237244
2026-09-14 20:18:00,2.7861040052812314e-07,1.9059870126625356e-08,278.61040052812314,19059.870126625356
2026-09-14 20:19:00,2.8022714104736224e-07,1.7338846802772423e-08,280.22714104736224,17338.846802772423
2026-09-14 20:20:00,2.803765823955473e-07,1.821049089301141e-08,280.3765823955473,18210.49089301141
2026-09-14 20:21:00,2.7911556799153914e-07,1.8495768472348573e-08,279.11556799153914,18495.768472348573
2026-09-14 20:22:00,2.768661317986698e-07,1.693095086352514e-08,276.8661317986698,16930.95086352514
2026-09-14 20:23:00,2.7610747110884404e-07,1.7851217393172192e-08,276.10747110884404,17851.21739317219
2026-09-14 20:24:00,2.760788220257382e-07,1.877421773599508e-08,276.0788220257382,18774.21773599508
2026-09-14 20:25:00,2.7625955567600613e-07,2.10031174674441e-08,276.25955567600613,21003.1174674441
2026-09-14 20:26:00,2.7667266522257705e-07,1.6689421400428728e-08,276.67266522257705,16689.421400428728
2026-09-14 20:27:00,2.76308213642551e-07,1.610344568803157e-08,276.308213642551,16103.44568803157
2026-09-14 20:28:00,2.7583368478190096e-07,1.607474331422054e-08,275.83368478190096,16074.743314220541
2026-09-14 20:29:00,2.765845579233428e-07,1.6154604765006297e-08,276.5845579233428,16154.604765006297
2026-09-14 20:30:00,2.7626060727925505e-07,1.2728369469527934e-08,276.26060727925505,12728.369469527934
2026-09-14 20:31:00,2.7495411814015824e-07,1.4626889033308998e-08,274.95411814015824,14626.889033308998
2026-09-14 20:32:00,2.7918457590203616e-07,1.352230061257842e-08,279.18457590203616,13522.30061257842
2026-09-14 20:33:00,2.765371505120129e-07,1.3934301712481556e-08,276.5371505120129,13934.301712481556
2026-09-14 20:34:00,2.773800815702998e-07,1.744743194365128e-08,277.3800815702998,17447.43194365128
2026-09-14 20:35:00,2.755651564712025e-07,1.5616473447721546e-08,275.5651564712025,15616.473447721546
2026-09-14 20:36:00,2.7691842774402176e-07,1.7198866331114004e-08,276.91842774402176,17198.866331114004
2026-09-14 20:37:00,2.761828739039629e-07,1.7360347825956524e-08,276.1828739039629,17360.347825956524
2026-09-14 20:38:00,2.7646814260151586e-07,1.815232586466209e-08,276.46814260151586,18152.32586466209
2026-09-14 20:39:00,2.763338216027478e-07,1.7316217792995303e-08,276.3338216027478,17316.217792995303
2026-09-14 20:40:00,2.754023853412946e-07,1.6889767806560485e-08,275.4023853412946,16889.767806560485
2026-09-14 20:41:00,2.7398564839131723e-07,1.599235055493864e-08,273.9856483913172,15992.35055493864
2026-09-14 20:42:00,2.7444252737041097e-07,1.659570436629565e-08,274.44252737041097,16595.70436629565
2026-09-14 20:43:00,2.7502255761646666e-07,1.77823054059445e-08,275.02255761646666,17782.3054059445
2026-09-14 20:44:00,2.7292347226648417e-07,1.7469693247562645e-08,272.92347226648417,17469.693247562645
2026-09-14 20:45:00,2.7243493150308495e-07,1.753315537200706e-08,272.43493150308495,17533.15537200706
2026-09-14 20:46:00,2.7561921456253913e-07,1.5858597990359158e-08,275.6192145625391,15858.597990359158
2026-09-14 20:47:00,2.736643125444971e-07,1.630144907949216e-08,273.6643125444971,16301.449079492158
2026-09-14 20:48:00,2.73962456276422e-07,1.4184823982077432e-08,273.962456276422,14184.823982077432
2026-09-14 20:49:00,2.722816532241268e-07,1.4407617321410271e-08,272.2816532241268,14407.617321410271
2026-09-14 20:50:00,2.6989656021214614e-07,1.4630800571069358e-08,269.89656021214614,14630.800571069358
2026-09-14 20:51:00,2.7007970970771566e-07,1.3351061589617075e-08,270.07970970771566,13351.061589617075
2026-09-14 20:52:00,2.6915967055174406e-07,1.2940428284480276e-08,269.15967055174406,12940.428284480276
2026-09-14 20:53:00,2.693210490178899e-07,1.2847873875898586e-08,269.3210490178899,12847.873875898586
2026-09-14 20:54:00,2.697523768802057e-07,1.2942184213216024e-08,269.7523768802057,12942.184213216024
2026-09-14 20:55:00,2.6993629376192985e-07,1.2074444555310038e-08,269.93629376192985,12074.444555310038
2026-09-14 20:56:00,2.6909748385151033e-07,1.3911457763526869e-08,269.09748385151033,13911.457763526869
2026-09-14 20:57:00,2.7063504148827633e-07,1.3408659960134628e-08,270.63504148827633,13408.659960134628
2026-09-14 20:58:00,2.7273790692561306e-07,1.3187428926642042e-08,272.73790692561306,13187.428926642042
2026-09-14 20:59:00,2.74556043677876e-07,1.3329384707105874e-08,274.556043677876,13329.384707105874
2026-09-14 21:00:00,2.7255924806013354e-07,1.19570913170719e-08,272.55924806013354,11957.0913170719
2026-09-14 21:01:00,2.7318321826896863e-07,1.2430402485108516e-08,273.18321826896863,12430.402485108516
2026-09-14 21:02:00,2.7182085204913164e-07,1.1229938756684987e-08,271.82085204913164,11229.938756684987
2026-09-14 21:03:00,2.6929728846880607e-07,1.0280581719257498e-08,269.2972884688061,10280.581719257498
2026-09-14 21:04:00,2.7086969112133374e-07,1.0727533528154254e-08,270.86969112133374,10727.533528154254
2026-09-14 21:05:00,2.677660972949525e-07,1.3889976280268002e-08,267.7660972949525,13889.976280268002
2026-09-14 21:06:00,2.6821010123967426e-07,1.0173968334470374e-08,268.21010123967426,10173.968334470374
2026-09-14 21:07:00,2.691885185868159e-07,9.621381025226583e-09,269.1885185868159,9621.381025226583
2026-09-14 21:08:00,2.6534877406447777e-07,9.607517448273484e-09,265.34877406447777,9607.517448273484
2026-09-14 21:09:00,2.6536164909884974e-07,9.134594414206276e-09,265.36164909884974,9134.594414206276
2026-09-14 21:10:00,2.643379843902949e-07,9.08636454965972e-09,264.3379843902949,9086.36454965972
2026-09-14 21:11:00,2.642284471221501e-07,8.94831231335047e-09,264.2284471221501,8948.31231335047
2026-09-14 21:12:00,2.6265959718330123e-07,8.963739972500662e-09,262.65959718330123,8963.739972500662
2026-09-14 21:13:00,2.628876814014802e-07,8.142080787365558e-09,262.8876814014802,8142.080787365558
2026-09-14 21:14:00,2.6269745490026253e-07,6.263083385249502e-09,262.6974549002625,6263.083385249502
2026-09-14 21:15:00,2.6118507889805187e-07,6.831683219132856e-09,261.18507889805187,6831.683219132856
2026-09-14 21:16:00,2.6094545546584413e-07,7.716411509761656e-09,260.94545546584413,7716.411509761656
2026-09-14 21:17:00,2.626658215376665e-07,7.2778512105742266e-09,262.6658215376665,7277.851210574227
2026-09-14 21:18:00,2.6130285846193146e-07,4.700797973100634e-09,261.30285846193146,4700.797973100634
2026-09-14 21:19:00,2.609393447983166e-07,6.17189277463126e-09,260.9393447983166,6171.89277463126
2026-09-14 21:20:00,2.606691964501806e-07,5.984830853122958e-09,260.6691964501806,5984.830853122958
2026-09-14 21:21:00,2.5871221964735014e-07,5.365854871541842e-09,258.71221964735014,5365.854871541842
2026-09-14 21:22:00,2.6112383011422935e-07,6.759820703194919e-09,261.12383011422935,6759.820703194919
2026-09-14 21:23:00,2.574547579570208e-07,8.248680849476386e-09,257.4547579570208,8248.680849476386
2026-09-14 21:24:00,2.5873944764498447e-07,6.161342991362062e-09,258.73944764498447,6161.342991362062
2026-09-14 21:25:00,2.931283233920112e-07,2.8897540360617313e-08,293.1283233920112,28897.540360617313
2026-09-14 21:26:00,2.5860362029561657e-07,8.249657845738056e-09,258.60362029561657,8249.657845738056
2026-09-14 21:27:00,2.5782182433431444e-07,7.398123003099499e-09,257.82182433431444,7398.123003099499
2026-09-14 21:28:00,2.580050022515934e-07,5.8020597215602265e-09,258.0050022515934,5802.0597215602265
2026-09-14 21:29:00,2.584361311619432e-07,7.0349370773215014e-09,258.4361311619432,7034.937077321501
2026-09-14 21:30:00,2.5910915724125516e-07,6.120137729936914e-09,259.10915724125516,6120.137729936914
2026-09-14 21:31:00,2.5873427489386813e-07,6.104516891980438e-09,258.73427489386813,6104.516891980438
2026-09-14 21:32:00,2.5845255890999397e-07,6.154501352995112e-09,258.45255890999397,6154.501352995112
2026-09-14 21:33:00,2.6103279537892377e-07,6.629179427619647e-09,261.03279537892377,6629.179427619647
2026-09-14 21:34:00,2.595463115540042e-07,7.659763490153182e-09,259.5463115540042,7659.763490153182
2026-09-14 21:35:00,2.6045481149594707e-07,7.943674162902425e-09,260.45481149594707,7943.674162902425
2026-09-14 21:36:00,2.604553799301357e-07,8.292214026539568e-09,260.4553799301357,8292.214026539568
2026-09-14 21:37:00,2.5926348712346226e-07,8.625912428783522e-09,259.26348712346226,8625.912428783522
2026-09-14 21:38:00,2.584356479928829e-07,6.7141114890034714e-09,258.4356479928829,6714.111489003471
2026-09-14 21:39:00,2.616426684198814e-07,7.143095448469694e-09,261.6426684198814,7143.095448469694
2026-09-14 21:40:00,2.587906067219592e-07,6.47959819133348e-09,258.7906067219592,6479.59819133348
2026-09-14 21:41:00,2.59667473301306e-07,3.871690967827135e-09,259.667473301306,3871.690967827135
2026-09-14 21:42:00,2.579620286269346e-07,4.899155303661473e-09,257.9620286269346,4899.155303661473
2026-09-14 21:43:00,2.5832875394371513e-07,4.15891543426028e-09,258.3287539437151,4158.91543426028
2026-09-14 21:44:00,2.5610009402043943e-07,5.78700287690026e-09,256.1000940204394,5787.00287690026
2026-09-14 21:45:00,2.5757989874364284e-07,7.877070551387533e-09,257.57989874364284,7877.070551387533
2026-09-14 21:46:00,2.580351008418802e-07,7.972552396040555e-09,258.0351008418802,7972.552396040555
2026-09-14 21:47:00,2.572425046309945e-07,6.394057283642951e-09,257.2425046309945,6394.057283642951
2026-09-14 21:48:00,2.574934967469744e-07,7.2965522512902226e-09,257.4934967469744,7296.552251290223
2026-09-14 21:49:00,2.585844072200416e-07,8.3560376396008e-09,258.5844072200416,8356.0376396008
2026-09-14 21:50:00,2.569052810486028e-07,7.710695193452466e-09,256.9052810486028,7710.695193452466
2026-09-14 21:51:00,2.568134220837237e-07,7.456661954563515e-09,256.8134220837237,7456.661954563515
2026-09-14 21:52:00,2.557129903379973e-07,8.265428341758252e-09,255.71299033799733,8265.428341758252
2026-09-14 21:53:00,2.573754045442911e-07,6.418059861346137e-09,257.3754045442911,6418.059861346137
2026-09-14 21:54:00,2.557731875185709e-07,8.949032626048847e-09,255.77318751857092,8949.032626048847
2026-09-14 21:55:00,2.558072935698874e-07,7.130176449265946e-09,255.8072935698874,7130.176449265946
2026-09-14 21:56:00,2.5342311005260854e-07,7.559941117563085e-09,253.42311005260854,7559.941117563085
2026-09-14 21:57:00,2.5649225676716014e-07,7.417985781188463e-09,256.49225676716014,7417.985781188463
2026-09-14 21:58:00,2.560599625667237e-07,7.654836764459105e-09,256.0599625667237,7654.836764459105
2026-09-14 21:59:00,2.5641588763392065e-07,7.3105854703214845e-09,256.41588763392065,7310.5854703214845
2026-09-14 22:00:00,2.538824332987133e-07,5.3821875845017075e-09,253.8824332987133,5382.1875845017075
2026-09-14 22:01:00,2.5403036829629855e-07,3.5160769851216855e-09,254.03036829629855,3516.0769851216855
2026-09-14 22:02:00,2.526806497371581e-07,3.5980809443003636e-09,252.6806497371581,3598.0809443003636
2026-09-14 22:03:00,2.535012413318327e-07,3.378992863289909e-09,253.50124133183272,3378.992863289909
2026-09-14 22:04:00,2.516594008739048e-07,4.801859354586213e-09,251.65940087390481,4801.859354586213
2026-09-14 22:05:00,2.5146900384243054e-07,4.0930565603503055e-09,251.46900384243054,4093.0565603503055
2026-09-14 22:06:00,2.51832688036302e-07,6.576189370832708e-09,251.832688036302,6576.189370832708
2026-09-14 22:07:00,2.5157333993774955e-07,6.1829306119420835e-09,251.57333993774955,6182.9306119420835
2026-09-14 22:08:00,2.5215544496859366e-07,6.106382510751018e-09,252.15544496859366,6106.382510751018
2026-09-14 22:09:00,2.519159920666425e-07,8.905061577024753e-09,251.9159920666425,8905.061577024753
2026-09-14 22:10:00,2.5087240373977693e-07,8.81230644012021e-09,250.87240373977693,8812.30644012021
2026-09-14 22:11:00,2.5210027843058924e-07,1.0251967275110019e-08,252.10027843058924,10251.967275110019
2026-09-14 22:12:00,2.514878474357829e-07,9.098752862257697e-09,251.4878474357829,9098.752862257697
2026-09-14 22:13:00,2.5101272171923483e-07,8.436813914158847e-09,251.01272171923483,8436.813914158847
2026-09-14 22:14:00,2.518215751479147e-07,8.438763465790089e-09,251.8215751479147,8438.763465790089
2026-09-14 22:15:00,2.5078858811866667e-07,8.930429729048228e-09,250.78858811866667,8930.429729048228
2026-09-14 22:16:00,2.5051542706933105e-07,8.45555447881452e-09,250.51542706933105,8455.55447881452
2026-09-14 22:17:00,2.517466839435656e-07,9.455868976715465e-09,251.74668394356559,9455.868976715465
2026-09-14 22:18:00,2.506671137325611e-07,8.080060176496318e-09,250.66711373256112,8080.060176496318
2026-09-14 22:19:00,2.494168711564271e-07,8.554544628225358e-09,249.41687115642708,8554.544628225358
2026-09-14 22:20:00,2.5166008299493114e-07,9.871572004271911e-09,251.66008299493114,9871.572004271911
2026-09-14 22:21:00,2.515577932626911e-07,8.82770656573939e-09,251.55779326269112,8827.70656573939
2026-09-14 22:22:00,2.5294386318819306e-07,9.285789914770248e-09,252.94386318819306,9285.789914770248
2026-09-14 22:23:00,2.5292487748629355e-07,8.451430666411852e-09,252.92487748629355,8451.430666411852
2026-09-14 22:24:00,2.5352744614792755e-07,8.910293836095207e-09,253.52744614792755,8910.293836095207
2026-09-14 22:25:00,2.5467764430686657e-07,9.434563352783698e-09,254.67764430686657,9434.563352783698
2026-09-14 22:26:00,2.53359218049809e-07,8.564675191280458e-09,253.359218049809,8564.675191280458
2026-09-14 22:27:00,2.5419060989406717e-07,9.610293005835047e-09,254.19060989406717,9610.293005835047
2026-09-14 22:28:00,2.514313166557258e-07,9.454859117852266e-09,251.43131665572582,9454.859117852266
2026-09-14 22:29:00,2.516588040180068e-07,9.58158175023982e-09,251.65880401800678,9581.58175023982
2026-09-14 22:30:00,2.50501557275129e-07,9.219952801231557e-09,250.50155727512902,9219.952801231557
2026-09-14 22:31:00,2.495693536275212e-07,9.978933235288423e-09,249.5693536275212,9978.933235288423
2026-09-14 22:32:00,2.4936795739449735e-07,6.9613590447659135e-09,249.36795739449735,6961.3590447659135
2026-09-14 22:33:00,2.484471224306617e-07,9.950416490767111e-09,248.4471224306617,9950.416490767111
2026-09-14 22:34:00,2.483129719621502e-07,1.0016019125203002e-08,248.3129719621502,10016.019125203002
2026-09-14 22:35:00,2.49794851470142e-07,1.084293810293957e-08,249.79485147014202,10842.93810293957
2026-09-14 22:36:00,2.5146303528345015e-07,8.768296311245649e-09,251.46303528345015,8768.29631124565
2026-09-14 22:37:00,2.507821932340448e-07,8.342428081675735e-09,250.78219323404483,8342.428081675735
2026-09-14 22:38:00,2.5059253516701574e-07,9.152753221997045e-09,250.59253516701574,9152.753221997045
2026-09-14 22:39:00,2.511157219942106e-07,7.350101860481573e-09,251.11572199421062,7350.101860481573
2026-09-14 22:40:00,2.516506754091097e-07,1.1557975909681772e-08,251.65067540910968,11557.975909681772
2026-09-14 22:41:00,2.5097020284192695e-07,8.807525375686964e-09,250.97020284192695,8807.525375686964
2026-09-14 22:42:00,2.5048390739357274e-07,9.03148311692803e-09,250.48390739357274,9031.48311692803
2026-09-14 22:43:00,2.491775887847325e-07,8.241453741675286e-09,249.1775887847325,8241.453741675286
2026-09-14 22:44:00,2.4914535856623843e-07,7.974526816667549e-09,249.14535856623843,7974.526816667549
2026-09-14 22:45:00,2.4944199594756356e-07,7.1690720027106636e-09,249.44199594756356,7169.072002710664
2026-09-14 22:46:00,2.5004530357364274e-07,8.182280630819605e-09,250.04530357364274,8182.280630819605
2026-09-14 22:47:00,2.501724054582155e-07,7.868099061170142e-09,250.1724054582155,7868.099061170142
2026-09-14 22:48:00,2.497306184068293e-07,7.110480648719886e-09,249.7306184068293,7110.480648719886
2026-09-14 22:49:00,2.4969691025944485e-07,8.012391639056204e-09,249.69691025944485,8012.391639056204
2026-09-14 22:50:00,2.498455842214753e-07,7.728673701024036e-09,249.8455842214753,7728.673701024036
2026-09-14 22:51:00,2.500990206044662e-07,7.289326475756752e-09,250.0990206044662,7289.326475756752
2026-09-14 22:52:00,2.482599654740625e-07,7.623801145939524e-09,248.25996547406248,7623.801145939524
2026-09-14 22:53:00,2.5075135567931284e-07,8.859797340221576e-09,250.75135567931284,8859.797340221576
2026-09-14 22:54:00,2.4964847966657544e-07,7.309425065216146e-09,249.64847966657544,7309.425065216146
2026-09-14 22:55:00,2.522511124425364e-07,8.653603167374513e-09,252.2511124425364,8653.603167374513
2026-09-14 22:56:00,2.514011043786013e-07,7.944406910098678e-09,251.4011043786013,7944.406910098678
2026-09-14 22:57:00,2.495493731657916e-07,6.933146057264139e-09,249.54937316579162,6933.146057264139
2026-09-14 22:58:00,2.5075584630940284e-07,7.108874822137068e-09,250.75584630940284,7108.874822137068
2026-09-14 22:59:00,2.498592550637113e-07,9.166337022747939e-09,249.85925506371132,9166.337022747939
2026-09-14 23:00:00,2.5120453983618063e-07,1.0499175751021994e-08,251.20453983618063,10499.175751021994
2026-09-14 23:01:00,2.495676767466648e-07,9.9612318393838e-09,249.5676767466648,9961.2318393838
2026-09-14 23:02:00,2.5018255200848216e-07,9.677708412425545e-09,250.18255200848216,9677.708412425545
2026-09-14 23:03:00,2.512634296181204e-07,8.74572236853055e-09,251.26342961812043,8745.72236853055
2026-09-14 23:04:00,2.5053731178559246e-07,6.83332990192298e-09,250.53731178559246,6833.32990192298
2026-09-14 23:05:00,2.5165249439851323e-07,8.084167113509011e-09,251.65249439851323,8084.167113509011
2026-09-14 23:06:00,2.5153994442916883e-07,7.689932246535136e-09,251.53994442916883,7689.932246535136
2026-09-14 23:07:00,2.494845716682903e-07,6.3316885068331885e-09,249.4845716682903,6331.6885068331885
2026-09-14 23:08:00,2.488602035555232e-07,7.313068817182966e-09,248.86020355552319,7313.068817182966
2026-09-14 23:09:00,2.5121408953054924e-07,9.322888239182703e-09,251.21408953054924,9322.888239182703
2026-09-14 23:10:00,2.5055598484868824e-07,8.454167144122948e-09,250.55598484868824,8454.167144122948
2026-09-14 23:11:00,2.5143208404188044e-07,8.21789836180642e-09,251.43208404188044,8217.89836180642
2026-09-14 23:12:00,2.5094672650993743e-07,9.075473705877357e-09,250.94672650993743,9075.473705877357
2026-09-14 23:13:00,2.513449146590574e-07,8.585561594998126e-09,251.3449146590574,8585.561594998126
2026-09-14 23:14:00,2.52506112019546e-07,8.777301552242989e-09,252.50611201954598,8777.301552242989
2026-09-14 23:15:00,2.5140471393569896e-07,7.766233878214734e-09,251.40471393569896,7766.233878214734
2026-09-14 23:16:00,2.5161250505334465e-07,8.734326151227378e-09,251.61250505334465,8734.326151227378
2026-09-14 23:17:00,2.5089306632253283e-07,8.8257232633282e-09,250.89306632253283,8825.7232633282
2026-09-14 23:18:00,2.5182939111800806e-07,9.33631394417489e-09,251.82939111800806,9336.31394417489
2026-09-14 23:19:00,2.517634243304201e-07,9.101404963018922e-09,251.7634243304201,9101.404963018922
2026-09-14 23:20:00,2.5111521040344087e-07,1.0477022804877834e-08,251.11521040344087,10477.022804877834
2026-09-14 23:21:00,2.5221882538062346e-07,5.069062058993268e-09,252.21882538062346,5069.062058993268
2026-09-14 23:22:00,2.5142620074802835e-07,4.676770082312487e-09,251.42620074802835,4676.770082312487
2026-09-14 23:23:00,2.521312580938684e-07,4.692975785758335e-09,252.13125809386838,4692.975785758335
2026-09-14 23:24:00,2.536095848881814e-07,4.456510716011053e-09,253.60958488818142,4456.510716011053
2026-09-14 23:25:00,2.529863252220821e-07,3.683463090098371e-09,252.9863252220821,3683.463090098371
2026-09-14 23:26:00,2.531573954911437e-07,3.636599021916709e-09,253.1573954911437,3636.599021916709
2026-09-14 23:27:00,2.534184204705525e-07,6.419853981753931e-09,253.41842047055252,6419.853981753931
2026-09-14 23:28:00,2.5352593979732774e-07,6.0140794566621025e-09,253.52593979732774,6014.0794566621025
2026-09-14 23:29:00,2.5512687784612353e-07,6.1388587546673534e-09,255.12687784612353,6138.858754667353
2026-09-14 23:30:00,2.5595866759431374e-07,5.745594222617001e-09,255.95866759431374,5745.594222617001
2026-09-14 23:31:00,2.56151309940833e-07,7.468972107460559e-09,256.151309940833,7468.972107460559
2026-09-14 23:32:00,2.573708286490728e-07,8.453074684666717e-09,257.3708286490728,8453.074684666717
2026-09-14 23:33:00,2.572899688857433e-07,9.100176612264477e-09,257.2899688857433,9100.176612264477
2026-09-14 23:34:00,2.587241567653109e-07,9.703329695298635e-09,258.7241567653109,9703.329695298635
2026-09-14 23:35:00,2.5865782049550035e-07,9.768538866694598e-09,258.65782049550035,9768.538866694598
2026-09-14 23:36:00,2.6337846747992444e-07,7.162759274592645e-09,263.37846747992444,7162.759274592645
2026-09-14 23:37:00,2.664124281182012e-07,6.766577520522787e-09,266.4124281182012,6766.577520522787
2026-09-14 23:38:00,2.695287832921167e-07,6.357496751263625e-09,269.5287832921167,6357.496751263625
2026-09-14 23:39:00,2.692790985747706e-07,7.069612895094224e-09,269.2790985747706,7069.612895094224
2026-09-14 23:40:00,2.7055418172494683e-07,1.0092638724756853e-08,270.55418172494683,10092.638724756853
2026-09-14 23:41:00,2.7151023118676676e-07,1.0220529311766313e-08,271.51023118676676,10220.529311766313
2026-09-14 23:42:00,2.722719329995016e-07,9.271753143025308e-09,272.2719329995016,9271.753143025308
2026-09-14 23:43:00,2.726943648667657e-07,8.79921380203541e-09,272.6943648667657,8799.21380203541
2026-09-14 23:44:00,2.715251525842177e-07,1.0619627843766466e-08,271.5251525842177,10619.627843766466
2026-09-14 23:45:00,2.719114036153769e-07,9.306691417521051e-09,271.9114036153769,9306.691417521051
2026-09-14 23:46:00,2.716973312999471e-07,9.972914938316535e-09,271.6973312999471,9972.914938316535
2026-09-14 23:47:00,2.71673087581803e-07,1.020860107558974e-08,271.673087581803,10208.60107558974
2026-09-14 23:48:00,2.72891895747307e-07,9.926633737222801e-09,272.891895747307,9926.6337372228
2026-09-14 23:49:00,2.745997846886894e-07,9.62923785152725e-09,274.5997846886894,9629.23785152725
2026-09-14 23:50:00,2.728842503074702e-07,9.139713874617428e-09,272.8842503074702,9139.713874617428
2026-09-14 23:51:00,2.730901655922935e-07,6.895179538446428e-09,273.0901655922935,6895.179538446428
2026-09-14 23:52:00,2.733638666541083e-07,7.52879802945472e-09,273.3638666541083,7528.79802945472
2026-09-14 23:53:00,2.702965389289602e-07,7.134949520093414e-09,270.2965389289602,7134.949520093414
2026-09-14 23:54:00,2.7034144522986026e-07,7.292527914870561e-09,270.34144522986026,7292.527914870561
2026-09-14 23:55:00,2.6921958351522335e-07,7.78632891496045e-09,269.21958351522335,7786.32891496045
2026-09-14 23:56:00,2.6871870772993134e-07,9.082476992716693e-09,268.71870772993134,9082.476992716693
2026-09-14 23:57:00,2.6910515771305654e-07,7.753919284425592e-09,269.10515771305654,7753.919284425592
2026-09-14 23:58:00,2.696425553949666e-07,9.054149430198777e-09,269.6425553949666,9054.149430198777
2026-09-14 23:59:00,2.695635430427501e-07,8.01086663670958e-09,269.5635430427501,8010.866636709579
2026-09-15 00:00:00,2.7184813689018483e-07,8.9914689027637e-09,271.84813689018483,8991.4689027637
2026-09-15 00:01:00,2.6969175337399065e-07,1.0291698160358465e-08,269.69175337399065,10291.698160358465
2026-09-15 00:02:00,2.695432499422168e-07,9.500112696514407e-09,269.5432499422168,9500.112696514407
2026-09-15 00:03:00,2.695902026061958e-07,9.675644285778162e-09,269.5902026061958,9675.644285778162
2026-09-15 00:04:00,2.682263016140496e-07,1.1004202882247682e-08,268.2263016140496,11004.202882247682
2026-09-15 00:05:00,2.6759164484246867e-07,1.1306654279508166e-08,267.59164484246867,11306.654279508166
2026-09-15 00:06:00,2.670362277967797e-07,9.394451438993201e-09,267.0362277967797,9394.451438993201
2026-09-15 00:07:00,2.645595316153049e-07,7.687471104134147e-09,264.5595316153049,7687.471104134147
2026-09-15 00:08:00,2.661848839125014e-07,7.956345804416287e-09,266.1848839125014,7956.345804416287
2026-09-15 00:09:00,2.655482091995509e-07,7.956150405163953e-09,265.5482091995509,7956.150405163953
2026-09-15 00:10:00,2.6671966679714387e-07,6.78653133689977e-09,266.7196667971439,6786.53133689977
2026-09-15 00:11:00,2.6473264824744547e-07,7.769271448410109e-09,264.73264824744547,7769.271448410109
2026-09-15 00:12:00,2.6422006271786813e-07,8.859421640750043e-09,264.22006271786813,8859.421640750043
2026-09-15 00:13:00,2.642198637659021e-07,9.049021088003428e-09,264.2198637659021,9049.021088003428
2026-09-15 00:14:00,2.6457240664967685e-07,9.444620197029963e-09,264.57240664967685,9444.620197029963
2026-09-15 00:15:00,2.6399365538054553e-07,8.496620296227775e-09,263.99365538054553,8496.620296227775
2026-09-15 00:16:00,2.644499943471601e-07,8.893773717488784e-09,264.4499943471601,8893.773717488784
2026-09-15 00:17:00,2.6597359692459577e-07,7.4234520752725075e-09,265.97359692459577,7423.4520752725075
2026-09-15 00:18:00,2.6142643605453486e-07,8.03950594985281e-09,261.42643605453486,8039.50594985281
2026-09-15 00:19:00,2.598578987544897e-07,8.78286599004241e-09,259.8578987544897,8782.86599004241
2026-09-15 00:20:00,2.617223344714148e-07,7.486328890138338e-09,261.7223344714148,7486.3288901383385
2026-09-15 00:21:00,2.6068801162182353e-07,7.423063497213889e-09,260.68801162182353,7423.063497213889
2026-09-15 00:22:00,2.6145158926738077e-07,8.374170690217397e-09,261.45158926738077,8374.170690217397
2026-09-15 00:23:00,2.598605135517573e-07,7.520291944729252e-09,259.8605135517573,7520.291944729252
2026-09-15 00:24:00,2.6023559485111036e-07,6.919276707151312e-09,260.23559485111036,6919.276707151312
2026-09-15 00:25:00,2.603380835353164e-07,5.986316775619116e-09,260.3380835353164,5986.316775619116
2026-09-15 00:26:00,2.623843613491772e-07,5.796910507172015e-09,262.3843613491772,5796.910507172015
2026-09-15 00:27:00,2.613252547689626e-07,3.2483711276398708e-09,261.3252547689626,3248.371127639871
2026-09-15 00:28:00,2.62986389998332e-07,4.009295118123646e-09,262.986389998332,4009.295118123646
2026-09-15 00:29:00,2.6726078772298933e-07,6.572291599837854e-09,267.26078772298933,6572.291599837854
2026-09-15 00:30:00,2.85344043504665e-07,8.42258973676735e-09,285.344043504665,8422.58973676735
2026-09-15 00:31:00,2.9627730668835284e-07,7.124692835702717e-09,296.27730668835284,7124.692835702717
2026-09-15 00:32:00,2.9108579724379524e-07,7.681172142781634e-09,291.08579724379524,7681.172142781634
2026-09-15 00:33:00,2.8785709105250135e-07,6.763056781267096e-09,287.85709105250135,6763.056781267096
2026-09-15 00:34:00,2.8577576927091286e-07,8.817800711824475e-09,285.77576927091286,8817.800711824475
2026-09-15 00:35:00,2.879618250517524e-07,9.043111148798744e-09,287.9618250517524,9043.111148798744
2026-09-15 00:36:00,2.916882237968821e-07,1.0496449931451934e-08,291.6882237968821,10496.449931451934
2026-09-15 00:37:00,2.9570006176982133e-07,9.910864129381025e-09,295.70006176982133,9910.864129381025
2026-09-15 00:38:00,2.982792466355022e-07,1.0020606566740753e-08,298.2792466355022,10020.606566740753
2026-09-15 00:39:00,3.025657520083769e-07,1.0718070875270769e-08,302.5657520083769,10718.070875270769
2026-09-15 00:40:00,3.0659106187158613e-07,8.015253349924478e-09,306.59106187158613,8015.253349924478
2026-09-15 00:41:00,3.147047493712307e-07,1.0702255082151169e-08,314.7047493712307,10702.255082151169
2026-09-15 00:42:00,3.2463796628690034e-07,1.1397389698686311e-08,324.63796628690034,11397.389698686311
2026-09-15 00:43:00,3.3645889629951853e-07,1.2520532166604426e-08,336.4588962995185,12520.532166604426
2026-09-15 00:44:00,3.46768899817107e-07,1.3549554367386918e-08,346.768899817107,13549.554367386918
2026-09-15 00:45:00,3.550773044480593e-07,1.2220802148021903e-08,355.0773044480593,12220.802148021903
2026-09-15 00:46:00,3.631265883541346e-07,1.2064776733211602e-08,363.1265883541346,12064.776733211602
2026-09-15 00:47:00,3.72557991568101e-07,1.3438258505971135e-08,372.557991568101,13438.258505971135
2026-09-15 00:48:00,3.790133860093192e-07,1.3200433635063291e-08,379.0133860093192,13200.433635063291
2026-09-15 00:49:00,3.8663017676299205e-07,1.2869847410001967e-08,386.63017676299205,12869.847410001967
2026-09-15 00:50:00,3.903469121269154e-07,1.2426994544512127e-08,390.3469121269154,12426.994544512127
2026-09-15 00:51:00,3.911559645075613e-07,1.3789321684498645e-08,391.1559645075613,13789.321684498645
2026-09-15 00:52:00,3.9133746554398385e-07,1.4927698188671457e-08,391.33746554398385,14927.698188671457
2026-09-15 00:53:00,3.8973465166236565e-07,1.3424966915920322e-08,389.73465166236565,13424.966915920322
2026-09-15 00:54:00,3.874504272971535e-07,1.0942216022158391e-08,387.4504272971535,10942.21602215839
2026-09-15 00:55:00,3.8739437968615675e-07,1.0579221054740628e-08,387.39437968615675,10579.221054740628
2026-09-15 00:56:00,3.8506223631884495e-07,9.40668787308141e-09,385.06223631884495,9406.68787308141
2026-09-15 00:57:00,3.8383640799111163e-07,8.09569389303988e-09,383.8364079911116,8095.693893039879
2026-09-15 00:58:00,3.810156954386912e-07,5.151943316406005e-09,381.0156954386912,5151.943316406005
2026-09-15 00:59:00,3.794837653003924e-07,3.984070406914952e-09,379.4837653003924,3984.0704069149524
2026-09-15 01:00:00,3.7793699902977096e-07,5.02696773097e-09,377.93699902977096,5026.96773097
2026-09-15 01:01:00,3.735040365882014e-07,4.852795498777596e-09,373.5040365882014,4852.795498777596
2026-09-15 01:02:00,3.723219776929909e-07,4.346677240363306e-09,372.3219776929909,4346.677240363306
2026-09-15 01:03:00,3.725155579559214e-07,6.023580745306845e-09,372.5155579559214,6023.580745306845
2026-09-15 01:04:00,3.726860597907944e-07,9.123550803735725e-09,372.6860597907944,9123.550803735725
2026-09-15 01:05:00,3.6909816003571905e-07,9.064170747308253e-09,369.09816003571905,9064.170747308253
2026-09-15 01:06:00,3.6356078680910286e-07,7.132459955982995e-09,363.56078680910286,7132.459955982995
2026-09-15 01:07:00,3.6439013229028205e-07,7.622373843219066e-09,364.39013229028205,7622.373843219066
2026-09-15 01:08:00,3.634141592101514e-07,9.395338729234481e-09,363.4141592101514,9395.338729234481
2026-09-15 01:09:00,3.6129873137724644e-07,1.111794212249606e-08,361.29873137724644,11117.94212249606
2026-09-15 01:10:00,3.5961599564870994e-07,1.2841323560053297e-08,359.61599564870994,12841.323560053297
2026-09-15 01:11:00,3.575950984213705e-07,1.173652108832357e-08,357.5950984213705,11736.52108832357
2026-09-15 01:12:00,3.5561569688979944e-07,9.40979472119352e-09,355.61569688979944,9409.79472119352
2026-09-15 01:13:00,3.531501988618402e-07,7.2439503284726925e-09,353.1501988618402,7243.9503284726925
2026-09-15 01:14:00,3.4965984241353e-07,9.63122115393844e-09,349.65984241353,9631.22115393844
2026-09-15 01:15:00,3.467402791557106e-07,7.655753364588236e-09,346.7402791557106,7655.753364588236
2026-09-15 01:16:00,3.4547807103990635e-07,7.528641710052852e-09,345.47807103990635,7528.641710052852
2026-09-15 01:17:00,3.4153458727814723e-07,8.351666025419036e-09,341.5345872781472,8351.666025419036
2026-09-15 01:18:00,3.402371646643587e-07,7.970328397277626e-09,340.2371646643587,7970.328397277626
2026-09-15 01:19:00,3.388057905340247e-07,7.781312483245983e-09,338.8057905340247,7781.3124832459835
2026-09-15 01:20:00,3.377949724381324e-07,1.0328492727751382e-08,337.7949724381324,10328.492727751382
2026-09-15 01:21:00,3.338547003295389e-07,8.35535463039605e-09,333.8547003295389,8355.35463039605
2026-09-15 01:22:00,3.3346373129461426e-07,1.0991995758047324e-08,333.46373129461426,10991.995758047324
2026-09-15 01:23:00,3.310343856810505e-07,9.176241988484435e-09,331.0343856810505,9176.241988484435
2026-09-15 01:24:00,3.2847569286786893e-07,9.143250601084674e-09,328.47569286786893,9143.250601084674
2026-09-15 01:25:00,3.2524735615879763e-07,9.822957558469625e-09,325.24735615879763,9822.957558469625
2026-09-15 01:26:00,3.2383965731241915e-07,1.0773676173414515e-08,323.83965731241915,10773.676173414515
2026-09-15 01:27:00,3.215895389985235e-07,7.531748558164963e-09,321.5895389985235,7531.7485581649635
2026-09-15 01:28:00,3.184763670560642e-07,9.05126640304843e-09,318.4763670560642,9051.26640304843
2026-09-15 01:29:00,3.1646266052121064e-07,9.713604143257726e-09,316.46266052121064,9713.604143257726
2026-09-15 01:30:00,3.135177166768699e-07,9.775703802006319e-09,313.5177166768699,9775.70380200632
2026-09-15 01:31:00,3.121674012618314e-07,8.939776918737152e-09,312.1674012618314,8939.776918737152
2026-09-15 01:32:00,3.107784891653864e-07,8.969078812981479e-09,310.7784891653864,8969.07881298148
2026-09-15 01:33:00,3.0943934348215407e-07,9.809471457344898e-09,309.4393434821541,9809.471457344898
2026-09-15 01:34:00,3.0400784112316614e-07,1.1171215952288094e-08,304.00784112316614,11171.215952288094
2026-09-15 01:35:00,3.0143874596433307e-07,9.083092500361545e-09,301.43874596433307,9083.092500361545
2026-09-15 01:36:00,2.9937029921711655e-07,1.022205164957768e-08,299.37029921711655,10222.05164957768
2026-09-15 01:37:00,2.995517718318297e-07,8.79820749588589e-09,299.5517718318297,8798.20749588589
2026-09-15 01:38:00,2.9713322646784945e-07,8.531856998672538e-09,297.13322646784945,8531.856998672538
2026-09-15 01:39:00,2.9434647785819834e-07,6.536883034868879e-09,294.34647785819834,6536.883034868879
2026-09-15 01:40:00,2.935644545232208e-07,7.567265036811932e-09,293.5644545232208,7567.265036811932
2026-09-15 01:41:00,2.93107177640195e-07,8.79820749588589e-09,293.107177640195,8798.20749588589
2026-09-15 01:42:00,2.894486215154757e-07,8.072023049976451e-09,289.4486215154757,8072.023049976451
2026-09-15 01:43:00,2.889466372835159e-07,1.0553220519682327e-08,288.9466372835159,10553.220519682327
2026-09-15 01:44:00,2.8710701371892355e-07,1.0191196331277297e-08,287.10701371892355,10191.196331277297
2026-09-15 01:45:00,2.8452726041905407e-07,1.1709937020043526e-08,284.5272604190541,11709.937020043526
2026-09-15 01:46:00,2.8392466333571065e-07,1.1013831624495651e-08,283.92466333571065,11013.831624495651
2026-09-15 01:47:00,2.830278731380531e-07,1.0303268460631898e-08,283.0278731380531,10303.268460631898
2026-09-15 01:48:00,2.810941452935367e-07,1.0364979985411082e-08,281.0941452935367,10364.979985411082
2026-09-15 01:49:00,2.7832118121295935e-07,1.0681691975378271e-08,278.32118121295935,10681.691975378271
2026-09-15 01:50:00,2.776733083464933e-07,9.985780202725891e-09,277.6733083464933,9985.780202725891
2026-09-15 01:51:00,2.775045118141861e-07,9.418145374695541e-09,277.5045118141861,9418.145374695541
2026-09-15 01:52:00,2.786996446957346e-07,1.0716819431877411e-08,278.6996446957346,10716.819431877411
2026-09-15 01:53:00,2.778464249786339e-07,1.0573697473148513e-08,277.8464249786339,10573.697473148513
2026-09-15 01:54:00,2.762656095001148e-07,1.1126291887819661e-08,276.2656095001148,11126.291887819661
2026-09-15 01:55:00,2.7484577458380954e-07,1.0984917864220733e-08,274.84577458380954,10984.917864220733
2026-09-15 01:56:00,2.756533206138556e-07,8.375830695683817e-09,275.6533206138556,8375.830695683817
2026-09-15 01:57:00,2.7583499218053475e-07,9.988887050838002e-09,275.83499218053475,9988.887050838002
2026-09-15 01:58:00,2.754370029833808e-07,1.1712655734186228e-08,275.4370029833808,11712.655734186228
2026-09-15 01:59:00,2.7625441134659923e-07,1.2075457078708496e-08,276.2544113465992,12075.457078708496
2026-09-15 02:00:00,2.7737834784602455e-07,1.2943987215408015e-08,277.37834784602455,12943.987215408015
2026-09-15 02:01:00,2.7413270231591014e-07,1.2569642215964905e-08,274.13270231591014,12569.642215964905
2026-09-15 02:02:00,2.725032288708462e-07,1.2407207705678047e-08,272.5032288708462,12407.207705678047
2026-09-15 02:03:00,2.720163649883034e-07,1.1839768276900031e-08,272.0163649883034,11839.768276900031
2026-09-15 02:04:00,2.7208568553760415e-07,1.1477160555273258e-08,272.08568553760415,11477.160555273258
2026-09-15 02:05:00,2.7122072765450866e-07,1.2583128317089631e-08,271.22072765450866,12583.128317089631
2026-09-15 02:06:00,2.693564908895496e-07,1.0890603086011197e-08,269.3564908895496,10890.603086011197
2026-09-15 02:07:00,2.6859720492211636e-07,1.290158735400837e-08,268.59720492211636,12901.58735400837
2026-09-15 02:08:00,2.687214930574555e-07,1.2410509064864073e-08,268.7214930574555,12410.509064864073
2026-09-15 02:09:00,2.7071001795775373e-07,1.2552272998789249e-08,270.71001795775373,12552.272998789249
2026-09-15 02:10:00,2.6959594379150076e-07,1.1761270179988514e-08,269.59594379150076,11761.270179988514
2026-09-15 02:11:00,2.7357464205124415e-07,1.2568476925878258e-08,273.57464205124415,12568.476925878258
2026-09-15 02:12:00,2.7459739726509724e-07,1.3517253094619264e-08,274.59739726509724,13517.253094619264
2026-09-15 02:13:00,2.7683822168000916e-07,1.2997067422304553e-08,276.83822168000916,12997.067422304553
2026-09-15 02:14:00,2.78918776075443e-07,1.1210421924090497e-08,278.918776075443,11210.421924090497
2026-09-15 02:15:00,2.8305473165346484e-07,1.3312614122185096e-08,283.05473165346484,13312.614122185096
2026-09-15 02:16:00,2.895675379477325e-07,1.3217716698932236e-08,289.5675379477325,13217.716698932236
2026-09-15 02:17:00,2.945557469047344e-07,1.294728768641562e-08,294.5557469047344,12947.28768641562
2026-09-15 02:18:00,3.005013695656089e-07,1.3407123411468547e-08,300.5013695656089,13407.123411468547
2026-09-15 02:19:00,3.018760992290481e-07,1.3612149629693704e-08,301.8760992290481,13612.149629693704
2026-09-15 02:20:00,3.020251710950106e-07,1.2806884441829425e-08,302.0251710950106,12806.884441829425
2026-09-15 02:21:00,3.015951506313286e-07,1.3125149855852669e-08,301.5951506313286,13125.14985585267
2026-09-15 02:22:00,3.026497381597437e-07,1.3280787136693561e-08,302.6497381597437,13280.787136693561
2026-09-15 02:23:00,2.9896861519773665e-07,1.2807855220842157e-08,298.96861519773665,12807.855220842157
2026-09-15 02:24:00,2.973529547034559e-07,1.2711210750637747e-08,297.3529547034559,12711.210750637747
2026-09-15 02:25:00,2.959226890197897e-07,1.2317748598889011e-08,295.9226890197897,12317.748598889011
2026-09-15 02:26:00,2.9618561825373035e-07,1.1449412085084987e-08,296.18561825373035,11449.412085084987
2026-09-15 02:27:00,2.9637882903443824e-07,1.2350934497362687e-08,296.37882903443824,12350.934497362687
2026-09-15 02:28:00,2.946144661564176e-07,1.0339561207217685e-08,294.6144661564176,10339.561207217685
2026-09-15 02:29:00,2.945579922197794e-07,1.1336368288539234e-08,294.5579922197794,11336.368288539234
2026-09-15 02:30:00,2.953653677195689e-07,1.1969405022682622e-08,295.3653677195689,11969.405022682622
2026-09-15 02:31:00,2.943223194051825e-07,1.1102232910786825e-08,294.3223194051825,11102.232910786825
2026-09-15 02:32:00,2.973773689518566e-07,9.628804420458437e-09,297.3773689518566,9628.804420458437
2026-09-15 02:33:00,3.1812166412237275e-07,8.111617155748263e-09,318.12166412237275,8111.617155748263
2026-09-15 02:34:00,3.3280653610745503e-07,8.459378086911329e-09,332.80653610745503,8459.378086911329
2026-09-15 02:35:00,3.3197829907294363e-07,7.780836419613024e-09,331.9782990729436,7780.836419613024
2026-09-15 02:36:00,3.2644018688188225e-07,8.568732390301648e-09,326.44018688188225,8568.732390301648
2026-09-15 02:37:00,3.2166866503757774e-07,1.3236833851237861e-08,321.66866503757774,13236.833851237861
2026-09-15 02:38:00,3.1840713177189173e-07,1.3316498126414444e-08,318.4071317718917,13316.498126414444
2026-09-15 02:39:00,3.1359627428173553e-07,1.2917985792171294e-08,313.59627428173553,12917.985792171294
2026-09-15 02:40:00,3.240095338696847e-07,1.3584207536609938e-08,324.0095338696847,13584.207536609938
2026-09-15 02:41:00,3.285326783952769e-07,1.4738206211006855e-08,328.5326783952769,14738.206211006855
2026-09-15 02:42:00,3.265087400450284e-07,1.3598663528568977e-08,326.5087400450284,13598.663528568977
2026-09-15 02:43:00,3.2271489658342034e-07,1.3110888374967544e-08,322.71489658342034,13110.888374967544
2026-09-15 02:44:00,3.1646183629163716e-07,1.2207618027559874e-08,316.46183629163716,12207.618027559874
2026-09-15 02:45:00,3.1505149422628165e-07,1.6413750358879042e-08,315.05149422628165,16413.750358879042
2026-09-15 02:46:00,3.1412042744705104e-07,1.3884132954444794e-08,314.12042744705104,13884.132954444794
2026-09-15 02:47:00,3.120974554349232e-07,1.272974525790005e-08,312.0974554349232,12729.74525790005
2026-09-15 02:48:00,3.0850461030240695e-07,1.2254095516084362e-08,308.50461030240695,12254.095516084362
2026-09-15 02:49:00,3.04630475511658e-07,1.1923703802096952e-08,304.630475511658,11923.703802096952
2026-09-15 02:50:00,3.0156027719385747e-07,1.2001424742891231e-08,301.5602771938575,12001.424742891231
2026-09-15 02:51:00,2.984582749832043e-07,1.1749337502919843e-08,298.4582749832043,11749.337502919843
2026-09-15 02:52:00,2.9709471505157126e-07,1.1702277369352032e-08,297.09471505157126,11702.277369352032
2026-09-15 02:53:00,2.9498082199097553e-07,9.662183941827607e-09,294.9808219909755,9662.183941827607
2026-09-15 02:54:00,2.9263918577271397e-07,9.013527701995372e-09,292.639185772714,9013.527701995372
2026-09-15 02:55:00,2.910242642428784e-07,9.99315918903676e-09,291.0242642428784,9993.15918903676
2026-09-15 02:56:00,2.90149074544388e-07,1.234976920727604e-08,290.149074544388,12349.76920727604
2026-09-15 02:57:00,2.8772771543117415e-07,1.2554990824753531e-08,287.72771543117415,12554.990824753531
2026-09-15 02:58:00,2.854213221326063e-07,1.1701888347204203e-08,285.4213221326063,11701.888347204203
2026-09-15 02:59:00,2.8479655611590715e-07,1.2967571016986312e-08,284.79655611590715,12967.571016986312
2026-09-15 03:00:00,2.8281905883886793e-07,1.3774390517085067e-08,282.81905883886793,13774.390517085067
2026-09-15 03:01:00,2.8326309120529913e-07,1.2494056456091585e-08,283.26309120529913,12494.056456091585
2026-09-15 03:02:00,2.825106548698386e-07,1.0815211837211791e-08,282.5106548698386,10815.211837211791
2026-09-15 03:03:00,2.8159075782241416e-07,1.2128730908500529e-08,281.59075782241416,12128.730908500529
2026-09-15 03:04:00,2.825672993367334e-07,1.1621643203341137e-08,282.5672993367334,11621.643203341137
2026-09-15 03:05:00,2.820810038883792e-07,1.1703248148364764e-08,282.0810038883792,11703.248148364764
2026-09-15 03:06:00,2.808838246437517e-07,1.1999871318835176e-08,280.8838246437517,11999.871318835176
2026-09-15 03:07:00,2.8170404675620375e-07,1.091049739443406e-08,281.70404675620375,10910.49739443406
2026-09-15 03:08:00,2.8081655045752996e-07,1.0118718307694508e-08,280.81655045752996,10118.718307694508
2026-09-15 03:09:00,2.818059670062212e-07,8.506050086509731e-09,281.8059670062212,8506.050086509731
2026-09-15 03:10:00,2.8646721261793573e-07,9.740877437991458e-09,286.46721261793573,9740.877437991458
2026-09-15 03:11:00,2.95845381970139e-07,8.903785264635644e-09,295.845381970139,8903.785264635644
2026-09-15 03:12:00,3.0450431154349644e-07,9.028178205028325e-09,304.50431154349644,9028.178205028325
2026-09-15 03:13:00,3.073342895731912e-07,1.1321328763358451e-08,307.3342895731912,11321.328763358451
2026-09-15 03:14:00,3.0700314823661756e-07,1.2379459235489776e-08,307.00314823661756,12379.459235489776
2026-09-15 03:15:00,3.121421627838572e-07,1.3298351753121551e-08,312.1421627838572,13298.351753121551
2026-09-15 03:16:00,3.158683625770209e-07,1.4166298356599327e-08,315.8683625770209,14166.298356599327
2026-09-15 03:17:00,3.2619013268231356e-07,1.4657959290786948e-08,326.19013268231356,14657.959290786948
2026-09-15 03:18:00,3.374537698164204e-07,1.4357258493191694e-08,337.4537698164204,14357.258493191694
2026-09-15 03:19:00,3.392162568616186e-07,1.3329983339360751e-08,339.2162568616186,13329.983339360751
2026-09-15 03:20:00,3.335208873522788e-07,1.345554156984008e-08,333.5208873522788,13455.54156984008
2026-09-15 03:21:00,3.342695436003851e-07,1.2599914889221964e-08,334.2695436003851,12599.914889221964
2026-09-15 03:22:00,3.1520855259259406e-07,1.0970849118052683e-08,315.20855259259406,10970.849118052683
2026-09-15 03:23:00,3.093786915542296e-07,1.1367224495018036e-08,309.3786915542296,11367.224495018036
2026-09-15 03:24:00,3.026847821274714e-07,1.0071074640904953e-08,302.6847821274714,10071.074640904953
2026-09-15 03:25:00,3.0078456347837346e-07,9.499555808645255e-09,300.78456347837346,9499.555808645255
2026-09-15 03:26:00,2.964192447052483e-07,1.0036529829449137e-08,296.4192447052483,10036.529829449137
2026-09-15 03:27:00,2.9454420769070566e-07,8.945601592813546e-09,294.54420769070566,8945.601592813546
2026-09-15 03:28:00,2.9429224923660513e-07,7.393674561484431e-09,294.29224923660513,7393.674561484431
2026-09-15 03:29:00,2.937233887223556e-07,9.243584564444518e-09,293.7233887223556,9243.584564444518
2026-09-15 03:30:00,2.945857318081835e-07,1.0554773943738383e-08,294.5857318081835,10554.773943738383
2026-09-15 03:31:00,2.936991734259209e-07,1.1029259283645843e-08,293.6991734259209,11029.259283645843
2026-09-15 03:32:00,2.93723218192099e-07,1.1663265020445124e-08,293.723218192099,11663.265020445124
2026-09-15 03:33:00,2.949827830889262e-07,1.2293776663341305e-08,294.9827830889262,12293.776663341305
2026-09-15 03:34:00,2.9396039735729573e-07,1.1076513040109148e-08,293.96039735729573,11076.513040109148
2026-09-15 03:35:00,2.9464217732311226e-07,1.1740598715448414e-08,294.64217732311226,11740.598715448414
2026-09-15 03:36:00,2.9035470561211696e-07,1.1532463872754306e-08,290.35470561211696,11532.463872754306
2026-09-15 03:37:00,2.894789474794379e-07,1.1041580094683923e-08,289.4789474794379,11041.580094683923
2026-09-15 03:38:00,2.8842040933341195e-07,9.980342774440487e-09,288.42040933341195,9980.342774440487
2026-09-15 03:39:00,2.855335878848564e-07,8.304022358629481e-09,285.5335878848564,8304.022358629481
2026-09-15 03:40:00,2.841001673914434e-07,7.38532524025004e-09,284.1001673914434,7385.32524025004
2026-09-15 03:41:00,2.852371494554973e-07,7.338265106682229e-09,285.2371494554973,7338.265106682229
2026-09-15 03:42:00,2.8422519449122774e-07,9.01439189959774e-09,284.22519449122774,9014.39189959774
2026-09-15 03:43:00,2.8220031822456804e-07,7.63663710046103e-09,282.20031822456804,7636.63710046103
2026-09-15 03:44:00,2.7998206064694386e-07,7.413267777423016e-09,279.98206064694386,7413.267777423016
2026-09-15 03:45:00,2.7700414761966385e-07,8.140811580403806e-09,277.00414761966385,8140.811580403806
2026-09-15 03:46:00,2.758891355369997e-07,1.176154995619072e-08,275.8891355369997,11761.54995619072
2026-09-15 03:47:00,2.7445420869298687e-07,8.373975290965063e-09,274.45420869298687,8373.975290965063
2026-09-15 03:48:00,2.729542529777973e-07,8.263651984918852e-09,272.9542529777973,8263.651984918852
2026-09-15 03:49:00,2.715778464335017e-07,7.503309973344585e-09,271.5778464335017,7503.309973344585
2026-09-15 03:50:00,2.7103132538286445e-07,9.526808675275333e-09,271.03132538286445,9526.808675275333
2026-09-15 03:51:00,2.6882517545345763e-07,1.0427164909287967e-08,268.82517545345763,10427.164909287967
2026-09-15 03:52:00,2.698822356705932e-07,1.0284820106676307e-08,269.8822356705932,10284.820106676307
2026-09-15 03:53:00,2.687990843242005e-07,1.1261924726113648e-08,268.7990843242005,11261.924726113648
2026-09-15 03:54:00,2.6932156060865964e-07,1.1308985747859879e-08,269.32156060865964,11308.985747859879
2026-09-15 03:55:00,2.679593080756604e-07,1.0567373642800248e-08,267.9593080756604,10567.373642800248
2026-09-15 03:56:00,2.6768145744426874e-07,1.09417159777081e-08,267.68145744426874,10941.7159777081
2026-09-15 03:57:00,2.6727099111667485e-07,9.074047291335319e-09,267.27099111667485,9074.047291335319
2026-09-15 03:58:00,2.6702110744736274e-07,9.849234317016453e-09,267.02110744736274,9849.234317016453
2026-09-15 03:59:00,2.667833598479774e-07,8.616544810990945e-09,266.7833598479774,8616.544810990945
2026-09-15 04:00:00,2.6692700316743867e-07,7.742379182218428e-09,266.92700316743867,7742.3791822184285
2026-09-15 04:01:00,2.6671159503166564e-07,8.359792857959292e-09,266.71159503166564,8359.792857959292
2026-09-15 04:02:00,2.641635603595205e-07,7.614295860491893e-09,264.1635603595205,7614.295860491893
2026-09-15 04:03:00,2.6491315452403796e-07,9.21114562402181e-09,264.91315452403796,9211.14562402181
2026-09-15 04:04:00,2.649213399763539e-07,7.183370343000206e-09,264.9213399763539,7183.370343000206
2026-09-15 04:05:00,2.6394349106340087e-07,9.239082388035058e-09,263.94349106340087,9239.082388035058
2026-09-15 04:06:00,2.6357844262747676e-07,9.601493822231078e-09,263.57844262747676,9601.493822231078
2026-09-15 04:07:00,2.6303382583137136e-07,7.514731947821929e-09,263.03382583137136,7514.731947821929
2026-09-15 04:08:00,2.6189439950030646e-07,7.132226809147824e-09,261.89439950030646,7132.226809147824
2026-09-15 04:09:00,2.6378023676443263e-07,8.111857852100002e-09,263.78023676443263,8111.857852100002
2026-09-15 04:10:00,2.6231364813611435e-07,8.475240953487173e-09,262.31364813611435,8475.240953487173
2026-09-15 04:11:00,2.623812918045587e-07,8.31649504817733e-09,262.3812918045587,8316.49504817733
2026-09-15 04:12:00,2.6175558787144837e-07,7.398574641825917e-09,261.75558787144837,7398.574641825917
2026-09-15 04:13:00,2.6190184598817723e-07,8.456702005332772e-09,261.90184598817723,8456.702005332772
2026-09-15 04:14:00,2.643317600359296e-07,5.812873737909285e-09,264.3317600359296,5812.873737909285
2026-09-15 04:15:00,2.661497546796454e-07,6.618914305533963e-09,266.1497546796454,6618.914305533963
2026-09-15 04:16:00,2.6613744807946205e-07,7.645993171934151e-09,266.13744807946205,7645.993171934151
2026-09-15 04:17:00,2.683754303234309e-07,6.316269729467194e-09,268.3754303234309,6316.269729467194
2026-09-15 04:18:00,2.713624667194381e-07,7.168009297231492e-09,271.3624667194381,7168.009297231492
2026-09-15 04:19:00,2.7288402293379477e-07,7.862364981292558e-09,272.88402293379477,7862.364981292558
2026-09-15 04:20:00,2.7795456958301656e-07,7.626483444767018e-09,277.95456958301656,7626.483444767018
2026-09-15 04:21:00,2.6935884989143233e-07,7.955511804880189e-09,269.3588498914323,7955.511804880189
2026-09-15 04:22:00,1.4309212303942331e-07,6.8310090917123034e-09,143.0921230394233,6831.009091712303
2026-09-15 04:23:00,6.091715931688668e-08,5.045337481135448e-09,60.91715931688668,5045.337481135448
2026-09-15 04:24:00,1.8821912917132977e-08,6.942825869771241e-09,18.821912917132977,6942.825869771241
2026-09-15 04:25:00,0.0,0.0,0.0,0.0
2026-09-15 04:26:00,0.0,0.0,0.0,0.0
2026-09-15 04:27:00,0.0,0.0,0.0,0.0
2026-09-15 04:28:00,0.0,0.0,0.0,0.0
2026-09-15 04:29:00,0.0,0.0,0.0,0.0
2026-09-15 04:30:00,0.0,0.0,0.0,0.0
2026-09-15 04:31:00,0.0,0.0,0.0,0.0
2026-09-15 04:32:00,0.0,0.0,0.0,0.0
2026-09-15 04:33:00,0.0,0.0,0.0,0.0
2026-09-15 04:34:00,0.0,0.0,0.0,0.0
2026-09-15 04:35:00,0.0,0.0,0.0,0.0
2026-09-15 04:36:00,0.0,0.0,0.0,0.0
2026-09-15 04:37:00,0.0,0.0,0.0,0.0
2026-09-15 04:38:00,0.0,0.0,0.0,0.0
2026-09-15 04:39:00,0.0,0.0,0.0,0.0
2026-09-15 04:40:00,0.0,0.0,0.0,0.0
2026-09-15 04:41:00,0.0,0.0,0.0,0.0
2026-09-15 04:42:00,0.0,0.0,0.0,0.0
2026-09-15 04:43:00,0.0,0.0,0.0,0.0
2026-09-15 04:44:00,0.0,0.0,0.0,0.0
2026-09-15 04:45:00,0.0,0.0,0.0,0.0
2026-09-15 04:46:00,0.0,0.0,0.0,0.0
2026-09-15 04:47:00,0.0,0.0,0.0,0.0
2026-09-15 04:48:00,0.0,0.0,0.0,0.0
2026-09-15 04:49:00,0.0,0.0,0.0,0.0
2026-09-15 04:50:00,0.0,0.0,0.0,0.0
2026-09-15 04:51:00,0.0,0.0,0.0,0.0
2026-09-15 04:52:00,0.0,0.0,0.0,0.0
2026-09-15 04:53:00,0.0,0.0,0.0,0.0
2026-09-15 04:54:00,0.0,0.0,0.0,0.0
2026-09-15 04:55:00,0.0,0.0,0.0,0.0
2026-09-15 04:56:00,0.0,0.0,0.0,0.0
2026-09-15 04:57:00,0.0,0.0,0.0,0.0
2026-09-15 04:58:00,0.0,0.0,0.0,0.0
2026-09-15 04:59:00,0.0,0.0,0.0,0.0
2026-09-15 05:00:00,0.0,0.0,0.0,0.0
2026-09-15 05:01:00,0.0,0.0,0.0,0.0
2026-09-15 05:02:00,0.0,0.0,0.0,0.0
2026-09-15 05:03:00,0.0,0.0,0.0,0.0
2026-09-15 05:04:00,0.0,0.0,0.0,0.0
2026-09-15 05:05:00,0.0,0.0,0.0,0.0
2026-09-15 05:06:00,0.0,0.0,0.0,0.0
2026-09-15 05:07:00,0.0,0.0,0.0,0.0
2026-09-15 05:08:00,0.0,0.0,0.0,0.0
2026-09-15 05:09:00,0.0,0.0,0.0,0.0
2026-09-15 05:10:00,0.0,0.0,0.0,0.0
2026-09-15 05:11:00,0.0,0.0,0.0,0.0
2026-09-15 05:12:00,0.0,0.0,0.0,0.0
2026-09-15 05:13:00,0.0,0.0,0.0,0.0
2026-09-15 05:14:00,0.0,0.0,0.0,0.0
2026-09-15 05:15:00,0.0,0.0,0.0,0.0
2026-09-15 05:16:00,0.0,0.0,0.0,0.0
2026-09-15 05:17:00,0.0,0.0,0.0,0.0
2026-09-15 05:18:00,0.0,0.0,0.0,0.0
2026-09-15 05:19:00,0.0,0.0,0.0,0.0
2026-09-15 05:20:00,0.0,0.0,0.0,0.0
2026-09-15 05:21:00,0.0,0.0,0.0,0.0
2026-09-15 05:22:00,0.0,0.0,0.0,0.0
2026-09-15 05:23:00,0.0,0.0,0.0,0.0
2026-09-15 05:24:00,0.0,0.0,0.0,0.0
2026-09-15 05:25:00,0.0,0.0,0.0,0.0
2026-09-15 05:26:00,0.0,0.0,0.0,0.0
2026-09-15 05:27:00,1.714002806352255e-08,1.0505393888138315e-08,17.14002806352255,10505.393888138315
2026-09-15 05:28:00,7.249846589729714e-08,1.1526902099490144e-08,72.49846589729714,11526.902099490144
2026-09-15 05:29:00,1.5391120200547448e-07,1.205313981955669e-08,153.91120200547448,12053.13981955669
2026-09-15 05:30:00,2.2237415464587684e-07,1.2099008017685264e-08,222.37415464587684,12099.008017685264
2026-09-15 05:31:00,2.699747483347892e-07,1.1644105235575353e-08,269.9747483347892,11644.105235575353
2026-09-15 05:32:00,2.71881361868509e-07,1.176954889103854e-08,271.881361868509,11769.54889103854
2026-09-15 05:33:00,2.70713996997074e-07,1.0093501146002382e-08,270.713996997074,10093.501146002382
2026-09-15 05:34:00,2.7079389042228286e-07,1.1232582863840435e-08,270.79389042228286,11232.582863840435
2026-09-15 05:35:00,2.683052002794284e-07,1.1350278938948577e-08,268.3052002794284,11350.278938948577
2026-09-15 05:36:00,2.6808959319168935e-07,1.3082896543892275e-08,268.08959319168935,13082.896543892275
2026-09-15 05:37:00,2.6684153908718145e-07,7.672872115449536e-09,266.84153908718145,7672.872115449536
2026-09-15 05:38:00,2.654816171343555e-07,7.520299050156609e-09,265.4816171343555,7520.299050156609
2026-09-15 05:39:00,2.665723854988755e-07,7.898396603422952e-09,266.5723854988755,7898.3966034229525
2026-09-15 05:40:00,2.6528135776970885e-07,8.715315580332117e-09,265.28135776970885,8715.315580332117
2026-09-15 05:41:00,2.6527175123192137e-07,7.471508745027222e-09,265.27175123192137,7471.508745027222
2026-09-15 05:42:00,2.6558555532574246e-07,1.0270244210630608e-08,265.58555532574246,10270.244210630608
2026-09-15 05:43:00,2.6601310310070403e-07,1.2420444228666838e-08,266.01310310070403,12420.444228666838
2026-09-15 05:44:00,2.6643854766916775e-07,1.2575390506697204e-08,266.43854766916775,12575.390506697204
2026-09-15 05:45:00,2.686151105990575e-07,1.1179178471820705e-08,268.6151105990575,11179.178471820705
2026-09-15 05:46:00,2.6778559458762174e-07,1.139380678694124e-08,267.78559458762174,11393.80678694124
2026-09-15 05:47:00,2.6782419126902823e-07,1.0552215989889646e-08,267.82419126902823,10552.215989889646
2026-09-15 05:48:00,2.6799537522492756e-07,1.0703047337301541e-08,267.99537522492756,10703.047337301541
2026-09-15 05:49:00,2.6929484420179506e-07,8.862882872051614e-09,269.29484420179506,8862.882872051614
2026-09-15 05:50:00,2.6870878855334013e-07,8.591900524379525e-09,268.7087885533401,8591.900524379525
2026-09-15 05:51:00,2.6807427389030636e-07,8.238756343814657e-09,268.07427389030636,8238.756343814657
2026-09-15 05:52:00,2.6802050001606403e-07,8.977531607001765e-09,268.02050001606403,8977.531607001765
2026-09-15 05:53:00,2.673765777672088e-07,9.180029181266036e-09,267.3765777672088,9180.029181266036
2026-09-15 05:54:00,2.6746224079943204e-07,8.893712433177825e-09,267.46224079943204,8893.712433177825
2026-09-15 05:55:00,2.669558227808011e-07,1.1802048227593787e-08,266.9558227808011,11802.048227593787
2026-09-15 05:56:00,2.6721556878328556e-07,1.1250407716545396e-08,267.21556878328556,11250.407716545396
2026-09-15 05:57:00,2.6674638320400845e-07,1.150460970933409e-08,266.74638320400845,11504.60970933409
2026-09-15 05:58:00,2.6770840122480877e-07,1.2325852338790355e-08,267.70840122480877,12325.852338790355
2026-09-15 05:59:00,2.6854476686821727e-07,1.2276599292704304e-08,268.54476686821727,12276.599292704304
2026-09-15 06:00:00,2.6627719762473134e-07,1.2007950189740768e-08,266.27719762473134,12007.950189740768
2026-09-15 06:01:00,2.668553236162552e-07,1.3338418369812644e-08,266.8553236162552,13338.418369812644
2026-09-15 06:02:00,2.671460492820188e-07,1.1771170704832912e-08,267.1460492820188,11771.170704832912
2026-09-15 06:03:00,2.679708472896891e-07,1.0503764968916585e-08,267.9708472896891,10503.764968916585
2026-09-15 06:04:00,2.6808183406501485e-07,9.79305703197042e-09,268.08183406501485,9793.05703197042
2026-09-15 06:05:00,2.677606971701607e-07,1.1202082816907932e-08,267.7606971701607,11202.082816907932
2026-09-15 06:06:00,2.6993004098585516e-07,1.1755918905009821e-08,269.93004098585516,11755.918905009821
2026-09-15 06:07:00,2.696080514397181e-07,1.207265842850802e-08,269.6080514397181,12072.65842850802
2026-09-15 06:08:00,2.7099105182060157e-07,1.2783288205753252e-08,270.99105182060157,12783.288205753252
2026-09-15 06:09:00,2.707493536036054e-07,1.2420542816471425e-08,270.7493536036054,12420.542816471425
2026-09-15 06:10:00,2.711998092763679e-07,1.2087546075179034e-08,271.1998092763679,12087.546075179034
2026-09-15 06:11:00,2.7082091946795117e-07,1.1993007476007733e-08,270.82091946795117,11993.007476007733
2026-09-15 06:12:00,2.6905246386377257e-07,1.1105862895988139e-08,269.0524638637726,11105.862895988139
2026-09-15 06:13:00,2.6890336357610067e-07,1.1120465437386429e-08,268.9033635761007,11120.465437386429
2026-09-15 06:14:00,2.6947449782710464e-07,1.047042808011156e-08,269.47449782710464,10470.42808011156
2026-09-15 06:15:00,2.688650795334979e-07,8.158307807093479e-09,268.8650795334979,8158.307807093479
2026-09-15 06:16:00,2.681310320440389e-07,9.342389972744058e-09,268.1310320440389,9342.389972744058
2026-09-15 06:17:00,2.686254561012902e-07,9.988494475976495e-09,268.6254561012902,9988.494475976495
2026-09-15 06:18:00,2.6970155886374414e-07,1.2170446872517005e-08,269.70155886374414,12170.446872517005
2026-09-15 06:19:00,2.6862372237701493e-07,1.2624311374054287e-08,268.62372237701493,12624.311374054287
2026-09-15 06:20:00,2.681712487628829e-07,1.2777292113241856e-08,268.1712487628829,12777.292113241856
2026-09-15 06:21:00,2.6770905492412567e-07,1.4687733695950556e-08,267.70905492412567,14687.733695950556
2026-09-15 06:22:00,2.6748608661364415e-07,1.4652958846284037e-08,267.48608661364415,14652.958846284037
2026-09-15 06:23:00,2.6879556003223115e-07,1.2938057736278097e-08,268.79556003223115,12938.057736278097
2026-09-15 06:24:00,2.700839445424208e-07,1.280663219915823e-08,270.0839445424208,12806.63219915823
2026-09-15 06:25:00,2.704409496345761e-07,1.164861540559059e-08,270.4409496345761,11648.61540559059
2026-09-15 06:26:00,2.7125855694976053e-07,1.2556638395722075e-08,271.25855694976053,12556.638395722075
2026-09-15 06:27:00,2.6931576257993584e-07,1.047928410713439e-08,269.31576257993584,10479.28410713439
2026-09-15 06:28:00,2.6858870683099667e-07,8.495266712316152e-09,268.58870683099667,8495.266712316152
2026-09-15 06:29:00,2.6820259790838463e-07,8.361547898516619e-09,268.20259790838463,8361.54789851662
2026-09-15 06:30:00,2.695442731237563e-07,9.412755908044801e-09,269.5442731237563,9412.7559080448
2026-09-15 06:31:00,2.6901074079432874e-07,9.500979558652034e-09,269.01074079432874,9500.979558652034
2026-09-15 06:32:00,2.6892726623373164e-07,8.71403305069407e-09,268.92726623373164,8714.03305069407
2026-09-15 06:33:00,2.688484244117717e-07,8.817709229447246e-09,268.8484244117717,8817.709229447246
2026-09-15 06:34:00,2.670600451892824e-07,8.728269662583443e-09,267.0600451892824,8728.269662583443
2026-09-15 06:35:00,2.6713863121585746e-07,1.0949557704975632e-08,267.13863121585746,10949.557704975632
2026-09-15 06:36:00,2.672953200999473e-07,1.0622651203107125e-08,267.2953200999473,10622.651203107125
2026-09-15 06:37:00,2.680438626612158e-07,1.222581769155795e-08,268.0438626612158,12225.81769155795
2026-09-15 06:38:00,2.676203507689934e-07,1.014314410241468e-08,267.6203507689934,10143.14410241468
2026-09-15 06:39:00,2.683233617517544e-07,8.914950555549694e-09,268.3233617517544,8914.950555549694
2026-09-15 06:40:00,2.691384111130901e-07,9.140215695424558e-09,269.1384111130901,9140.215695424558
2026-09-15 06:41:00,2.6841846079150855e-07,9.413611223862972e-09,268.41846079150855,9413.611223862972
2026-09-15 06:42:00,2.6955282805829484e-07,6.428769072641671e-09,269.55282805829484,6428.769072641671
2026-09-15 06:43:00,2.6880806558438053e-07,1.00849764095301e-08,268.80806558438053,10084.9764095301
2026-09-15 06:44:00,2.672816208360018e-07,9.85339010384223e-09,267.2816208360018,9853.39010384223
2026-09-15 06:45:00,2.661726625774463e-07,9.934647771103755e-09,266.1726625774463,9934.647771103755
2026-09-15 06:46:00,2.670784624569933e-07,8.435543819018676e-09,267.0784624569933,8435.543819018676
2026-09-15 06:47:00,2.6644659101293655e-07,1.0335077682555038e-08,266.44659101293655,10335.077682555038
2026-09-15 06:48:00,2.673290850907506e-07,9.642106668650285e-09,267.3290850907506,9642.106668650285
2026-09-15 06:49:00,2.676879660157283e-07,8.980399535118977e-09,267.6879660157283,8980.399535118977
2026-09-15 06:50:00,2.665676106516912e-07,8.69777494472146e-09,266.5676106516912,8697.77494472146
2026-09-15 06:51:00,2.6856514523387887e-07,9.507757248172766e-09,268.56514523387887,9507.757248172766
2026-09-15 06:52:00,2.653179649314552e-07,8.244770199894447e-09,265.3179649314552,8244.770199894447
2026-09-15 06:53:00,2.6610550207806227e-07,9.888660557066942e-09,266.1055020780623,9888.660557066942
2026-09-15 06:54:00,2.661572011675162e-07,9.274325307728759e-09,266.1572011675162,9274.325307728759
2026-09-15 06:55:00,2.659452320585842e-07,8.531329420691236e-09,265.9452320585842,8531.329420691236
